Transaction_ID,Date,customer_type,sku,product_name,category,quantity,unit_price,line_total,tx_total
1,2024-01-01 17:26:02,Tourist,3,Smoky BBQ Sauce,Cowboy_Food,1,4.49,4.49,108.95
1,2024-01-01 17:26:02,Tourist,22,Flannel Shirt,Western_Apparel,1,29.99,29.99,108.95
1,2024-01-01 17:26:02,Tourist,7,Prairie Honey,Cowboy_Food,1,6.49,6.49,108.95
1,2024-01-01 17:26:02,Tourist,28,Leather Saddlebag,Leather_Goods,1,59.99,59.99,108.95
1,2024-01-01 17:26:02,Tourist,6,Campfire Coffee,Cowboy_Food,1,7.99,7.99,108.95
2,2024-01-01 16:30:14,Regular,1,Chuckwagon Beans,Cowboy_Food,1,2.99,2.99,260.4
2,2024-01-01 16:30:14,Regular,6,Campfire Coffee,Cowboy_Food,1,7.99,7.99,260.4
2,2024-01-01 16:30:14,Regular,4,Trail Beef Jerky,Cowboy_Food,1,5.99,5.99,260.4
2,2024-01-01 16:30:14,Regular,20,Cowboy Boots,Western_Apparel,2,89.99,179.98,260.4
2,2024-01-01 16:30:14,Regular,3,Smoky BBQ Sauce,Cowboy_Food,1,4.49,4.49,260.4
2,2024-01-01 16:30:14,Regular,14,Work Gloves,Ranch_Supplies,1,6.99,6.99,260.4
2,2024-01-01 16:30:14,Regular,17,Stock Tank Float,Ranch_Supplies,1,8.49,8.49,260.4
2,2024-01-01 16:30:14,Regular,5,Cornbread Mix,Cowboy_Food,1,3.49,3.49,260.4
2,2024-01-01 16:30:14,Regular,24,Denim Vest,Western_Apparel,1,39.99,39.99,260.4
3,2024-01-01 10:46:49,Regular,14,Work Gloves,Ranch_Supplies,1,6.99,6.99,184.45
3,2024-01-01 10:46:49,Regular,20,Cowboy Boots,Western_Apparel,1,89.99,89.99,184.45
3,2024-01-01 10:46:49,Regular,29,Leather Wallet,Leather_Goods,1,24.99,24.99,184.45
3,2024-01-01 10:46:49,Regular,8,Hardtack Biscuits,Cowboy_Food,1,2.49,2.49,184.45
3,2024-01-01 10:46:49,Regular,28,Leather Saddlebag,Leather_Goods,1,59.99,59.99,184.45
4,2024-01-01 18:31:03,Regular,12,Horse Feed Sack,Ranch_Supplies,1,19.99,19.99,53.47
4,2024-01-01 18:31:03,Regular,29,Leather Wallet,Leather_Goods,1,24.99,24.99,53.47
4,2024-01-01 18:31:03,Regular,17,Stock Tank Float,Ranch_Supplies,1,8.49,8.49,53.47
5,2024-01-01 16:51:51,Bulk,3,Smoky BBQ Sauce,Cowboy_Food,1,4.49,4.49,64.47
5,2024-01-01 16:51:51,Bulk,24,Denim Vest,Western_Apparel,1,39.99,39.99,64.47
5,2024-01-01 16:51:51,Bulk,23,Leather Belt,Western_Apparel,1,19.99,19.99,64.47
6,2024-01-01 16:59:16,Regular,18,Branding Iron,Ranch_Supplies,1,24.99,24.99,39.98
6,2024-01-01 16:59:16,Regular,11,Lasso Rope,Ranch_Supplies,1,14.99,14.99,39.98
7,2024-01-01 11:04:55,Casual,6,Campfire Coffee,Cowboy_Food,1,7.99,7.99,77.97
7,2024-01-01 11:04:55,Casual,22,Flannel Shirt,Western_Apparel,1,29.99,29.99,77.97
7,2024-01-01 11:04:55,Casual,24,Denim Vest,Western_Apparel,1,39.99,39.99,77.97
8,2024-01-01 14:54:17,Casual,4,Trail Beef Jerky,Cowboy_Food,2,5.99,11.98,125.92
8,2024-01-01 14:54:17,Casual,3,Smoky BBQ Sauce,Cowboy_Food,1,4.49,4.49,125.92
8,2024-01-01 14:54:17,Casual,1,Chuckwagon Beans,Cowboy_Food,1,2.99,2.99,125.92
8,2024-01-01 14:54:17,Casual,2,Campfire Chili,Cowboy_Food,2,3.99,7.98,125.92
8,2024-01-01 14:54:17,Casual,17,Stock Tank Float,Ranch_Supplies,1,8.49,8.49,125.92
8,2024-01-01 14:54:17,Casual,20,Cowboy Boots,Western_Apparel,1,89.99,89.99,125.92
9,2024-01-01 13:42:26,Casual,5,Cornbread Mix,Cowboy_Food,1,3.49,3.49,23.96
9,2024-01-01 13:42:26,Casual,6,Campfire Coffee,Cowboy_Food,1,7.99,7.99,23.96
9,2024-01-01 13:42:26,Casual,7,Prairie Honey,Cowboy_Food,1,6.49,6.49,23.96
9,2024-01-01 13:42:26,Casual,16,Hay Bale Twine,Ranch_Supplies,1,5.99,5.99,23.96
10,2024-01-01 17:57:39,Regular,28,Leather Saddlebag,Leather_Goods,1,59.99,59.99,109.95
10,2024-01-01 17:57:39,Regular,3,Smoky BBQ Sauce,Cowboy_Food,1,4.49,4.49,109.95
10,2024-01-01 17:57:39,Regular,25,Riding Spurs,Rodeo_Gear,1,22.99,22.99,109.95
10,2024-01-01 17:57:39,Regular,27,Bull Rope Rosin,Rodeo_Gear,1,7.49,7.49,109.95
10,2024-01-01 17:57:39,Regular,30,Leather Journal,Leather_Goods,1,14.99,14.99,109.95
11,2024-01-01 16:13:07,Bulk,19,Cowboy Hat,Western_Apparel,1,34.99,34.99,95.42
11,2024-01-01 16:13:07,Bulk,7,Prairie Honey,Cowboy_Food,1,6.49,6.49,95.42
11,2024-01-01 16:13:07,Bulk,4,Trail Beef Jerky,Cowboy_Food,1,5.99,5.99,95.42
11,2024-01-01 16:13:07,Bulk,14,Work Gloves,Ranch_Supplies,1,6.99,6.99,95.42
11,2024-01-01 16:13:07,Bulk,11,Lasso Rope,Ranch_Supplies,1,14.99,14.99,95.42
11,2024-01-01 16:13:07,Bulk,6,Campfire Coffee,Cowboy_Food,1,7.99,7.99,95.42
11,2024-01-01 16:13:07,Bulk,10,Smoked Sausage Links,Cowboy_Food,2,8.99,17.98,95.42
12,2024-01-01 17:12:33,Bulk,21,Red Bandana,Western_Apparel,2,4.99,9.98,277.37
12,2024-01-01 17:12:33,Bulk,5,Cornbread Mix,Cowboy_Food,1,3.49,3.49,277.37
12,2024-01-01 17:12:33,Bulk,20,Cowboy Boots,Western_Apparel,1,89.99,89.99,277.37
12,2024-01-01 17:12:33,Bulk,25,Riding Spurs,Rodeo_Gear,1,22.99,22.99,277.37
12,2024-01-01 17:12:33,Bulk,4,Trail Beef Jerky,Cowboy_Food,2,5.99,11.98,277.37
12,2024-01-01 17:12:33,Bulk,18,Branding Iron,Ranch_Supplies,1,24.99,24.99,277.37
12,2024-01-01 17:12:33,Bulk,3,Smoky BBQ Sauce,Cowboy_Food,2,4.49,8.98,277.37
12,2024-01-01 17:12:33,Bulk,28,Leather Saddlebag,Leather_Goods,1,59.99,59.99,277.37
12,2024-01-01 17:12:33,Bulk,29,Leather Wallet,Leather_Goods,1,24.99,24.99,277.37
12,2024-01-01 17:12:33,Bulk,23,Leather Belt,Western_Apparel,1,19.99,19.99,277.37
13,2024-01-01 14:50:30,Bulk,3,Smoky BBQ Sauce,Cowboy_Food,4,4.49,17.96,225.85
13,2024-01-01 14:50:30,Bulk,18,Branding Iron,Ranch_Supplies,2,24.99,49.98,225.85
13,2024-01-01 14:50:30,Bulk,4,Trail Beef Jerky,Cowboy_Food,1,5.99,5.99,225.85
13,2024-01-01 14:50:30,Bulk,16,Hay Bale Twine,Ranch_Supplies,2,5.99,11.98,225.85
13,2024-01-01 14:50:30,Bulk,13,Saddle Oil,Ranch_Supplies,1,9.99,9.99,225.85
13,2024-01-01 14:50:30,Bulk,15,Fence Wire (50ft),Ranch_Supplies,1,12.99,12.99,225.85
13,2024-01-01 14:50:30,Bulk,22,Flannel Shirt,Western_Apparel,1,29.99,29.99,225.85
13,2024-01-01 14:50:30,Bulk,23,Leather Belt,Western_Apparel,1,19.99,19.99,225.85
13,2024-01-01 14:50:30,Bulk,14,Work Gloves,Ranch_Supplies,1,6.99,6.99,225.85
13,2024-01-01 14:50:30,Bulk,28,Leather Saddlebag,Leather_Goods,1,59.99,59.99,225.85
14,2024-01-01 11:53:47,Regular,9,Dried Apple Slices,Cowboy_Food,1,4.99,4.99,116.93
14,2024-01-01 11:53:47,Regular,4,Trail Beef Jerky,Cowboy_Food,2,5.99,11.98,116.93
14,2024-01-01 11:53:47,Regular,28,Leather Saddlebag,Leather_Goods,1,59.99,59.99,116.93
14,2024-01-01 11:53:47,Regular,12,Horse Feed Sack,Ranch_Supplies,1,19.99,19.99,116.93
14,2024-01-01 11:53:47,Regular,11,Lasso Rope,Ranch_Supplies,1,14.99,14.99,116.93
14,2024-01-01 11:53:47,Regular,21,Red Bandana,Western_Apparel,1,4.99,4.99,116.93
15,2024-01-01 15:42:59,Regular,29,Leather Wallet,Leather_Goods,1,24.99,24.99,91.95
15,2024-01-01 15:42:59,Regular,3,Smoky BBQ Sauce,Cowboy_Food,2,4.49,8.98,91.95
15,2024-01-01 15:42:59,Regular,25,Riding Spurs,Rodeo_Gear,1,22.99,22.99,91.95
15,2024-01-01 15:42:59,Regular,19,Cowboy Hat,Western_Apparel,1,34.99,34.99,91.95
16,2024-01-01 10:26:39,Regular,8,Hardtack Biscuits,Cowboy_Food,1,2.49,2.49,120.94
16,2024-01-01 10:26:39,Regular,28,Leather Saddlebag,Leather_Goods,1,59.99,59.99,120.94
16,2024-01-01 10:26:39,Regular,23,Leather Belt,Western_Apparel,1,19.99,19.99,120.94
16,2024-01-01 10:26:39,Regular,3,Smoky BBQ Sauce,Cowboy_Food,1,4.49,4.49,120.94
16,2024-01-01 10:26:39,Regular,30,Leather Journal,Leather_Goods,1,14.99,14.99,120.94
16,2024-01-01 10:26:39,Regular,26,Rodeo Rope,Rodeo_Gear,1,18.99,18.99,120.94
17,2024-01-01 17:14:24,Regular,19,Cowboy Hat,Western_Apparel,1,34.99,34.99,46.97
17,2024-01-01 17:14:24,Regular,3,Smoky BBQ Sauce,Cowboy_Food,1,4.49,4.49,46.97
17,2024-01-01 17:14:24,Regular,27,Bull Rope Rosin,Rodeo_Gear,1,7.49,7.49,46.97
18,2024-01-01 16:09:24,Regular,1,Chuckwagon Beans,Cowboy_Food,1,2.99,2.99,82.94
18,2024-01-01 16:09:24,Regular,2,Campfire Chili,Cowboy_Food,1,3.99,3.99,82.94
18,2024-01-01 16:09:24,Regular,18,Branding Iron,Ranch_Supplies,1,24.99,24.99,82.94
18,2024-01-01 16:09:24,Regular,23,Leather Belt,Western_Apparel,1,19.99,19.99,82.94
18,2024-01-01 16:09:24,Regular,6,Campfire Coffee,Cowboy_Food,1,7.99,7.99,82.94
18,2024-01-01 16:09:24,Regular,25,Riding Spurs,Rodeo_Gear,1,22.99,22.99,82.94
19,2024-01-01 16:50:25,Regular,5,Cornbread Mix,Cowboy_Food,1,3.49,3.49,79.95
19,2024-01-01 16:50:25,Regular,3,Smoky BBQ Sauce,Cowboy_Food,1,4.49,4.49,79.95
19,2024-01-01 16:50:25,Regular,14,Work Gloves,Ranch_Supplies,1,6.99,6.99,79.95
19,2024-01-01 16:50:25,Regular,22,Flannel Shirt,Western_Apparel,1,29.99,29.99,79.95
19,2024-01-01 16:50:25,Regular,19,Cowboy Hat,Western_Apparel,1,34.99,34.99,79.95
20,2024-01-01 13:23:48,Regular,7,Prairie Honey,Cowboy_Food,1,6.49,6.49,11.48
20,2024-01-01 13:23:48,Regular,21,Red Bandana,Western_Apparel,1,4.99,4.99,11.48
21,2024-01-01 18:27:19,Bulk,3,Smoky BBQ Sauce,Cowboy_Food,2,4.49,8.98,334.3
21,2024-01-01 18:27:19,Bulk,5,Cornbread Mix,Cowboy_Food,1,3.49,3.49,334.3
21,2024-01-01 18:27:19,Bulk,30,Leather Journal,Leather_Goods,1,14.99,14.99,334.3
21,2024-01-01 18:27:19,Bulk,13,Saddle Oil,Ranch_Supplies,2,9.99,19.98,334.3
21,2024-01-01 18:27:19,Bulk,23,Leather Belt,Western_Apparel,1,19.99,19.99,334.3
21,2024-01-01 18:27:19,Bulk,19,Cowboy Hat,Western_Apparel,2,34.99,69.98,334.3
21,2024-01-01 18:27:19,Bulk,16,Hay Bale Twine,Ranch_Supplies,1,5.99,5.99,334.3
21,2024-01-01 18:27:19,Bulk,4,Trail Beef Jerky,Cowboy_Food,3,5.99,17.97,334.3
21,2024-01-01 18:27:19,Bulk,29,Leather Wallet,Leather_Goods,2,24.99,49.98,334.3
21,2024-01-01 18:27:19,Bulk,8,Hardtack Biscuits,Cowboy_Food,1,2.49,2.49,334.3
21,2024-01-01 18:27:19,Bulk,17,Stock Tank Float,Ranch_Supplies,1,8.49,8.49,334.3
21,2024-01-01 18:27:19,Bulk,20,Cowboy Boots,Western_Apparel,1,89.99,89.99,334.3
21,2024-01-01 18:27:19,Bulk,14,Work Gloves,Ranch_Supplies,1,6.99,6.99,334.3
21,2024-01-01 18:27:19,Bulk,11,Lasso Rope,Ranch_Supplies,1,14.99,14.99,334.3
22,2024-01-01 17:41:10,Regular,17,Stock Tank Float,Ranch_Supplies,1,8.49,8.49,54.44
22,2024-01-01 17:41:10,Regular,9,Dried Apple Slices,Cowboy_Food,1,4.99,4.99,54.44
22,2024-01-01 17:41:10,Regular,1,Chuckwagon Beans,Cowboy_Food,1,2.99,2.99,54.44
22,2024-01-01 17:41:10,Regular,12,Horse Feed Sack,Ranch_Supplies,1,19.99,19.99,54.44
22,2024-01-01 17:41:10,Regular,13,Saddle Oil,Ranch_Supplies,1,9.99,9.99,54.44
22,2024-01-01 17:41:10,Regular,6,Campfire Coffee,Cowboy_Food,1,7.99,7.99,54.44
23,2024-01-01 16:57:20,Tourist,23,Leather Belt,Western_Apparel,1,19.99,19.99,80.96
23,2024-01-01 16:57:20,Tourist,16,Hay Bale Twine,Ranch_Supplies,1,5.99,5.99,80.96
23,2024-01-01 16:57:20,Tourist,12,Horse Feed Sack,Ranch_Supplies,1,19.99,19.99,80.96
23,2024-01-01 16:57:20,Tourist,19,Cowboy Hat,Western_Apparel,1,34.99,34.99,80.96
24,2024-01-01 11:37:01,Bulk,15,Fence Wire (50ft),Ranch_Supplies,1,12.99,12.99,257.8
24,2024-01-01 11:37:01,Bulk,23,Leather Belt,Western_Apparel,1,19.99,19.99,257.8
24,2024-01-01 11:37:01,Bulk,9,Dried Apple Slices,Cowboy_Food,3,4.99,14.97,257.8
24,2024-01-01 11:37:01,Bulk,25,Riding Spurs,Rodeo_Gear,3,22.99,68.97,257.8
24,2024-01-01 11:37:01,Bulk,14,Work Gloves,Ranch_Supplies,1,6.99,6.99,257.8
24,2024-01-01 11:37:01,Bulk,3,Smoky BBQ Sauce,Cowboy_Food,1,4.49,4.49,257.8
24,2024-01-01 11:37:01,Bulk,2,Campfire Chili,Cowboy_Food,2,3.99,7.98,257.8
24,2024-01-01 11:37:01,Bulk,8,Hardtack Biscuits,Cowboy_Food,1,2.49,2.49,257.8
24,2024-01-01 11:37:01,Bulk,4,Trail Beef Jerky,Cowboy_Food,2,5.99,11.98,257.8
24,2024-01-01 11:37:01,Bulk,22,Flannel Shirt,Western_Apparel,1,29.99,29.99,257.8
24,2024-01-01 11:37:01,Bulk,1,Chuckwagon Beans,Cowboy_Food,1,2.99,2.99,257.8
24,2024-01-01 11:37:01,Bulk,24,Denim Vest,Western_Apparel,1,39.99,39.99,257.8
24,2024-01-01 11:37:01,Bulk,10,Smoked Sausage Links,Cowboy_Food,1,8.99,8.99,257.8
24,2024-01-01 11:37:01,Bulk,18,Branding Iron,Ranch_Supplies,1,24.99,24.99,257.8
25,2024-01-01 15:03:06,Regular,20,Cowboy Boots,Western_Apparel,1,89.99,89.99,144.96
25,2024-01-01 15:03:06,Regular,21,Red Bandana,Western_Apparel,1,4.99,4.99,144.96
25,2024-01-01 15:03:06,Regular,11,Lasso Rope,Ranch_Supplies,1,14.99,14.99,144.96
25,2024-01-01 15:03:06,Regular,19,Cowboy Hat,Western_Apparel,1,34.99,34.99,144.96
26,2024-01-01 10:11:05,Bulk,13,Saddle Oil,Ranch_Supplies,2,9.99,19.98,105.91
26,2024-01-01 10:11:05,Bulk,11,Lasso Rope,Ranch_Supplies,1,14.99,14.99,105.91
26,2024-01-01 10:11:05,Bulk,2,Campfire Chili,Cowboy_Food,1,3.99,3.99,105.91
26,2024-01-01 10:11:05,Bulk,22,Flannel Shirt,Western_Apparel,1,29.99,29.99,105.91
26,2024-01-01 10:11:05,Bulk,12,Horse Feed Sack,Ranch_Supplies,1,19.99,19.99,105.91
26,2024-01-01 10:11:05,Bulk,4,Trail Beef Jerky,Cowboy_Food,1,5.99,5.99,105.91
26,2024-01-01 10:11:05,Bulk,5,Cornbread Mix,Cowboy_Food,1,3.49,3.49,105.91
26,2024-01-01 10:11:05,Bulk,27,Bull Rope Rosin,Rodeo_Gear,1,7.49,7.49,105.91
27,2024-01-01 11:17:46,Regular,6,Campfire Coffee,Cowboy_Food,1,7.99,7.99,190.95
27,2024-01-01 11:17:46,Regular,25,Riding Spurs,Rodeo_Gear,1,22.99,22.99,190.95
27,2024-01-01 11:17:46,Regular,19,Cowboy Hat,Western_Apparel,2,34.99,69.98,190.95
27,2024-01-01 11:17:46,Regular,20,Cowboy Boots,Western_Apparel,1,89.99,89.99,190.95
28,2024-01-01 16:26:43,Tourist,25,Riding Spurs,Rodeo_Gear,1,22.99,22.99,59.97
28,2024-01-01 16:26:43,Tourist,14,Work Gloves,Ranch_Supplies,1,6.99,6.99,59.97
28,2024-01-01 16:26:43,Tourist,22,Flannel Shirt,Western_Apparel,1,29.99,29.99,59.97
29,2024-01-01 16:46:41,Regular,5,Cornbread Mix,Cowboy_Food,1,3.49,3.49,205.88
29,2024-01-01 16:46:41,Regular,1,Chuckwagon Beans,Cowboy_Food,2,2.99,5.98,205.88
29,2024-01-01 16:46:41,Regular,28,Leather Saddlebag,Leather_Goods,1,59.99,59.99,205.88
29,2024-01-01 16:46:41,Regular,13,Saddle Oil,Ranch_Supplies,1,9.99,9.99,205.88
29,2024-01-01 16:46:41,Regular,9,Dried Apple Slices,Cowboy_Food,1,4.99,4.99,205.88
29,2024-01-01 16:46:41,Regular,18,Branding Iron,Ranch_Supplies,1,24.99,24.99,205.88
29,2024-01-01 16:46:41,Regular,7,Prairie Honey,Cowboy_Food,1,6.49,6.49,205.88
29,2024-01-01 16:46:41,Regular,21,Red Bandana,Western_Apparel,1,4.99,4.99,205.88
29,2024-01-01 16:46:41,Regular,19,Cowboy Hat,Western_Apparel,2,34.99,69.98,205.88
29,2024-01-01 16:46:41,Regular,30,Leather Journal,Leather_Goods,1,14.99,14.99,205.88
30,2024-01-01 18:24:27,Casual,16,Hay Bale Twine,Ranch_Supplies,1,5.99,5.99,127.42
30,2024-01-01 18:24:27,Casual,19,Cowboy Hat,Western_Apparel,1,34.99,34.99,127.42
30,2024-01-01 18:24:27,Casual,29,Leather Wallet,Leather_Goods,1,24.99,24.99,127.42
30,2024-01-01 18:24:27,Casual,30,Leather Journal,Leather_Goods,1,14.99,14.99,127.42
30,2024-01-01 18:24:27,Casual,8,Hardtack Biscuits,Cowboy_Food,1,2.49,2.49,127.42
30,2024-01-01 18:24:27,Casual,21,Red Bandana,Western_Apparel,1,4.99,4.99,127.42
30,2024-01-01 18:24:27,Casual,22,Flannel Shirt,Western_Apparel,1,29.99,29.99,127.42
30,2024-01-01 18:24:27,Casual,10,Smoked Sausage Links,Cowboy_Food,1,8.99,8.99,127.42
31,2024-01-01 12:54:43,Regular,30,Leather Journal,Leather_Goods,1,14.99,14.99,54.46
31,2024-01-01 12:54:43,Regular,11,Lasso Rope,Ranch_Supplies,1,14.99,14.99,54.46
31,2024-01-01 12:54:43,Regular,23,Leather Belt,Western_Apparel,1,19.99,19.99,54.46
31,2024-01-01 12:54:43,Regular,3,Smoky BBQ Sauce,Cowboy_Food,1,4.49,4.49,54.46
32,2024-01-01 13:42:09,Regular,10,Smoked Sausage Links,Cowboy_Food,1,8.99,8.99,17.47
32,2024-01-01 13:42:09,Regular,2,Campfire Chili,Cowboy_Food,1,3.99,3.99,17.47
32,2024-01-01 13:42:09,Regular,3,Smoky BBQ Sauce,Cowboy_Food,1,4.49,4.49,17.47
33,2024-01-01 15:05:54,Regular,6,Campfire Coffee,Cowboy_Food,1,7.99,7.99,75.95
33,2024-01-01 15:05:54,Regular,19,Cowboy Hat,Western_Apparel,1,34.99,34.99,75.95
33,2024-01-01 15:05:54,Regular,25,Riding Spurs,Rodeo_Gear,1,22.99,22.99,75.95
33,2024-01-01 15:05:54,Regular,1,Chuckwagon Beans,Cowboy_Food,1,2.99,2.99,75.95
33,2024-01-01 15:05:54,Regular,14,Work Gloves,Ranch_Supplies,1,6.99,6.99,75.95
34,2024-01-01 11:34:30,Tourist,25,Riding Spurs,Rodeo_Gear,2,22.99,45.98,57.46
34,2024-01-01 11:34:30,Tourist,10,Smoked Sausage Links,Cowboy_Food,1,8.99,8.99,57.46
34,2024-01-01 11:34:30,Tourist,8,Hardtack Biscuits,Cowboy_Food,1,2.49,2.49,57.46
35,2024-01-01 11:05:56,Bulk,3,Smoky BBQ Sauce,Cowboy_Food,1,4.49,4.49,18.47
35,2024-01-01 11:05:56,Bulk,10,Smoked Sausage Links,Cowboy_Food,1,8.99,8.99,18.47
35,2024-01-01 11:05:56,Bulk,21,Red Bandana,Western_Apparel,1,4.99,4.99,18.47
36,2024-01-01 15:08:09,Regular,11,Lasso Rope,Ranch_Supplies,1,14.99,14.99,104.43
36,2024-01-01 15:08:09,Regular,28,Leather Saddlebag,Leather_Goods,1,59.99,59.99,104.43
36,2024-01-01 15:08:09,Regular,14,Work Gloves,Ranch_Supplies,1,6.99,6.99,104.43
36,2024-01-01 15:08:09,Regular,4,Trail Beef Jerky,Cowboy_Food,1,5.99,5.99,104.43
36,2024-01-01 15:08:09,Regular,10,Smoked Sausage Links,Cowboy_Food,1,8.99,8.99,104.43
36,2024-01-01 15:08:09,Regular,2,Campfire Chili,Cowboy_Food,1,3.99,3.99,104.43
36,2024-01-01 15:08:09,Regular,5,Cornbread Mix,Cowboy_Food,1,3.49,3.49,104.43
37,2024-01-01 11:52:29,Regular,27,Bull Rope Rosin,Rodeo_Gear,2,7.49,14.98,79.43
37,2024-01-01 11:52:29,Regular,6,Campfire Coffee,Cowboy_Food,1,7.99,7.99,79.43
37,2024-01-01 11:52:29,Regular,9,Dried Apple Slices,Cowboy_Food,1,4.99,4.99,79.43
37,2024-01-01 11:52:29,Regular,15,Fence Wire (50ft),Ranch_Supplies,1,12.99,12.99,79.43
37,2024-01-01 11:52:29,Regular,22,Flannel Shirt,Western_Apparel,1,29.99,29.99,79.43
37,2024-01-01 11:52:29,Regular,17,Stock Tank Float,Ranch_Supplies,1,8.49,8.49,79.43
38,2024-01-01 16:21:41,Regular,26,Rodeo Rope,Rodeo_Gear,1,18.99,18.99,27.47
38,2024-01-01 16:21:41,Regular,8,Hardtack Biscuits,Cowboy_Food,1,2.49,2.49,27.47
38,2024-01-01 16:21:41,Regular,16,Hay Bale Twine,Ranch_Supplies,1,5.99,5.99,27.47
39,2024-01-01 14:46:29,Bulk,29,Leather Wallet,Leather_Goods,1,24.99,24.99,189.85
39,2024-01-01 14:46:29,Bulk,3,Smoky BBQ Sauce,Cowboy_Food,2,4.49,8.98,189.85
39,2024-01-01 14:46:29,Bulk,1,Chuckwagon Beans,Cowboy_Food,1,2.99,2.99,189.85
39,2024-01-01 14:46:29,Bulk,6,Campfire Coffee,Cowboy_Food,1,7.99,7.99,189.85
39,2024-01-01 14:46:29,Bulk,2,Campfire Chili,Cowboy_Food,3,3.99,11.97,189.85
39,2024-01-01 14:46:29,Bulk,13,Saddle Oil,Ranch_Supplies,1,9.99,9.99,189.85
39,2024-01-01 14:46:29,Bulk,14,Work Gloves,Ranch_Supplies,1,6.99,6.99,189.85
39,2024-01-01 14:46:29,Bulk,9,Dried Apple Slices,Cowboy_Food,1,4.99,4.99,189.85
39,2024-01-01 14:46:29,Bulk,11,Lasso Rope,Ranch_Supplies,1,14.99,14.99,189.85
39,2024-01-01 14:46:29,Bulk,20,Cowboy Boots,Western_Apparel,1,89.99,89.99,189.85
39,2024-01-01 14:46:29,Bulk,5,Cornbread Mix,Cowboy_Food,1,3.49,3.49,189.85
39,2024-01-01 14:46:29,Bulk,8,Hardtack Biscuits,Cowboy_Food,1,2.49,2.49,189.85
40,2024-01-01 17:16:26,Regular,3,Smoky BBQ Sauce,Cowboy_Food,1,4.49,4.49,4.49
41,2024-01-01 16:31:09,Regular,12,Horse Feed Sack,Ranch_Supplies,1,19.99,19.99,62.97
41,2024-01-01 16:31:09,Regular,23,Leather Belt,Western_Apparel,1,19.99,19.99,62.97
41,2024-01-01 16:31:09,Regular,25,Riding Spurs,Rodeo_Gear,1,22.99,22.99,62.97
42,2024-01-01 12:43:22,Casual,20,Cowboy Boots,Western_Apparel,1,89.99,89.99,97.98
42,2024-01-01 12:43:22,Casual,6,Campfire Coffee,Cowboy_Food,1,7.99,7.99,97.98
43,2024-01-01 17:16:14,Casual,13,Saddle Oil,Ranch_Supplies,1,9.99,9.99,9.99
44,2024-01-01 17:06:18,Regular,28,Leather Saddlebag,Leather_Goods,1,59.99,59.99,62.98
44,2024-01-01 17:06:18,Regular,1,Chuckwagon Beans,Cowboy_Food,1,2.99,2.99,62.98
45,2024-01-01 14:02:41,Bulk,6,Campfire Coffee,Cowboy_Food,1,7.99,7.99,112.42
45,2024-01-01 14:02:41,Bulk,16,Hay Bale Twine,Ranch_Supplies,1,5.99,5.99,112.42
45,2024-01-01 14:02:41,Bulk,17,Stock Tank Float,Ranch_Supplies,1,8.49,8.49,112.42
45,2024-01-01 14:02:41,Bulk,25,Riding Spurs,Rodeo_Gear,2,22.99,45.98,112.42
45,2024-01-01 14:02:41,Bulk,1,Chuckwagon Beans,Cowboy_Food,1,2.99,2.99,112.42
45,2024-01-01 14:02:41,Bulk,19,Cowboy Hat,Western_Apparel,1,34.99,34.99,112.42
45,2024-01-01 14:02:41,Bulk,4,Trail Beef Jerky,Cowboy_Food,1,5.99,5.99,112.42
46,2024-01-01 12:27:37,Regular,30,Leather Journal,Leather_Goods,1,14.99,14.99,68.96
46,2024-01-01 12:27:37,Regular,10,Smoked Sausage Links,Cowboy_Food,1,8.99,8.99,68.96
46,2024-01-01 12:27:37,Regular,24,Denim Vest,Western_Apparel,1,39.99,39.99,68.96
46,2024-01-01 12:27:37,Regular,9,Dried Apple Slices,Cowboy_Food,1,4.99,4.99,68.96
47,2024-01-01 16:26:36,Bulk,9,Dried Apple Slices,Cowboy_Food,1,4.99,4.99,69.91
47,2024-01-01 16:26:36,Bulk,2,Campfire Chili,Cowboy_Food,1,3.99,3.99,69.91
47,2024-01-01 16:26:36,Bulk,1,Chuckwagon Beans,Cowboy_Food,2,2.99,5.98,69.91
47,2024-01-01 16:26:36,Bulk,10,Smoked Sausage Links,Cowboy_Food,1,8.99,8.99,69.91
47,2024-01-01 16:26:36,Bulk,4,Trail Beef Jerky,Cowboy_Food,1,5.99,5.99,69.91
47,2024-01-01 16:26:36,Bulk,21,Red Bandana,Western_Apparel,2,4.99,9.98,69.91
47,2024-01-01 16:26:36,Bulk,22,Flannel Shirt,Western_Apparel,1,29.99,29.99,69.91
48,2024-01-01 11:10:21,Regular,30,Leather Journal,Leather_Goods,2,14.99,29.98,48.94
48,2024-01-01 11:10:21,Regular,1,Chuckwagon Beans,Cowboy_Food,2,2.99,5.98,48.94
48,2024-01-01 11:10:21,Regular,17,Stock Tank Float,Ranch_Supplies,1,8.49,8.49,48.94
48,2024-01-01 11:10:21,Regular,3,Smoky BBQ Sauce,Cowboy_Food,1,4.49,4.49,48.94
49,2024-01-01 11:39:57,Bulk,17,Stock Tank Float,Ranch_Supplies,1,8.49,8.49,182.91
49,2024-01-01 11:39:57,Bulk,6,Campfire Coffee,Cowboy_Food,1,7.99,7.99,182.91
49,2024-01-01 11:39:57,Bulk,26,Rodeo Rope,Rodeo_Gear,1,18.99,18.99,182.91
49,2024-01-01 11:39:57,Bulk,7,Prairie Honey,Cowboy_Food,1,6.49,6.49,182.91
49,2024-01-01 11:39:57,Bulk,18,Branding Iron,Ranch_Supplies,1,24.99,24.99,182.91
49,2024-01-01 11:39:57,Bulk,16,Hay Bale Twine,Ranch_Supplies,1,5.99,5.99,182.91
49,2024-01-01 11:39:57,Bulk,11,Lasso Rope,Ranch_Supplies,1,14.99,14.99,182.91
49,2024-01-01 11:39:57,Bulk,20,Cowboy Boots,Western_Apparel,1,89.99,89.99,182.91
49,2024-01-01 11:39:57,Bulk,21,Red Bandana,Western_Apparel,1,4.99,4.99,182.91
50,2024-01-01 09:22:05,Casual,23,Leather Belt,Western_Apparel,1,19.99,19.99,52.46
50,2024-01-01 09:22:05,Casual,15,Fence Wire (50ft),Ranch_Supplies,1,12.99,12.99,52.46
50,2024-01-01 09:22:05,Casual,11,Lasso Rope,Ranch_Supplies,1,14.99,14.99,52.46
50,2024-01-01 09:22:05,Casual,3,Smoky BBQ Sauce,Cowboy_Food,1,4.49,4.49,52.46
51,2024-01-01 17:00:20,Casual,5,Cornbread Mix,Cowboy_Food,2,3.49,6.98,89.96
51,2024-01-01 17:00:20,Casual,25,Riding Spurs,Rodeo_Gear,1,22.99,22.99,89.96
51,2024-01-01 17:00:20,Casual,28,Leather Saddlebag,Leather_Goods,1,59.99,59.99,89.96
52,2024-01-01 16:20:07,Regular,14,Work Gloves,Ranch_Supplies,1,6.99,6.99,36.98
52,2024-01-01 16:20:07,Regular,22,Flannel Shirt,Western_Apparel,1,29.99,29.99,36.98
53,2024-01-01 16:33:20,Tourist,30,Leather Journal,Leather_Goods,1,14.99,14.99,92.93
53,2024-01-01 16:33:20,Tourist,10,Smoked Sausage Links,Cowboy_Food,1,8.99,8.99,92.93
53,2024-01-01 16:33:20,Tourist,21,Red Bandana,Western_Apparel,1,4.99,4.99,92.93
53,2024-01-01 16:33:20,Tourist,26,Rodeo Rope,Rodeo_Gear,1,18.99,18.99,92.93
53,2024-01-01 16:33:20,Tourist,11,Lasso Rope,Ranch_Supplies,1,14.99,14.99,92.93
53,2024-01-01 16:33:20,Tourist,9,Dried Apple Slices,Cowboy_Food,1,4.99,4.99,92.93
53,2024-01-01 16:33:20,Tourist,18,Branding Iron,Ranch_Supplies,1,24.99,24.99,92.93
54,2024-01-01 16:58:57,Regular,4,Trail Beef Jerky,Cowboy_Food,1,5.99,5.99,168.43
54,2024-01-01 16:58:57,Regular,20,Cowboy Boots,Western_Apparel,1,89.99,89.99,168.43
54,2024-01-01 16:58:57,Regular,9,Dried Apple Slices,Cowboy_Food,1,4.99,4.99,168.43
54,2024-01-01 16:58:57,Regular,29,Leather Wallet,Leather_Goods,1,24.99,24.99,168.43
54,2024-01-01 16:58:57,Regular,6,Campfire Coffee,Cowboy_Food,1,7.99,7.99,168.43
54,2024-01-01 16:58:57,Regular,3,Smoky BBQ Sauce,Cowboy_Food,1,4.49,4.49,168.43
54,2024-01-01 16:58:57,Regular,22,Flannel Shirt,Western_Apparel,1,29.99,29.99,168.43
55,2024-01-01 14:59:21,Regular,13,Saddle Oil,Ranch_Supplies,1,9.99,9.99,20.47
55,2024-01-01 14:59:21,Regular,7,Prairie Honey,Cowboy_Food,1,6.49,6.49,20.47
55,2024-01-01 14:59:21,Regular,2,Campfire Chili,Cowboy_Food,1,3.99,3.99,20.47
56,2024-01-01 15:47:54,Bulk,8,Hardtack Biscuits,Cowboy_Food,1,2.49,2.49,58.96
56,2024-01-01 15:47:54,Bulk,22,Flannel Shirt,Western_Apparel,1,29.99,29.99,58.96
56,2024-01-01 15:47:54,Bulk,26,Rodeo Rope,Rodeo_Gear,1,18.99,18.99,58.96
56,2024-01-01 15:47:54,Bulk,27,Bull Rope Rosin,Rodeo_Gear,1,7.49,7.49,58.96
57,2024-01-01 11:10:29,Regular,16,Hay Bale Twine,Ranch_Supplies,1,5.99,5.99,68.46
57,2024-01-01 11:10:29,Regular,3,Smoky BBQ Sauce,Cowboy_Food,1,4.49,4.49,68.46
57,2024-01-01 11:10:29,Regular,25,Riding Spurs,Rodeo_Gear,1,22.99,22.99,68.46
57,2024-01-01 11:10:29,Regular,19,Cowboy Hat,Western_Apparel,1,34.99,34.99,68.46
58,2024-01-01 10:57:41,Casual,25,Riding Spurs,Rodeo_Gear,1,22.99,22.99,31.48
58,2024-01-01 10:57:41,Casual,17,Stock Tank Float,Ranch_Supplies,1,8.49,8.49,31.48
59,2024-01-01 16:21:27,Casual,22,Flannel Shirt,Western_Apparel,2,29.99,59.98,59.98
60,2024-01-01 15:06:15,Regular,13,Saddle Oil,Ranch_Supplies,1,9.99,9.99,82.93
60,2024-01-01 15:06:15,Regular,6,Campfire Coffee,Cowboy_Food,1,7.99,7.99,82.93
60,2024-01-01 15:06:15,Regular,21,Red Bandana,Western_Apparel,1,4.99,4.99,82.93
60,2024-01-01 15:06:15,Regular,25,Riding Spurs,Rodeo_Gear,1,22.99,22.99,82.93
60,2024-01-01 15:06:15,Regular,26,Rodeo Rope,Rodeo_Gear,1,18.99,18.99,82.93
60,2024-01-01 15:06:15,Regular,9,Dried Apple Slices,Cowboy_Food,1,4.99,4.99,82.93
60,2024-01-01 15:06:15,Regular,15,Fence Wire (50ft),Ranch_Supplies,1,12.99,12.99,82.93
61,2024-01-01 15:46:45,Tourist,4,Trail Beef Jerky,Cowboy_Food,2,5.99,11.98,89.41
61,2024-01-01 15:46:45,Tourist,3,Smoky BBQ Sauce,Cowboy_Food,1,4.49,4.49,89.41
61,2024-01-01 15:46:45,Tourist,29,Leather Wallet,Leather_Goods,2,24.99,49.98,89.41
61,2024-01-01 15:46:45,Tourist,14,Work Gloves,Ranch_Supplies,1,6.99,6.99,89.41
61,2024-01-01 15:46:45,Tourist,16,Hay Bale Twine,Ranch_Supplies,1,5.99,5.99,89.41
61,2024-01-01 15:46:45,Tourist,5,Cornbread Mix,Cowboy_Food,1,3.49,3.49,89.41
61,2024-01-01 15:46:45,Tourist,7,Prairie Honey,Cowboy_Food,1,6.49,6.49,89.41
62,2024-01-01 16:52:58,Regular,22,Flannel Shirt,Western_Apparel,1,29.99,29.99,182.91
62,2024-01-01 16:52:58,Regular,13,Saddle Oil,Ranch_Supplies,1,9.99,9.99,182.91
62,2024-01-01 16:52:58,Regular,4,Trail Beef Jerky,Cowboy_Food,1,5.99,5.99,182.91
62,2024-01-01 16:52:58,Regular,28,Leather Saddlebag,Leather_Goods,1,59.99,59.99,182.91
62,2024-01-01 16:52:58,Regular,10,Smoked Sausage Links,Cowboy_Food,2,8.99,17.98,182.91
62,2024-01-01 16:52:58,Regular,2,Campfire Chili,Cowboy_Food,1,3.99,3.99,182.91
62,2024-01-01 16:52:58,Regular,23,Leather Belt,Western_Apparel,1,19.99,19.99,182.91
62,2024-01-01 16:52:58,Regular,19,Cowboy Hat,Western_Apparel,1,34.99,34.99,182.91
63,2024-01-01 16:10:15,Bulk,30,Leather Journal,Leather_Goods,1,14.99,14.99,37.45
63,2024-01-01 16:10:15,Bulk,8,Hardtack Biscuits,Cowboy_Food,1,2.49,2.49,37.45
63,2024-01-01 16:10:15,Bulk,2,Campfire Chili,Cowboy_Food,1,3.99,3.99,37.45
63,2024-01-01 16:10:15,Bulk,13,Saddle Oil,Ranch_Supplies,1,9.99,9.99,37.45
63,2024-01-01 16:10:15,Bulk,4,Trail Beef Jerky,Cowboy_Food,1,5.99,5.99,37.45
64,2024-01-01 15:42:46,Regular,19,Cowboy Hat,Western_Apparel,1,34.99,34.99,103.95
64,2024-01-01 15:42:46,Regular,18,Branding Iron,Ranch_Supplies,1,24.99,24.99,103.95
64,2024-01-01 15:42:46,Regular,13,Saddle Oil,Ranch_Supplies,1,9.99,9.99,103.95
64,2024-01-01 15:42:46,Regular,29,Leather Wallet,Leather_Goods,1,24.99,24.99,103.95
64,2024-01-01 15:42:46,Regular,10,Smoked Sausage Links,Cowboy_Food,1,8.99,8.99,103.95
65,2024-01-01 15:44:15,Tourist,13,Saddle Oil,Ranch_Supplies,1,9.99,9.99,17.48
65,2024-01-01 15:44:15,Tourist,27,Bull Rope Rosin,Rodeo_Gear,1,7.49,7.49,17.48
66,2024-01-01 12:37:43,Regular,16,Hay Bale Twine,Ranch_Supplies,1,5.99,5.99,45.45
66,2024-01-01 12:37:43,Regular,21,Red Bandana,Western_Apparel,1,4.99,4.99,45.45
66,2024-01-01 12:37:43,Regular,14,Work Gloves,Ranch_Supplies,1,6.99,6.99,45.45
66,2024-01-01 12:37:43,Regular,27,Bull Rope Rosin,Rodeo_Gear,1,7.49,7.49,45.45
66,2024-01-01 12:37:43,Regular,12,Horse Feed Sack,Ranch_Supplies,1,19.99,19.99,45.45
67,2024-01-01 09:58:47,Regular,3,Smoky BBQ Sauce,Cowboy_Food,1,4.49,4.49,129.47
67,2024-01-01 09:58:47,Regular,20,Cowboy Boots,Western_Apparel,1,89.99,89.99,129.47
67,2024-01-01 09:58:47,Regular,19,Cowboy Hat,Western_Apparel,1,34.99,34.99,129.47
68,2024-01-01 14:45:26,Regular,7,Prairie Honey,Cowboy_Food,1,6.49,6.49,128.93
68,2024-01-01 14:45:26,Regular,4,Trail Beef Jerky,Cowboy_Food,1,5.99,5.99,128.93
68,2024-01-01 14:45:26,Regular,8,Hardtack Biscuits,Cowboy_Food,1,2.49,2.49,128.93
68,2024-01-01 14:45:26,Regular,20,Cowboy Boots,Western_Apparel,1,89.99,89.99,128.93
68,2024-01-01 14:45:26,Regular,27,Bull Rope Rosin,Rodeo_Gear,1,7.49,7.49,128.93
68,2024-01-01 14:45:26,Regular,5,Cornbread Mix,Cowboy_Food,1,3.49,3.49,128.93
68,2024-01-01 14:45:26,Regular,15,Fence Wire (50ft),Ranch_Supplies,1,12.99,12.99,128.93
69,2024-01-01 11:46:44,Tourist,9,Dried Apple Slices,Cowboy_Food,1,4.99,4.99,4.99
70,2024-01-01 14:23:16,Casual,11,Lasso Rope,Ranch_Supplies,1,14.99,14.99,33.98
70,2024-01-01 14:23:16,Casual,26,Rodeo Rope,Rodeo_Gear,1,18.99,18.99,33.98
71,2024-01-01 17:24:04,Casual,6,Campfire Coffee,Cowboy_Food,1,7.99,7.99,225.93
71,2024-01-01 17:24:04,Casual,28,Leather Saddlebag,Leather_Goods,2,59.99,119.98,225.93
71,2024-01-01 17:24:04,Casual,25,Riding Spurs,Rodeo_Gear,1,22.99,22.99,225.93
71,2024-01-01 17:24:04,Casual,30,Leather Journal,Leather_Goods,1,14.99,14.99,225.93
71,2024-01-01 17:24:04,Casual,22,Flannel Shirt,Western_Apparel,2,29.99,59.98,225.93
72,2024-01-02 14:58:05,Regular,11,Lasso Rope,Ranch_Supplies,1,14.99,14.99,34.46
72,2024-01-02 14:58:05,Regular,17,Stock Tank Float,Ranch_Supplies,1,8.49,8.49,34.46
72,2024-01-02 14:58:05,Regular,4,Trail Beef Jerky,Cowboy_Food,1,5.99,5.99,34.46
72,2024-01-02 14:58:05,Regular,9,Dried Apple Slices,Cowboy_Food,1,4.99,4.99,34.46
73,2024-01-02 11:59:05,Regular,9,Dried Apple Slices,Cowboy_Food,2,4.99,9.98,94.91
73,2024-01-02 11:59:05,Regular,13,Saddle Oil,Ranch_Supplies,2,9.99,19.98,94.91
73,2024-01-02 11:59:05,Regular,16,Hay Bale Twine,Ranch_Supplies,2,5.99,11.98,94.91
73,2024-01-02 11:59:05,Regular,19,Cowboy Hat,Western_Apparel,1,34.99,34.99,94.91
73,2024-01-02 11:59:05,Regular,10,Smoked Sausage Links,Cowboy_Food,2,8.99,17.98,94.91
74,2024-01-02 16:13:02,Bulk,6,Campfire Coffee,Cowboy_Food,1,7.99,7.99,535.8
74,2024-01-02 16:13:02,Bulk,16,Hay Bale Twine,Ranch_Supplies,2,5.99,11.98,535.8
74,2024-01-02 16:13:02,Bulk,22,Flannel Shirt,Western_Apparel,2,29.99,59.98,535.8
74,2024-01-02 16:13:02,Bulk,7,Prairie Honey,Cowboy_Food,1,6.49,6.49,535.8
74,2024-01-02 16:13:02,Bulk,24,Denim Vest,Western_Apparel,1,39.99,39.99,535.8
74,2024-01-02 16:13:02,Bulk,28,Leather Saddlebag,Leather_Goods,2,59.99,119.98,535.8
74,2024-01-02 16:13:02,Bulk,18,Branding Iron,Ranch_Supplies,1,24.99,24.99,535.8
74,2024-01-02 16:13:02,Bulk,20,Cowboy Boots,Western_Apparel,2,89.99,179.98,535.8
74,2024-01-02 16:13:02,Bulk,2,Campfire Chili,Cowboy_Food,1,3.99,3.99,535.8
74,2024-01-02 16:13:02,Bulk,29,Leather Wallet,Leather_Goods,1,24.99,24.99,535.8
74,2024-01-02 16:13:02,Bulk,11,Lasso Rope,Ranch_Supplies,1,14.99,14.99,535.8
74,2024-01-02 16:13:02,Bulk,17,Stock Tank Float,Ranch_Supplies,1,8.49,8.49,535.8
74,2024-01-02 16:13:02,Bulk,1,Chuckwagon Beans,Cowboy_Food,3,2.99,8.97,535.8
74,2024-01-02 16:13:02,Bulk,25,Riding Spurs,Rodeo_Gear,1,22.99,22.99,535.8
75,2024-01-02 12:27:20,Regular,23,Leather Belt,Western_Apparel,1,19.99,19.99,19.99
76,2024-01-02 12:09:39,Casual,16,Hay Bale Twine,Ranch_Supplies,1,5.99,5.99,5.99
77,2024-01-02 15:53:44,Bulk,16,Hay Bale Twine,Ranch_Supplies,1,5.99,5.99,169.37
77,2024-01-02 15:53:44,Bulk,30,Leather Journal,Leather_Goods,1,14.99,14.99,169.37
77,2024-01-02 15:53:44,Bulk,18,Branding Iron,Ranch_Supplies,1,24.99,24.99,169.37
77,2024-01-02 15:53:44,Bulk,12,Horse Feed Sack,Ranch_Supplies,2,19.99,39.98,169.37
77,2024-01-02 15:53:44,Bulk,10,Smoked Sausage Links,Cowboy_Food,1,8.99,8.99,169.37
77,2024-01-02 15:53:44,Bulk,3,Smoky BBQ Sauce,Cowboy_Food,1,4.49,4.49,169.37
77,2024-01-02 15:53:44,Bulk,23,Leather Belt,Western_Apparel,1,19.99,19.99,169.37
77,2024-01-02 15:53:44,Bulk,25,Riding Spurs,Rodeo_Gear,1,22.99,22.99,169.37
77,2024-01-02 15:53:44,Bulk,8,Hardtack Biscuits,Cowboy_Food,2,2.49,4.98,169.37
77,2024-01-02 15:53:44,Bulk,26,Rodeo Rope,Rodeo_Gear,1,18.99,18.99,169.37
77,2024-01-02 15:53:44,Bulk,1,Chuckwagon Beans,Cowboy_Food,1,2.99,2.99,169.37
78,2024-01-02 14:25:49,Bulk,4,Trail Beef Jerky,Cowboy_Food,1,5.99,5.99,121.91
78,2024-01-02 14:25:49,Bulk,5,Cornbread Mix,Cowboy_Food,1,3.49,3.49,121.91
78,2024-01-02 14:25:49,Bulk,10,Smoked Sausage Links,Cowboy_Food,1,8.99,8.99,121.91
78,2024-01-02 14:25:49,Bulk,3,Smoky BBQ Sauce,Cowboy_Food,1,4.49,4.49,121.91
78,2024-01-02 14:25:49,Bulk,29,Leather Wallet,Leather_Goods,1,24.99,24.99,121.91
78,2024-01-02 14:25:49,Bulk,11,Lasso Rope,Ranch_Supplies,1,14.99,14.99,121.91
78,2024-01-02 14:25:49,Bulk,24,Denim Vest,Western_Apparel,1,39.99,39.99,121.91
78,2024-01-02 14:25:49,Bulk,30,Leather Journal,Leather_Goods,1,14.99,14.99,121.91
78,2024-01-02 14:25:49,Bulk,2,Campfire Chili,Cowboy_Food,1,3.99,3.99,121.91
79,2024-01-02 11:48:20,Casual,15,Fence Wire (50ft),Ranch_Supplies,1,12.99,12.99,55.96
79,2024-01-02 11:48:20,Casual,30,Leather Journal,Leather_Goods,1,14.99,14.99,55.96
79,2024-01-02 11:48:20,Casual,29,Leather Wallet,Leather_Goods,1,24.99,24.99,55.96
79,2024-01-02 11:48:20,Casual,1,Chuckwagon Beans,Cowboy_Food,1,2.99,2.99,55.96
80,2024-01-02 17:10:10,Casual,28,Leather Saddlebag,Leather_Goods,1,59.99,59.99,82.98
80,2024-01-02 17:10:10,Casual,25,Riding Spurs,Rodeo_Gear,1,22.99,22.99,82.98
81,2024-01-02 17:27:01,Regular,2,Campfire Chili,Cowboy_Food,1,3.99,3.99,64.94
81,2024-01-02 17:27:01,Regular,29,Leather Wallet,Leather_Goods,2,24.99,49.98,64.94
81,2024-01-02 17:27:01,Regular,9,Dried Apple Slices,Cowboy_Food,1,4.99,4.99,64.94
81,2024-01-02 17:27:01,Regular,5,Cornbread Mix,Cowboy_Food,1,3.49,3.49,64.94
81,2024-01-02 17:27:01,Regular,8,Hardtack Biscuits,Cowboy_Food,1,2.49,2.49,64.94
82,2024-01-02 11:24:08,Regular,10,Smoked Sausage Links,Cowboy_Food,1,8.99,8.99,249.85
82,2024-01-02 11:24:08,Regular,11,Lasso Rope,Ranch_Supplies,1,14.99,14.99,249.85
82,2024-01-02 11:24:08,Regular,3,Smoky BBQ Sauce,Cowboy_Food,1,4.49,4.49,249.85
82,2024-01-02 11:24:08,Regular,2,Campfire Chili,Cowboy_Food,1,3.99,3.99,249.85
82,2024-01-02 11:24:08,Regular,23,Leather Belt,Western_Apparel,1,19.99,19.99,249.85
82,2024-01-02 11:24:08,Regular,13,Saddle Oil,Ranch_Supplies,1,9.99,9.99,249.85
82,2024-01-02 11:24:08,Regular,28,Leather Saddlebag,Leather_Goods,2,59.99,119.98,249.85
82,2024-01-02 11:24:08,Regular,18,Branding Iron,Ranch_Supplies,1,24.99,24.99,249.85
82,2024-01-02 11:24:08,Regular,1,Chuckwagon Beans,Cowboy_Food,1,2.99,2.99,249.85
82,2024-01-02 11:24:08,Regular,4,Trail Beef Jerky,Cowboy_Food,1,5.99,5.99,249.85
82,2024-01-02 11:24:08,Regular,5,Cornbread Mix,Cowboy_Food,1,3.49,3.49,249.85
82,2024-01-02 11:24:08,Regular,30,Leather Journal,Leather_Goods,1,14.99,14.99,249.85
82,2024-01-02 11:24:08,Regular,6,Campfire Coffee,Cowboy_Food,1,7.99,7.99,249.85
82,2024-01-02 11:24:08,Regular,14,Work Gloves,Ranch_Supplies,1,6.99,6.99,249.85
83,2024-01-02 09:23:03,Bulk,4,Trail Beef Jerky,Cowboy_Food,1,5.99,5.99,5.99
84,2024-01-02 13:03:51,Regular,23,Leather Belt,Western_Apparel,1,19.99,19.99,107.95
84,2024-01-02 13:03:51,Regular,19,Cowboy Hat,Western_Apparel,1,34.99,34.99,107.95
84,2024-01-02 13:03:51,Regular,26,Rodeo Rope,Rodeo_Gear,1,18.99,18.99,107.95
84,2024-01-02 13:03:51,Regular,29,Leather Wallet,Leather_Goods,1,24.99,24.99,107.95
84,2024-01-02 13:03:51,Regular,10,Smoked Sausage Links,Cowboy_Food,1,8.99,8.99,107.95
85,2024-01-02 17:03:16,Regular,15,Fence Wire (50ft),Ranch_Supplies,1,12.99,12.99,56.46
85,2024-01-02 17:03:16,Regular,5,Cornbread Mix,Cowboy_Food,1,3.49,3.49,56.46
85,2024-01-02 17:03:16,Regular,9,Dried Apple Slices,Cowboy_Food,1,4.99,4.99,56.46
85,2024-01-02 17:03:16,Regular,19,Cowboy Hat,Western_Apparel,1,34.99,34.99,56.46
86,2024-01-02 17:18:49,Regular,28,Leather Saddlebag,Leather_Goods,1,59.99,59.99,67.97
86,2024-01-02 17:18:49,Regular,5,Cornbread Mix,Cowboy_Food,1,3.49,3.49,67.97
86,2024-01-02 17:18:49,Regular,3,Smoky BBQ Sauce,Cowboy_Food,1,4.49,4.49,67.97
87,2024-01-02 11:09:33,Casual,12,Horse Feed Sack,Ranch_Supplies,1,19.99,19.99,19.99
88,2024-01-02 16:55:32,Casual,12,Horse Feed Sack,Ranch_Supplies,1,19.99,19.99,19.99
89,2024-01-02 10:58:27,Bulk,24,Denim Vest,Western_Apparel,1,39.99,39.99,216.92
89,2024-01-02 10:58:27,Bulk,19,Cowboy Hat,Western_Apparel,3,34.99,104.97,216.92
89,2024-01-02 10:58:27,Bulk,23,Leather Belt,Western_Apparel,1,19.99,19.99,216.92
89,2024-01-02 10:58:27,Bulk,12,Horse Feed Sack,Ranch_Supplies,1,19.99,19.99,216.92
89,2024-01-02 10:58:27,Bulk,25,Riding Spurs,Rodeo_Gear,1,22.99,22.99,216.92
89,2024-01-02 10:58:27,Bulk,10,Smoked Sausage Links,Cowboy_Food,1,8.99,8.99,216.92
90,2024-01-02 14:05:49,Regular,22,Flannel Shirt,Western_Apparel,2,29.99,59.98,122.92
90,2024-01-02 14:05:49,Regular,4,Trail Beef Jerky,Cowboy_Food,1,5.99,5.99,122.92
90,2024-01-02 14:05:49,Regular,5,Cornbread Mix,Cowboy_Food,1,3.49,3.49,122.92
90,2024-01-02 14:05:49,Regular,19,Cowboy Hat,Western_Apparel,1,34.99,34.99,122.92
90,2024-01-02 14:05:49,Regular,27,Bull Rope Rosin,Rodeo_Gear,1,7.49,7.49,122.92
90,2024-01-02 14:05:49,Regular,7,Prairie Honey,Cowboy_Food,1,6.49,6.49,122.92
90,2024-01-02 14:05:49,Regular,3,Smoky BBQ Sauce,Cowboy_Food,1,4.49,4.49,122.92
91,2024-01-02 18:57:02,Regular,8,Hardtack Biscuits,Cowboy_Food,1,2.49,2.49,2.49
92,2024-01-02 11:36:05,Bulk,4,Trail Beef Jerky,Cowboy_Food,2,5.99,11.98,155.86
92,2024-01-02 11:36:05,Bulk,10,Smoked Sausage Links,Cowboy_Food,1,8.99,8.99,155.86
92,2024-01-02 11:36:05,Bulk,14,Work Gloves,Ranch_Supplies,2,6.99,13.98,155.86
92,2024-01-02 11:36:05,Bulk,7,Prairie Honey,Cowboy_Food,1,6.49,6.49,155.86
92,2024-01-02 11:36:05,Bulk,9,Dried Apple Slices,Cowboy_Food,1,4.99,4.99,155.86
92,2024-01-02 11:36:05,Bulk,3,Smoky BBQ Sauce,Cowboy_Food,1,4.49,4.49,155.86
92,2024-01-02 11:36:05,Bulk,16,Hay Bale Twine,Ranch_Supplies,1,5.99,5.99,155.86
92,2024-01-02 11:36:05,Bulk,21,Red Bandana,Western_Apparel,1,4.99,4.99,155.86
92,2024-01-02 11:36:05,Bulk,2,Campfire Chili,Cowboy_Food,1,3.99,3.99,155.86
92,2024-01-02 11:36:05,Bulk,23,Leather Belt,Western_Apparel,1,19.99,19.99,155.86
92,2024-01-02 11:36:05,Bulk,22,Flannel Shirt,Western_Apparel,1,29.99,29.99,155.86
92,2024-01-02 11:36:05,Bulk,24,Denim Vest,Western_Apparel,1,39.99,39.99,155.86
93,2024-01-02 11:17:25,Regular,5,Cornbread Mix,Cowboy_Food,1,3.49,3.49,13.48
93,2024-01-02 11:17:25,Regular,13,Saddle Oil,Ranch_Supplies,1,9.99,9.99,13.48
94,2024-01-02 14:35:23,Bulk,7,Prairie Honey,Cowboy_Food,1,6.49,6.49,250.36
94,2024-01-02 14:35:23,Bulk,4,Trail Beef Jerky,Cowboy_Food,1,5.99,5.99,250.36
94,2024-01-02 14:35:23,Bulk,12,Horse Feed Sack,Ranch_Supplies,1,19.99,19.99,250.36
94,2024-01-02 14:35:23,Bulk,8,Hardtack Biscuits,Cowboy_Food,1,2.49,2.49,250.36
94,2024-01-02 14:35:23,Bulk,10,Smoked Sausage Links,Cowboy_Food,1,8.99,8.99,250.36
94,2024-01-02 14:35:23,Bulk,6,Campfire Coffee,Cowboy_Food,1,7.99,7.99,250.36
94,2024-01-02 14:35:23,Bulk,22,Flannel Shirt,Western_Apparel,1,29.99,29.99,250.36
94,2024-01-02 14:35:23,Bulk,28,Leather Saddlebag,Leather_Goods,1,59.99,59.99,250.36
94,2024-01-02 14:35:23,Bulk,14,Work Gloves,Ranch_Supplies,1,6.99,6.99,250.36
94,2024-01-02 14:35:23,Bulk,19,Cowboy Hat,Western_Apparel,1,34.99,34.99,250.36
94,2024-01-02 14:35:23,Bulk,26,Rodeo Rope,Rodeo_Gear,1,18.99,18.99,250.36
94,2024-01-02 14:35:23,Bulk,30,Leather Journal,Leather_Goods,1,14.99,14.99,250.36
94,2024-01-02 14:35:23,Bulk,18,Branding Iron,Ranch_Supplies,1,24.99,24.99,250.36
94,2024-01-02 14:35:23,Bulk,27,Bull Rope Rosin,Rodeo_Gear,1,7.49,7.49,250.36
95,2024-01-02 16:05:32,Bulk,13,Saddle Oil,Ranch_Supplies,1,9.99,9.99,31.97
95,2024-01-02 16:05:32,Bulk,14,Work Gloves,Ranch_Supplies,1,6.99,6.99,31.97
95,2024-01-02 16:05:32,Bulk,11,Lasso Rope,Ranch_Supplies,1,14.99,14.99,31.97
96,2024-01-02 18:01:44,Regular,25,Riding Spurs,Rodeo_Gear,1,22.99,22.99,64.46
96,2024-01-02 18:01:44,Regular,30,Leather Journal,Leather_Goods,1,14.99,14.99,64.46
96,2024-01-02 18:01:44,Regular,26,Rodeo Rope,Rodeo_Gear,1,18.99,18.99,64.46
96,2024-01-02 18:01:44,Regular,27,Bull Rope Rosin,Rodeo_Gear,1,7.49,7.49,64.46
97,2024-01-02 18:36:35,Regular,5,Cornbread Mix,Cowboy_Food,2,3.49,6.98,163.93
97,2024-01-02 18:36:35,Regular,2,Campfire Chili,Cowboy_Food,1,3.99,3.99,163.93
97,2024-01-02 18:36:35,Regular,29,Leather Wallet,Leather_Goods,1,24.99,24.99,163.93
97,2024-01-02 18:36:35,Regular,11,Lasso Rope,Ranch_Supplies,1,14.99,14.99,163.93
97,2024-01-02 18:36:35,Regular,25,Riding Spurs,Rodeo_Gear,1,22.99,22.99,163.93
97,2024-01-02 18:36:35,Regular,20,Cowboy Boots,Western_Apparel,1,89.99,89.99,163.93
98,2024-01-02 10:30:15,Regular,7,Prairie Honey,Cowboy_Food,3,6.49,19.47,84.44
98,2024-01-02 10:30:15,Regular,29,Leather Wallet,Leather_Goods,1,24.99,24.99,84.44
98,2024-01-02 10:30:15,Regular,12,Horse Feed Sack,Ranch_Supplies,2,19.99,39.98,84.44
99,2024-01-02 11:09:19,Casual,1,Chuckwagon Beans,Cowboy_Food,1,2.99,2.99,23.97
99,2024-01-02 11:09:19,Casual,16,Hay Bale Twine,Ranch_Supplies,1,5.99,5.99,23.97
99,2024-01-02 11:09:19,Casual,30,Leather Journal,Leather_Goods,1,14.99,14.99,23.97
100,2024-01-02 17:01:45,Bulk,14,Work Gloves,Ranch_Supplies,1,6.99,6.99,267.91
100,2024-01-02 17:01:45,Bulk,25,Riding Spurs,Rodeo_Gear,1,22.99,22.99,267.91
100,2024-01-02 17:01:45,Bulk,19,Cowboy Hat,Western_Apparel,1,34.99,34.99,267.91
100,2024-01-02 17:01:45,Bulk,20,Cowboy Boots,Western_Apparel,1,89.99,89.99,267.91
100,2024-01-02 17:01:45,Bulk,30,Leather Journal,Leather_Goods,1,14.99,14.99,267.91
100,2024-01-02 17:01:45,Bulk,11,Lasso Rope,Ranch_Supplies,2,14.99,29.98,267.91
100,2024-01-02 17:01:45,Bulk,28,Leather Saddlebag,Leather_Goods,1,59.99,59.99,267.91
100,2024-01-02 17:01:45,Bulk,6,Campfire Coffee,Cowboy_Food,1,7.99,7.99,267.91
101,2024-01-02 12:16:12,Regular,13,Saddle Oil,Ranch_Supplies,1,9.99,9.99,9.99
102,2024-01-02 17:37:30,Casual,8,Hardtack Biscuits,Cowboy_Food,1,2.49,2.49,2.49
103,2024-01-02 16:19:32,Regular,4,Trail Beef Jerky,Cowboy_Food,1,5.99,5.99,53.96
103,2024-01-02 16:19:32,Regular,29,Leather Wallet,Leather_Goods,1,24.99,24.99,53.96
103,2024-01-02 16:19:32,Regular,11,Lasso Rope,Ranch_Supplies,1,14.99,14.99,53.96
103,2024-01-02 16:19:32,Regular,6,Campfire Coffee,Cowboy_Food,1,7.99,7.99,53.96
104,2024-01-02 10:56:45,Regular,4,Trail Beef Jerky,Cowboy_Food,1,5.99,5.99,5.99
105,2024-01-02 17:16:42,Tourist,2,Campfire Chili,Cowboy_Food,1,3.99,3.99,90.45
105,2024-01-02 17:16:42,Tourist,26,Rodeo Rope,Rodeo_Gear,1,18.99,18.99,90.45
105,2024-01-02 17:16:42,Tourist,8,Hardtack Biscuits,Cowboy_Food,1,2.49,2.49,90.45
105,2024-01-02 17:16:42,Tourist,19,Cowboy Hat,Western_Apparel,1,34.99,34.99,90.45
105,2024-01-02 17:16:42,Tourist,22,Flannel Shirt,Western_Apparel,1,29.99,29.99,90.45
106,2024-01-02 11:28:27,Regular,3,Smoky BBQ Sauce,Cowboy_Food,1,4.49,4.49,137.91
106,2024-01-02 11:28:27,Regular,6,Campfire Coffee,Cowboy_Food,2,7.99,15.98,137.91
106,2024-01-02 11:28:27,Regular,14,Work Gloves,Ranch_Supplies,2,6.99,13.98,137.91
106,2024-01-02 11:28:27,Regular,17,Stock Tank Float,Ranch_Supplies,1,8.49,8.49,137.91
106,2024-01-02 11:28:27,Regular,11,Lasso Rope,Ranch_Supplies,1,14.99,14.99,137.91
106,2024-01-02 11:28:27,Regular,23,Leather Belt,Western_Apparel,1,19.99,19.99,137.91
106,2024-01-02 11:28:27,Regular,28,Leather Saddlebag,Leather_Goods,1,59.99,59.99,137.91
107,2024-01-02 14:36:18,Regular,30,Leather Journal,Leather_Goods,2,14.99,29.98,127.4
107,2024-01-02 14:36:18,Regular,3,Smoky BBQ Sauce,Cowboy_Food,1,4.49,4.49,127.4
107,2024-01-02 14:36:18,Regular,11,Lasso Rope,Ranch_Supplies,2,14.99,29.98,127.4
107,2024-01-02 14:36:18,Regular,26,Rodeo Rope,Rodeo_Gear,2,18.99,37.98,127.4
107,2024-01-02 14:36:18,Regular,8,Hardtack Biscuits,Cowboy_Food,2,2.49,4.98,127.4
107,2024-01-02 14:36:18,Regular,23,Leather Belt,Western_Apparel,1,19.99,19.99,127.4
108,2024-01-02 15:41:22,Bulk,16,Hay Bale Twine,Ranch_Supplies,1,5.99,5.99,47.94
108,2024-01-02 15:41:22,Bulk,14,Work Gloves,Ranch_Supplies,1,6.99,6.99,47.94
108,2024-01-02 15:41:22,Bulk,2,Campfire Chili,Cowboy_Food,1,3.99,3.99,47.94
108,2024-01-02 15:41:22,Bulk,10,Smoked Sausage Links,Cowboy_Food,1,8.99,8.99,47.94
108,2024-01-02 15:41:22,Bulk,26,Rodeo Rope,Rodeo_Gear,1,18.99,18.99,47.94
108,2024-01-02 15:41:22,Bulk,1,Chuckwagon Beans,Cowboy_Food,1,2.99,2.99,47.94
109,2024-01-02 15:20:24,Regular,7,Prairie Honey,Cowboy_Food,1,6.49,6.49,25.48
109,2024-01-02 15:20:24,Regular,26,Rodeo Rope,Rodeo_Gear,1,18.99,18.99,25.48
110,2024-01-02 16:27:13,Bulk,29,Leather Wallet,Leather_Goods,1,24.99,24.99,107.95
110,2024-01-02 16:27:13,Bulk,21,Red Bandana,Western_Apparel,1,4.99,4.99,107.95
110,2024-01-02 16:27:13,Bulk,19,Cowboy Hat,Western_Apparel,1,34.99,34.99,107.95
110,2024-01-02 16:27:13,Bulk,22,Flannel Shirt,Western_Apparel,1,29.99,29.99,107.95
110,2024-01-02 16:27:13,Bulk,15,Fence Wire (50ft),Ranch_Supplies,1,12.99,12.99,107.95
111,2024-01-02 16:16:37,Regular,3,Smoky BBQ Sauce,Cowboy_Food,2,4.49,8.98,208.37
111,2024-01-02 16:16:37,Regular,2,Campfire Chili,Cowboy_Food,2,3.99,7.98,208.37
111,2024-01-02 16:16:37,Regular,30,Leather Journal,Leather_Goods,1,14.99,14.99,208.37
111,2024-01-02 16:16:37,Regular,4,Trail Beef Jerky,Cowboy_Food,1,5.99,5.99,208.37
111,2024-01-02 16:16:37,Regular,24,Denim Vest,Western_Apparel,1,39.99,39.99,208.37
111,2024-01-02 16:16:37,Regular,17,Stock Tank Float,Ranch_Supplies,1,8.49,8.49,208.37
111,2024-01-02 16:16:37,Regular,23,Leather Belt,Western_Apparel,1,19.99,19.99,208.37
111,2024-01-02 16:16:37,Regular,19,Cowboy Hat,Western_Apparel,2,34.99,69.98,208.37
111,2024-01-02 16:16:37,Regular,26,Rodeo Rope,Rodeo_Gear,1,18.99,18.99,208.37
111,2024-01-02 16:16:37,Regular,15,Fence Wire (50ft),Ranch_Supplies,1,12.99,12.99,208.37
112,2024-01-02 18:48:12,Regular,4,Trail Beef Jerky,Cowboy_Food,1,5.99,5.99,25.98
112,2024-01-02 18:48:12,Regular,23,Leather Belt,Western_Apparel,1,19.99,19.99,25.98
113,2024-01-02 18:59:38,Regular,22,Flannel Shirt,Western_Apparel,1,29.99,29.99,142.94
113,2024-01-02 18:59:38,Regular,9,Dried Apple Slices,Cowboy_Food,1,4.99,4.99,142.94
113,2024-01-02 18:59:38,Regular,6,Campfire Coffee,Cowboy_Food,1,7.99,7.99,142.94
113,2024-01-02 18:59:38,Regular,20,Cowboy Boots,Western_Apparel,1,89.99,89.99,142.94
113,2024-01-02 18:59:38,Regular,27,Bull Rope Rosin,Rodeo_Gear,1,7.49,7.49,142.94
113,2024-01-02 18:59:38,Regular,8,Hardtack Biscuits,Cowboy_Food,1,2.49,2.49,142.94
114,2024-01-02 15:27:45,Regular,20,Cowboy Boots,Western_Apparel,3,89.99,269.97,283.95
114,2024-01-02 15:27:45,Regular,2,Campfire Chili,Cowboy_Food,1,3.99,3.99,283.95
114,2024-01-02 15:27:45,Regular,13,Saddle Oil,Ranch_Supplies,1,9.99,9.99,283.95
115,2024-01-02 10:46:57,Regular,24,Denim Vest,Western_Apparel,1,39.99,39.99,85.96
115,2024-01-02 10:46:57,Regular,16,Hay Bale Twine,Ranch_Supplies,1,5.99,5.99,85.96
115,2024-01-02 10:46:57,Regular,22,Flannel Shirt,Western_Apparel,1,29.99,29.99,85.96
115,2024-01-02 10:46:57,Regular,13,Saddle Oil,Ranch_Supplies,1,9.99,9.99,85.96
116,2024-01-02 16:40:07,Regular,5,Cornbread Mix,Cowboy_Food,1,3.49,3.49,154.87
116,2024-01-02 16:40:07,Regular,6,Campfire Coffee,Cowboy_Food,1,7.99,7.99,154.87
116,2024-01-02 16:40:07,Regular,3,Smoky BBQ Sauce,Cowboy_Food,1,4.49,4.49,154.87
116,2024-01-02 16:40:07,Regular,1,Chuckwagon Beans,Cowboy_Food,2,2.99,5.98,154.87
116,2024-01-02 16:40:07,Regular,12,Horse Feed Sack,Ranch_Supplies,1,19.99,19.99,154.87
116,2024-01-02 16:40:07,Regular,22,Flannel Shirt,Western_Apparel,1,29.99,29.99,154.87
116,2024-01-02 16:40:07,Regular,21,Red Bandana,Western_Apparel,1,4.99,4.99,154.87
116,2024-01-02 16:40:07,Regular,16,Hay Bale Twine,Ranch_Supplies,1,5.99,5.99,154.87
116,2024-01-02 16:40:07,Regular,4,Trail Beef Jerky,Cowboy_Food,2,5.99,11.98,154.87
116,2024-01-02 16:40:07,Regular,29,Leather Wallet,Leather_Goods,1,24.99,24.99,154.87
116,2024-01-02 16:40:07,Regular,19,Cowboy Hat,Western_Apparel,1,34.99,34.99,154.87
117,2024-01-02 18:32:45,Casual,14,Work Gloves,Ranch_Supplies,1,6.99,6.99,74.96
117,2024-01-02 18:32:45,Casual,22,Flannel Shirt,Western_Apparel,1,29.99,29.99,74.96
117,2024-01-02 18:32:45,Casual,25,Riding Spurs,Rodeo_Gear,1,22.99,22.99,74.96
117,2024-01-02 18:32:45,Casual,30,Leather Journal,Leather_Goods,1,14.99,14.99,74.96
118,2024-01-02 12:48:05,Regular,7,Prairie Honey,Cowboy_Food,1,6.49,6.49,6.49
119,2024-01-02 15:00:20,Regular,15,Fence Wire (50ft),Ranch_Supplies,1,12.99,12.99,88.44
119,2024-01-02 15:00:20,Regular,25,Riding Spurs,Rodeo_Gear,1,22.99,22.99,88.44
119,2024-01-02 15:00:20,Regular,8,Hardtack Biscuits,Cowboy_Food,1,2.49,2.49,88.44
119,2024-01-02 15:00:20,Regular,12,Horse Feed Sack,Ranch_Supplies,1,19.99,19.99,88.44
119,2024-01-02 15:00:20,Regular,30,Leather Journal,Leather_Goods,2,14.99,29.98,88.44
120,2024-01-02 14:37:10,Regular,16,Hay Bale Twine,Ranch_Supplies,1,5.99,5.99,47.97
120,2024-01-02 14:37:10,Regular,14,Work Gloves,Ranch_Supplies,1,6.99,6.99,47.97
120,2024-01-02 14:37:10,Regular,19,Cowboy Hat,Western_Apparel,1,34.99,34.99,47.97
121,2024-01-02 10:17:09,Regular,5,Cornbread Mix,Cowboy_Food,1,3.49,3.49,36.47
121,2024-01-02 10:17:09,Regular,25,Riding Spurs,Rodeo_Gear,1,22.99,22.99,36.47
121,2024-01-02 10:17:09,Regular,13,Saddle Oil,Ranch_Supplies,1,9.99,9.99,36.47
122,2024-01-02 16:22:10,Regular,9,Dried Apple Slices,Cowboy_Food,1,4.99,4.99,8.48
122,2024-01-02 16:22:10,Regular,5,Cornbread Mix,Cowboy_Food,1,3.49,3.49,8.48
123,2024-01-02 13:21:02,Bulk,25,Riding Spurs,Rodeo_Gear,1,22.99,22.99,73.96
123,2024-01-02 13:21:02,Bulk,4,Trail Beef Jerky,Cowboy_Food,1,5.99,5.99,73.96
123,2024-01-02 13:21:02,Bulk,18,Branding Iron,Ranch_Supplies,1,24.99,24.99,73.96
123,2024-01-02 13:21:02,Bulk,12,Horse Feed Sack,Ranch_Supplies,1,19.99,19.99,73.96
124,2024-01-02 17:00:49,Regular,5,Cornbread Mix,Cowboy_Food,1,3.49,3.49,16.97
124,2024-01-02 17:00:49,Regular,27,Bull Rope Rosin,Rodeo_Gear,1,7.49,7.49,16.97
124,2024-01-02 17:00:49,Regular,16,Hay Bale Twine,Ranch_Supplies,1,5.99,5.99,16.97
125,2024-01-02 17:16:03,Casual,13,Saddle Oil,Ranch_Supplies,1,9.99,9.99,44.94
125,2024-01-02 17:16:03,Casual,10,Smoked Sausage Links,Cowboy_Food,2,8.99,17.98,44.94
125,2024-01-02 17:16:03,Casual,6,Campfire Coffee,Cowboy_Food,1,7.99,7.99,44.94
125,2024-01-02 17:16:03,Casual,2,Campfire Chili,Cowboy_Food,1,3.99,3.99,44.94
125,2024-01-02 17:16:03,Casual,21,Red Bandana,Western_Apparel,1,4.99,4.99,44.94
126,2024-01-02 17:12:23,Tourist,13,Saddle Oil,Ranch_Supplies,2,9.99,19.98,63.94
126,2024-01-02 17:12:23,Tourist,18,Branding Iron,Ranch_Supplies,1,24.99,24.99,63.94
126,2024-01-02 17:12:23,Tourist,6,Campfire Coffee,Cowboy_Food,2,7.99,15.98,63.94
126,2024-01-02 17:12:23,Tourist,1,Chuckwagon Beans,Cowboy_Food,1,2.99,2.99,63.94
127,2024-01-02 14:30:41,Regular,28,Leather Saddlebag,Leather_Goods,1,59.99,59.99,142.95
127,2024-01-02 14:30:41,Regular,29,Leather Wallet,Leather_Goods,2,24.99,49.98,142.95
127,2024-01-02 14:30:41,Regular,1,Chuckwagon Beans,Cowboy_Food,1,2.99,2.99,142.95
127,2024-01-02 14:30:41,Regular,22,Flannel Shirt,Western_Apparel,1,29.99,29.99,142.95
128,2024-01-02 12:50:59,Regular,16,Hay Bale Twine,Ranch_Supplies,1,5.99,5.99,73.94
128,2024-01-02 12:50:59,Regular,4,Trail Beef Jerky,Cowboy_Food,1,5.99,5.99,73.94
128,2024-01-02 12:50:59,Regular,22,Flannel Shirt,Western_Apparel,1,29.99,29.99,73.94
128,2024-01-02 12:50:59,Regular,2,Campfire Chili,Cowboy_Food,1,3.99,3.99,73.94
128,2024-01-02 12:50:59,Regular,21,Red Bandana,Western_Apparel,1,4.99,4.99,73.94
128,2024-01-02 12:50:59,Regular,25,Riding Spurs,Rodeo_Gear,1,22.99,22.99,73.94
129,2024-01-02 16:47:51,Regular,29,Leather Wallet,Leather_Goods,1,24.99,24.99,100.93
129,2024-01-02 16:47:51,Regular,21,Red Bandana,Western_Apparel,1,4.99,4.99,100.93
129,2024-01-02 16:47:51,Regular,6,Campfire Coffee,Cowboy_Food,2,7.99,15.98,100.93
129,2024-01-02 16:47:51,Regular,25,Riding Spurs,Rodeo_Gear,2,22.99,45.98,100.93
129,2024-01-02 16:47:51,Regular,10,Smoked Sausage Links,Cowboy_Food,1,8.99,8.99,100.93
130,2024-01-02 17:05:08,Bulk,20,Cowboy Boots,Western_Apparel,1,89.99,89.99,138.95
130,2024-01-02 17:05:08,Bulk,9,Dried Apple Slices,Cowboy_Food,1,4.99,4.99,138.95
130,2024-01-02 17:05:08,Bulk,2,Campfire Chili,Cowboy_Food,1,3.99,3.99,138.95
130,2024-01-02 17:05:08,Bulk,13,Saddle Oil,Ranch_Supplies,1,9.99,9.99,138.95
130,2024-01-02 17:05:08,Bulk,22,Flannel Shirt,Western_Apparel,1,29.99,29.99,138.95
131,2024-01-02 15:16:59,Regular,26,Rodeo Rope,Rodeo_Gear,1,18.99,18.99,134.43
131,2024-01-02 15:16:59,Regular,14,Work Gloves,Ranch_Supplies,1,6.99,6.99,134.43
131,2024-01-02 15:16:59,Regular,4,Trail Beef Jerky,Cowboy_Food,2,5.99,11.98,134.43
131,2024-01-02 15:16:59,Regular,20,Cowboy Boots,Western_Apparel,1,89.99,89.99,134.43
131,2024-01-02 15:16:59,Regular,2,Campfire Chili,Cowboy_Food,1,3.99,3.99,134.43
131,2024-01-02 15:16:59,Regular,8,Hardtack Biscuits,Cowboy_Food,1,2.49,2.49,134.43
132,2024-01-02 17:41:39,Casual,1,Chuckwagon Beans,Cowboy_Food,1,2.99,2.99,36.97
132,2024-01-02 17:41:39,Casual,18,Branding Iron,Ranch_Supplies,1,24.99,24.99,36.97
132,2024-01-02 17:41:39,Casual,10,Smoked Sausage Links,Cowboy_Food,1,8.99,8.99,36.97
133,2024-01-02 11:12:10,Casual,7,Prairie Honey,Cowboy_Food,1,6.49,6.49,6.49
134,2024-01-02 17:34:26,Casual,14,Work Gloves,Ranch_Supplies,1,6.99,6.99,60.45
134,2024-01-02 17:34:26,Casual,10,Smoked Sausage Links,Cowboy_Food,1,8.99,8.99,60.45
134,2024-01-02 17:34:26,Casual,12,Horse Feed Sack,Ranch_Supplies,1,19.99,19.99,60.45
134,2024-01-02 17:34:26,Casual,3,Smoky BBQ Sauce,Cowboy_Food,1,4.49,4.49,60.45
134,2024-01-02 17:34:26,Casual,23,Leather Belt,Western_Apparel,1,19.99,19.99,60.45
135,2024-01-02 10:47:55,Bulk,8,Hardtack Biscuits,Cowboy_Food,1,2.49,2.49,190.38
135,2024-01-02 10:47:55,Bulk,23,Leather Belt,Western_Apparel,1,19.99,19.99,190.38
135,2024-01-02 10:47:55,Bulk,19,Cowboy Hat,Western_Apparel,1,34.99,34.99,190.38
135,2024-01-02 10:47:55,Bulk,28,Leather Saddlebag,Leather_Goods,1,59.99,59.99,190.38
135,2024-01-02 10:47:55,Bulk,30,Leather Journal,Leather_Goods,2,14.99,29.98,190.38
135,2024-01-02 10:47:55,Bulk,1,Chuckwagon Beans,Cowboy_Food,2,2.99,5.98,190.38
135,2024-01-02 10:47:55,Bulk,12,Horse Feed Sack,Ranch_Supplies,1,19.99,19.99,190.38
135,2024-01-02 10:47:55,Bulk,16,Hay Bale Twine,Ranch_Supplies,1,5.99,5.99,190.38
135,2024-01-02 10:47:55,Bulk,4,Trail Beef Jerky,Cowboy_Food,1,5.99,5.99,190.38
135,2024-01-02 10:47:55,Bulk,9,Dried Apple Slices,Cowboy_Food,1,4.99,4.99,190.38
136,2024-01-02 11:17:23,Tourist,30,Leather Journal,Leather_Goods,1,14.99,14.99,24.98
136,2024-01-02 11:17:23,Tourist,13,Saddle Oil,Ranch_Supplies,1,9.99,9.99,24.98
137,2024-01-02 15:34:11,Regular,12,Horse Feed Sack,Ranch_Supplies,1,19.99,19.99,86.97
137,2024-01-02 15:34:11,Regular,28,Leather Saddlebag,Leather_Goods,1,59.99,59.99,86.97
137,2024-01-02 15:34:11,Regular,14,Work Gloves,Ranch_Supplies,1,6.99,6.99,86.97
138,2024-01-02 10:29:52,Regular,25,Riding Spurs,Rodeo_Gear,1,22.99,22.99,65.96
138,2024-01-02 10:29:52,Regular,11,Lasso Rope,Ranch_Supplies,1,14.99,14.99,65.96
138,2024-01-02 10:29:52,Regular,15,Fence Wire (50ft),Ranch_Supplies,1,12.99,12.99,65.96
138,2024-01-02 10:29:52,Regular,30,Leather Journal,Leather_Goods,1,14.99,14.99,65.96
139,2024-01-02 10:18:57,Regular,11,Lasso Rope,Ranch_Supplies,1,14.99,14.99,14.99
140,2024-01-02 09:02:58,Tourist,10,Smoked Sausage Links,Cowboy_Food,2,8.99,17.98,32.96
140,2024-01-02 09:02:58,Tourist,21,Red Bandana,Western_Apparel,1,4.99,4.99,32.96
140,2024-01-02 09:02:58,Tourist,13,Saddle Oil,Ranch_Supplies,1,9.99,9.99,32.96
141,2024-01-02 14:45:57,Bulk,14,Work Gloves,Ranch_Supplies,1,6.99,6.99,49.46
141,2024-01-02 14:45:57,Bulk,3,Smoky BBQ Sauce,Cowboy_Food,1,4.49,4.49,49.46
141,2024-01-02 14:45:57,Bulk,6,Campfire Coffee,Cowboy_Food,1,7.99,7.99,49.46
141,2024-01-02 14:45:57,Bulk,22,Flannel Shirt,Western_Apparel,1,29.99,29.99,49.46
142,2024-01-02 16:55:52,Casual,4,Trail Beef Jerky,Cowboy_Food,1,5.99,5.99,57.44
142,2024-01-02 16:55:52,Casual,14,Work Gloves,Ranch_Supplies,1,6.99,6.99,57.44
142,2024-01-02 16:55:52,Casual,15,Fence Wire (50ft),Ranch_Supplies,1,12.99,12.99,57.44
142,2024-01-02 16:55:52,Casual,5,Cornbread Mix,Cowboy_Food,1,3.49,3.49,57.44
142,2024-01-02 16:55:52,Casual,18,Branding Iron,Ranch_Supplies,1,24.99,24.99,57.44
142,2024-01-02 16:55:52,Casual,1,Chuckwagon Beans,Cowboy_Food,1,2.99,2.99,57.44
143,2024-01-03 10:07:22,Regular,16,Hay Bale Twine,Ranch_Supplies,1,5.99,5.99,5.99
144,2024-01-03 10:54:07,Regular,24,Denim Vest,Western_Apparel,1,39.99,39.99,39.99
145,2024-01-03 11:59:23,Regular,4,Trail Beef Jerky,Cowboy_Food,1,5.99,5.99,22.45
145,2024-01-03 11:59:23,Regular,2,Campfire Chili,Cowboy_Food,1,3.99,3.99,22.45
145,2024-01-03 11:59:23,Regular,21,Red Bandana,Western_Apparel,2,4.99,9.98,22.45
145,2024-01-03 11:59:23,Regular,8,Hardtack Biscuits,Cowboy_Food,1,2.49,2.49,22.45
146,2024-01-03 12:18:56,Regular,2,Campfire Chili,Cowboy_Food,1,3.99,3.99,34.97
146,2024-01-03 12:18:56,Regular,25,Riding Spurs,Rodeo_Gear,1,22.99,22.99,34.97
146,2024-01-03 12:18:56,Regular,6,Campfire Coffee,Cowboy_Food,1,7.99,7.99,34.97
147,2024-01-03 10:00:15,Regular,24,Denim Vest,Western_Apparel,1,39.99,39.99,159.95
147,2024-01-03 10:00:15,Regular,2,Campfire Chili,Cowboy_Food,1,3.99,3.99,159.95
147,2024-01-03 10:00:15,Regular,14,Work Gloves,Ranch_Supplies,1,6.99,6.99,159.95
147,2024-01-03 10:00:15,Regular,26,Rodeo Rope,Rodeo_Gear,1,18.99,18.99,159.95
147,2024-01-03 10:00:15,Regular,20,Cowboy Boots,Western_Apparel,1,89.99,89.99,159.95
148,2024-01-03 12:21:53,Bulk,26,Rodeo Rope,Rodeo_Gear,1,18.99,18.99,183.91
148,2024-01-03 12:21:53,Bulk,18,Branding Iron,Ranch_Supplies,1,24.99,24.99,183.91
148,2024-01-03 12:21:53,Bulk,4,Trail Beef Jerky,Cowboy_Food,2,5.99,11.98,183.91
148,2024-01-03 12:21:53,Bulk,20,Cowboy Boots,Western_Apparel,1,89.99,89.99,183.91
148,2024-01-03 12:21:53,Bulk,25,Riding Spurs,Rodeo_Gear,1,22.99,22.99,183.91
148,2024-01-03 12:21:53,Bulk,6,Campfire Coffee,Cowboy_Food,1,7.99,7.99,183.91
148,2024-01-03 12:21:53,Bulk,1,Chuckwagon Beans,Cowboy_Food,1,2.99,2.99,183.91
148,2024-01-03 12:21:53,Bulk,2,Campfire Chili,Cowboy_Food,1,3.99,3.99,183.91
149,2024-01-03 11:36:15,Regular,17,Stock Tank Float,Ranch_Supplies,1,8.49,8.49,47.47
149,2024-01-03 11:36:15,Regular,22,Flannel Shirt,Western_Apparel,1,29.99,29.99,47.47
149,2024-01-03 11:36:15,Regular,10,Smoked Sausage Links,Cowboy_Food,1,8.99,8.99,47.47
150,2024-01-03 13:52:11,Regular,16,Hay Bale Twine,Ranch_Supplies,1,5.99,5.99,64.46
150,2024-01-03 13:52:11,Regular,17,Stock Tank Float,Ranch_Supplies,1,8.49,8.49,64.46
150,2024-01-03 13:52:11,Regular,23,Leather Belt,Western_Apparel,1,19.99,19.99,64.46
150,2024-01-03 13:52:11,Regular,22,Flannel Shirt,Western_Apparel,1,29.99,29.99,64.46
151,2024-01-03 14:00:15,Bulk,6,Campfire Coffee,Cowboy_Food,1,7.99,7.99,143.89
151,2024-01-03 14:00:15,Bulk,15,Fence Wire (50ft),Ranch_Supplies,1,12.99,12.99,143.89
151,2024-01-03 14:00:15,Bulk,2,Campfire Chili,Cowboy_Food,2,3.99,7.98,143.89
151,2024-01-03 14:00:15,Bulk,28,Leather Saddlebag,Leather_Goods,1,59.99,59.99,143.89
151,2024-01-03 14:00:15,Bulk,3,Smoky BBQ Sauce,Cowboy_Food,2,4.49,8.98,143.89
151,2024-01-03 14:00:15,Bulk,5,Cornbread Mix,Cowboy_Food,1,3.49,3.49,143.89
151,2024-01-03 14:00:15,Bulk,22,Flannel Shirt,Western_Apparel,1,29.99,29.99,143.89
151,2024-01-03 14:00:15,Bulk,27,Bull Rope Rosin,Rodeo_Gear,1,7.49,7.49,143.89
151,2024-01-03 14:00:15,Bulk,21,Red Bandana,Western_Apparel,1,4.99,4.99,143.89
152,2024-01-03 13:06:19,Casual,9,Dried Apple Slices,Cowboy_Food,1,4.99,4.99,128.46
152,2024-01-03 13:06:19,Casual,20,Cowboy Boots,Western_Apparel,1,89.99,89.99,128.46
152,2024-01-03 13:06:19,Casual,29,Leather Wallet,Leather_Goods,1,24.99,24.99,128.46
152,2024-01-03 13:06:19,Casual,17,Stock Tank Float,Ranch_Supplies,1,8.49,8.49,128.46
153,2024-01-03 12:56:07,Regular,16,Hay Bale Twine,Ranch_Supplies,1,5.99,5.99,76.94
153,2024-01-03 12:56:07,Regular,2,Campfire Chili,Cowboy_Food,1,3.99,3.99,76.94
153,2024-01-03 12:56:07,Regular,11,Lasso Rope,Ranch_Supplies,1,14.99,14.99,76.94
153,2024-01-03 12:56:07,Regular,17,Stock Tank Float,Ranch_Supplies,2,8.49,16.98,76.94
153,2024-01-03 12:56:07,Regular,19,Cowboy Hat,Western_Apparel,1,34.99,34.99,76.94
154,2024-01-03 10:43:35,Bulk,15,Fence Wire (50ft),Ranch_Supplies,2,12.99,25.98,287.83
154,2024-01-03 10:43:35,Bulk,18,Branding Iron,Ranch_Supplies,1,24.99,24.99,287.83
154,2024-01-03 10:43:35,Bulk,3,Smoky BBQ Sauce,Cowboy_Food,2,4.49,8.98,287.83
154,2024-01-03 10:43:35,Bulk,7,Prairie Honey,Cowboy_Food,1,6.49,6.49,287.83
154,2024-01-03 10:43:35,Bulk,26,Rodeo Rope,Rodeo_Gear,2,18.99,37.98,287.83
154,2024-01-03 10:43:35,Bulk,20,Cowboy Boots,Western_Apparel,1,89.99,89.99,287.83
154,2024-01-03 10:43:35,Bulk,17,Stock Tank Float,Ranch_Supplies,3,8.49,25.47,287.83
154,2024-01-03 10:43:35,Bulk,6,Campfire Coffee,Cowboy_Food,1,7.99,7.99,287.83
154,2024-01-03 10:43:35,Bulk,21,Red Bandana,Western_Apparel,1,4.99,4.99,287.83
154,2024-01-03 10:43:35,Bulk,24,Denim Vest,Western_Apparel,1,39.99,39.99,287.83
154,2024-01-03 10:43:35,Bulk,9,Dried Apple Slices,Cowboy_Food,1,4.99,4.99,287.83
154,2024-01-03 10:43:35,Bulk,13,Saddle Oil,Ranch_Supplies,1,9.99,9.99,287.83
155,2024-01-03 09:51:20,Tourist,2,Campfire Chili,Cowboy_Food,1,3.99,3.99,3.99
156,2024-01-03 11:40:43,Bulk,3,Smoky BBQ Sauce,Cowboy_Food,1,4.49,4.49,174.9
156,2024-01-03 11:40:43,Bulk,18,Branding Iron,Ranch_Supplies,1,24.99,24.99,174.9
156,2024-01-03 11:40:43,Bulk,29,Leather Wallet,Leather_Goods,1,24.99,24.99,174.9
156,2024-01-03 11:40:43,Bulk,11,Lasso Rope,Ranch_Supplies,1,14.99,14.99,174.9
156,2024-01-03 11:40:43,Bulk,2,Campfire Chili,Cowboy_Food,1,3.99,3.99,174.9
156,2024-01-03 11:40:43,Bulk,28,Leather Saddlebag,Leather_Goods,1,59.99,59.99,174.9
156,2024-01-03 11:40:43,Bulk,26,Rodeo Rope,Rodeo_Gear,1,18.99,18.99,174.9
156,2024-01-03 11:40:43,Bulk,15,Fence Wire (50ft),Ranch_Supplies,1,12.99,12.99,174.9
156,2024-01-03 11:40:43,Bulk,16,Hay Bale Twine,Ranch_Supplies,1,5.99,5.99,174.9
156,2024-01-03 11:40:43,Bulk,5,Cornbread Mix,Cowboy_Food,1,3.49,3.49,174.9
157,2024-01-03 16:49:29,Tourist,2,Campfire Chili,Cowboy_Food,1,3.99,3.99,136.95
157,2024-01-03 16:49:29,Tourist,29,Leather Wallet,Leather_Goods,1,24.99,24.99,136.95
157,2024-01-03 16:49:29,Tourist,28,Leather Saddlebag,Leather_Goods,1,59.99,59.99,136.95
157,2024-01-03 16:49:29,Tourist,15,Fence Wire (50ft),Ranch_Supplies,1,12.99,12.99,136.95
157,2024-01-03 16:49:29,Tourist,19,Cowboy Hat,Western_Apparel,1,34.99,34.99,136.95
158,2024-01-03 18:47:26,Casual,6,Campfire Coffee,Cowboy_Food,1,7.99,7.99,30.98
158,2024-01-03 18:47:26,Casual,25,Riding Spurs,Rodeo_Gear,1,22.99,22.99,30.98
159,2024-01-03 17:58:28,Regular,16,Hay Bale Twine,Ranch_Supplies,1,5.99,5.99,49.97
159,2024-01-03 17:58:28,Regular,10,Smoked Sausage Links,Cowboy_Food,1,8.99,8.99,49.97
159,2024-01-03 17:58:28,Regular,19,Cowboy Hat,Western_Apparel,1,34.99,34.99,49.97
160,2024-01-03 15:22:09,Regular,29,Leather Wallet,Leather_Goods,1,24.99,24.99,99.42
160,2024-01-03 15:22:09,Regular,17,Stock Tank Float,Ranch_Supplies,1,8.49,8.49,99.42
160,2024-01-03 15:22:09,Regular,23,Leather Belt,Western_Apparel,1,19.99,19.99,99.42
160,2024-01-03 15:22:09,Regular,10,Smoked Sausage Links,Cowboy_Food,1,8.99,8.99,99.42
160,2024-01-03 15:22:09,Regular,1,Chuckwagon Beans,Cowboy_Food,1,2.99,2.99,99.42
160,2024-01-03 15:22:09,Regular,14,Work Gloves,Ranch_Supplies,2,6.99,13.98,99.42
160,2024-01-03 15:22:09,Regular,12,Horse Feed Sack,Ranch_Supplies,1,19.99,19.99,99.42
161,2024-01-03 15:33:42,Bulk,29,Leather Wallet,Leather_Goods,2,24.99,49.98,388.33
161,2024-01-03 15:33:42,Bulk,4,Trail Beef Jerky,Cowboy_Food,1,5.99,5.99,388.33
161,2024-01-03 15:33:42,Bulk,9,Dried Apple Slices,Cowboy_Food,1,4.99,4.99,388.33
161,2024-01-03 15:33:42,Bulk,8,Hardtack Biscuits,Cowboy_Food,2,2.49,4.98,388.33
161,2024-01-03 15:33:42,Bulk,15,Fence Wire (50ft),Ranch_Supplies,1,12.99,12.99,388.33
161,2024-01-03 15:33:42,Bulk,14,Work Gloves,Ranch_Supplies,1,6.99,6.99,388.33
161,2024-01-03 15:33:42,Bulk,19,Cowboy Hat,Western_Apparel,2,34.99,69.98,388.33
161,2024-01-03 15:33:42,Bulk,20,Cowboy Boots,Western_Apparel,2,89.99,179.98,388.33
161,2024-01-03 15:33:42,Bulk,1,Chuckwagon Beans,Cowboy_Food,2,2.99,5.98,388.33
161,2024-01-03 15:33:42,Bulk,7,Prairie Honey,Cowboy_Food,1,6.49,6.49,388.33
161,2024-01-03 15:33:42,Bulk,13,Saddle Oil,Ranch_Supplies,1,9.99,9.99,388.33
161,2024-01-03 15:33:42,Bulk,22,Flannel Shirt,Western_Apparel,1,29.99,29.99,388.33
162,2024-01-03 12:45:06,Tourist,3,Smoky BBQ Sauce,Cowboy_Food,1,4.49,4.49,39.48
162,2024-01-03 12:45:06,Tourist,19,Cowboy Hat,Western_Apparel,1,34.99,34.99,39.48
163,2024-01-03 16:55:43,Regular,25,Riding Spurs,Rodeo_Gear,1,22.99,22.99,119.4
163,2024-01-03 16:55:43,Regular,2,Campfire Chili,Cowboy_Food,1,3.99,3.99,119.4
163,2024-01-03 16:55:43,Regular,5,Cornbread Mix,Cowboy_Food,1,3.49,3.49,119.4
163,2024-01-03 16:55:43,Regular,1,Chuckwagon Beans,Cowboy_Food,1,2.99,2.99,119.4
163,2024-01-03 16:55:43,Regular,12,Horse Feed Sack,Ranch_Supplies,1,19.99,19.99,119.4
163,2024-01-03 16:55:43,Regular,9,Dried Apple Slices,Cowboy_Food,1,4.99,4.99,119.4
163,2024-01-03 16:55:43,Regular,4,Trail Beef Jerky,Cowboy_Food,1,5.99,5.99,119.4
163,2024-01-03 16:55:43,Regular,13,Saddle Oil,Ranch_Supplies,1,9.99,9.99,119.4
163,2024-01-03 16:55:43,Regular,11,Lasso Rope,Ranch_Supplies,1,14.99,14.99,119.4
163,2024-01-03 16:55:43,Regular,22,Flannel Shirt,Western_Apparel,1,29.99,29.99,119.4
164,2024-01-03 16:52:59,Regular,11,Lasso Rope,Ranch_Supplies,2,14.99,29.98,79.96
164,2024-01-03 16:52:59,Regular,29,Leather Wallet,Leather_Goods,2,24.99,49.98,79.96
165,2024-01-03 17:20:45,Bulk,6,Campfire Coffee,Cowboy_Food,1,7.99,7.99,125.96
165,2024-01-03 17:20:45,Bulk,20,Cowboy Boots,Western_Apparel,1,89.99,89.99,125.96
165,2024-01-03 17:20:45,Bulk,10,Smoked Sausage Links,Cowboy_Food,1,8.99,8.99,125.96
165,2024-01-03 17:20:45,Bulk,26,Rodeo Rope,Rodeo_Gear,1,18.99,18.99,125.96
166,2024-01-03 17:42:27,Regular,25,Riding Spurs,Rodeo_Gear,1,22.99,22.99,89.46
166,2024-01-03 17:42:27,Regular,24,Denim Vest,Western_Apparel,1,39.99,39.99,89.46
166,2024-01-03 17:42:27,Regular,27,Bull Rope Rosin,Rodeo_Gear,1,7.49,7.49,89.46
166,2024-01-03 17:42:27,Regular,26,Rodeo Rope,Rodeo_Gear,1,18.99,18.99,89.46
167,2024-01-03 14:44:18,Casual,6,Campfire Coffee,Cowboy_Food,1,7.99,7.99,86.44
167,2024-01-03 14:44:18,Casual,3,Smoky BBQ Sauce,Cowboy_Food,1,4.49,4.49,86.44
167,2024-01-03 14:44:18,Casual,14,Work Gloves,Ranch_Supplies,1,6.99,6.99,86.44
167,2024-01-03 14:44:18,Casual,26,Rodeo Rope,Rodeo_Gear,1,18.99,18.99,86.44
167,2024-01-03 14:44:18,Casual,19,Cowboy Hat,Western_Apparel,1,34.99,34.99,86.44
167,2024-01-03 14:44:18,Casual,15,Fence Wire (50ft),Ranch_Supplies,1,12.99,12.99,86.44
168,2024-01-03 16:53:52,Bulk,25,Riding Spurs,Rodeo_Gear,1,22.99,22.99,159.44
168,2024-01-03 16:53:52,Bulk,8,Hardtack Biscuits,Cowboy_Food,1,2.49,2.49,159.44
168,2024-01-03 16:53:52,Bulk,26,Rodeo Rope,Rodeo_Gear,1,18.99,18.99,159.44
168,2024-01-03 16:53:52,Bulk,21,Red Bandana,Western_Apparel,1,4.99,4.99,159.44
168,2024-01-03 16:53:52,Bulk,23,Leather Belt,Western_Apparel,1,19.99,19.99,159.44
168,2024-01-03 16:53:52,Bulk,20,Cowboy Boots,Western_Apparel,1,89.99,89.99,159.44
169,2024-01-03 17:06:15,Casual,13,Saddle Oil,Ranch_Supplies,1,9.99,9.99,84.97
169,2024-01-03 17:06:15,Casual,28,Leather Saddlebag,Leather_Goods,1,59.99,59.99,84.97
169,2024-01-03 17:06:15,Casual,11,Lasso Rope,Ranch_Supplies,1,14.99,14.99,84.97
170,2024-01-03 12:40:28,Casual,25,Riding Spurs,Rodeo_Gear,1,22.99,22.99,22.99
171,2024-01-03 17:59:46,Bulk,11,Lasso Rope,Ranch_Supplies,1,14.99,14.99,149.41
171,2024-01-03 17:59:46,Bulk,13,Saddle Oil,Ranch_Supplies,2,9.99,19.98,149.41
171,2024-01-03 17:59:46,Bulk,17,Stock Tank Float,Ranch_Supplies,1,8.49,8.49,149.41
171,2024-01-03 17:59:46,Bulk,14,Work Gloves,Ranch_Supplies,1,6.99,6.99,149.41
171,2024-01-03 17:59:46,Bulk,24,Denim Vest,Western_Apparel,1,39.99,39.99,149.41
171,2024-01-03 17:59:46,Bulk,22,Flannel Shirt,Western_Apparel,1,29.99,29.99,149.41
171,2024-01-03 17:59:46,Bulk,10,Smoked Sausage Links,Cowboy_Food,1,8.99,8.99,149.41
171,2024-01-03 17:59:46,Bulk,23,Leather Belt,Western_Apparel,1,19.99,19.99,149.41
172,2024-01-03 10:46:55,Bulk,22,Flannel Shirt,Western_Apparel,1,29.99,29.99,475.31
172,2024-01-03 10:46:55,Bulk,6,Campfire Coffee,Cowboy_Food,1,7.99,7.99,475.31
172,2024-01-03 10:46:55,Bulk,20,Cowboy Boots,Western_Apparel,2,89.99,179.98,475.31
172,2024-01-03 10:46:55,Bulk,7,Prairie Honey,Cowboy_Food,1,6.49,6.49,475.31
172,2024-01-03 10:46:55,Bulk,14,Work Gloves,Ranch_Supplies,1,6.99,6.99,475.31
172,2024-01-03 10:46:55,Bulk,29,Leather Wallet,Leather_Goods,1,24.99,24.99,475.31
172,2024-01-03 10:46:55,Bulk,11,Lasso Rope,Ranch_Supplies,3,14.99,44.97,475.31
172,2024-01-03 10:46:55,Bulk,26,Rodeo Rope,Rodeo_Gear,3,18.99,56.97,475.31
172,2024-01-03 10:46:55,Bulk,30,Leather Journal,Leather_Goods,1,14.99,14.99,475.31
172,2024-01-03 10:46:55,Bulk,4,Trail Beef Jerky,Cowboy_Food,1,5.99,5.99,475.31
172,2024-01-03 10:46:55,Bulk,24,Denim Vest,Western_Apparel,2,39.99,79.98,475.31
172,2024-01-03 10:46:55,Bulk,1,Chuckwagon Beans,Cowboy_Food,1,2.99,2.99,475.31
172,2024-01-03 10:46:55,Bulk,15,Fence Wire (50ft),Ranch_Supplies,1,12.99,12.99,475.31
173,2024-01-03 18:51:55,Casual,4,Trail Beef Jerky,Cowboy_Food,1,5.99,5.99,40.98
173,2024-01-03 18:51:55,Casual,19,Cowboy Hat,Western_Apparel,1,34.99,34.99,40.98
174,2024-01-03 16:54:05,Casual,16,Hay Bale Twine,Ranch_Supplies,1,5.99,5.99,112.93
174,2024-01-03 16:54:05,Casual,14,Work Gloves,Ranch_Supplies,1,6.99,6.99,112.93
174,2024-01-03 16:54:05,Casual,24,Denim Vest,Western_Apparel,1,39.99,39.99,112.93
174,2024-01-03 16:54:05,Casual,10,Smoked Sausage Links,Cowboy_Food,1,8.99,8.99,112.93
174,2024-01-03 16:54:05,Casual,11,Lasso Rope,Ranch_Supplies,1,14.99,14.99,112.93
174,2024-01-03 16:54:05,Casual,4,Trail Beef Jerky,Cowboy_Food,1,5.99,5.99,112.93
174,2024-01-03 16:54:05,Casual,22,Flannel Shirt,Western_Apparel,1,29.99,29.99,112.93
175,2024-01-03 10:45:53,Casual,8,Hardtack Biscuits,Cowboy_Food,1,2.49,2.49,13.47
175,2024-01-03 10:45:53,Casual,16,Hay Bale Twine,Ranch_Supplies,1,5.99,5.99,13.47
175,2024-01-03 10:45:53,Casual,9,Dried Apple Slices,Cowboy_Food,1,4.99,4.99,13.47
176,2024-01-03 16:17:06,Regular,17,Stock Tank Float,Ranch_Supplies,1,8.49,8.49,35.97
176,2024-01-03 16:17:06,Regular,3,Smoky BBQ Sauce,Cowboy_Food,1,4.49,4.49,35.97
176,2024-01-03 16:17:06,Regular,25,Riding Spurs,Rodeo_Gear,1,22.99,22.99,35.97
177,2024-01-03 10:01:35,Bulk,5,Cornbread Mix,Cowboy_Food,2,3.49,6.98,307.86
177,2024-01-03 10:01:35,Bulk,14,Work Gloves,Ranch_Supplies,1,6.99,6.99,307.86
177,2024-01-03 10:01:35,Bulk,1,Chuckwagon Beans,Cowboy_Food,1,2.99,2.99,307.86
177,2024-01-03 10:01:35,Bulk,6,Campfire Coffee,Cowboy_Food,1,7.99,7.99,307.86
177,2024-01-03 10:01:35,Bulk,21,Red Bandana,Western_Apparel,1,4.99,4.99,307.86
177,2024-01-03 10:01:35,Bulk,25,Riding Spurs,Rodeo_Gear,1,22.99,22.99,307.86
177,2024-01-03 10:01:35,Bulk,2,Campfire Chili,Cowboy_Food,1,3.99,3.99,307.86
177,2024-01-03 10:01:35,Bulk,26,Rodeo Rope,Rodeo_Gear,2,18.99,37.98,307.86
177,2024-01-03 10:01:35,Bulk,23,Leather Belt,Western_Apparel,1,19.99,19.99,307.86
177,2024-01-03 10:01:35,Bulk,20,Cowboy Boots,Western_Apparel,2,89.99,179.98,307.86
177,2024-01-03 10:01:35,Bulk,15,Fence Wire (50ft),Ranch_Supplies,1,12.99,12.99,307.86
178,2024-01-03 16:54:55,Regular,29,Leather Wallet,Leather_Goods,1,24.99,24.99,134.97
178,2024-01-03 16:54:55,Regular,12,Horse Feed Sack,Ranch_Supplies,1,19.99,19.99,134.97
178,2024-01-03 16:54:55,Regular,20,Cowboy Boots,Western_Apparel,1,89.99,89.99,134.97
179,2024-01-03 17:04:39,Casual,22,Flannel Shirt,Western_Apparel,1,29.99,29.99,80.96
179,2024-01-03 17:04:39,Casual,10,Smoked Sausage Links,Cowboy_Food,1,8.99,8.99,80.96
179,2024-01-03 17:04:39,Casual,19,Cowboy Hat,Western_Apparel,1,34.99,34.99,80.96
179,2024-01-03 17:04:39,Casual,14,Work Gloves,Ranch_Supplies,1,6.99,6.99,80.96
180,2024-01-03 15:59:56,Bulk,15,Fence Wire (50ft),Ranch_Supplies,1,12.99,12.99,159.93
180,2024-01-03 15:59:56,Bulk,28,Leather Saddlebag,Leather_Goods,1,59.99,59.99,159.93
180,2024-01-03 15:59:56,Bulk,11,Lasso Rope,Ranch_Supplies,1,14.99,14.99,159.93
180,2024-01-03 15:59:56,Bulk,25,Riding Spurs,Rodeo_Gear,1,22.99,22.99,159.93
180,2024-01-03 15:59:56,Bulk,2,Campfire Chili,Cowboy_Food,1,3.99,3.99,159.93
180,2024-01-03 15:59:56,Bulk,22,Flannel Shirt,Western_Apparel,1,29.99,29.99,159.93
180,2024-01-03 15:59:56,Bulk,30,Leather Journal,Leather_Goods,1,14.99,14.99,159.93
181,2024-01-03 17:25:20,Regular,9,Dried Apple Slices,Cowboy_Food,1,4.99,4.99,144.4
181,2024-01-03 17:25:20,Regular,21,Red Bandana,Western_Apparel,1,4.99,4.99,144.4
181,2024-01-03 17:25:20,Regular,5,Cornbread Mix,Cowboy_Food,1,3.49,3.49,144.4
181,2024-01-03 17:25:20,Regular,4,Trail Beef Jerky,Cowboy_Food,1,5.99,5.99,144.4
181,2024-01-03 17:25:20,Regular,2,Campfire Chili,Cowboy_Food,1,3.99,3.99,144.4
181,2024-01-03 17:25:20,Regular,26,Rodeo Rope,Rodeo_Gear,1,18.99,18.99,144.4
181,2024-01-03 17:25:20,Regular,20,Cowboy Boots,Western_Apparel,1,89.99,89.99,144.4
181,2024-01-03 17:25:20,Regular,1,Chuckwagon Beans,Cowboy_Food,2,2.99,5.98,144.4
181,2024-01-03 17:25:20,Regular,16,Hay Bale Twine,Ranch_Supplies,1,5.99,5.99,144.4
182,2024-01-03 10:48:18,Regular,29,Leather Wallet,Leather_Goods,1,24.99,24.99,87.95
182,2024-01-03 10:48:18,Regular,30,Leather Journal,Leather_Goods,1,14.99,14.99,87.95
182,2024-01-03 10:48:18,Regular,22,Flannel Shirt,Western_Apparel,1,29.99,29.99,87.95
182,2024-01-03 10:48:18,Regular,13,Saddle Oil,Ranch_Supplies,1,9.99,9.99,87.95
182,2024-01-03 10:48:18,Regular,6,Campfire Coffee,Cowboy_Food,1,7.99,7.99,87.95
183,2024-01-03 12:19:19,Regular,13,Saddle Oil,Ranch_Supplies,1,9.99,9.99,49.98
183,2024-01-03 12:19:19,Regular,24,Denim Vest,Western_Apparel,1,39.99,39.99,49.98
184,2024-01-03 14:28:21,Casual,23,Leather Belt,Western_Apparel,1,19.99,19.99,67.96
184,2024-01-03 14:28:21,Casual,12,Horse Feed Sack,Ranch_Supplies,2,19.99,39.98,67.96
184,2024-01-03 14:28:21,Casual,6,Campfire Coffee,Cowboy_Food,1,7.99,7.99,67.96
185,2024-01-03 10:09:40,Regular,22,Flannel Shirt,Western_Apparel,1,29.99,29.99,38.98
185,2024-01-03 10:09:40,Regular,10,Smoked Sausage Links,Cowboy_Food,1,8.99,8.99,38.98
186,2024-01-03 14:53:27,Regular,11,Lasso Rope,Ranch_Supplies,3,14.99,44.97,77.92
186,2024-01-03 14:53:27,Regular,15,Fence Wire (50ft),Ranch_Supplies,1,12.99,12.99,77.92
186,2024-01-03 14:53:27,Regular,9,Dried Apple Slices,Cowboy_Food,1,4.99,4.99,77.92
186,2024-01-03 14:53:27,Regular,3,Smoky BBQ Sauce,Cowboy_Food,2,4.49,8.98,77.92
186,2024-01-03 14:53:27,Regular,16,Hay Bale Twine,Ranch_Supplies,1,5.99,5.99,77.92
187,2024-01-03 12:13:44,Casual,1,Chuckwagon Beans,Cowboy_Food,1,2.99,2.99,9.48
187,2024-01-03 12:13:44,Casual,7,Prairie Honey,Cowboy_Food,1,6.49,6.49,9.48
188,2024-01-03 14:08:24,Casual,15,Fence Wire (50ft),Ranch_Supplies,1,12.99,12.99,15.98
188,2024-01-03 14:08:24,Casual,1,Chuckwagon Beans,Cowboy_Food,1,2.99,2.99,15.98
189,2024-01-03 14:37:18,Regular,1,Chuckwagon Beans,Cowboy_Food,1,2.99,2.99,36.96
189,2024-01-03 14:37:18,Regular,29,Leather Wallet,Leather_Goods,1,24.99,24.99,36.96
189,2024-01-03 14:37:18,Regular,3,Smoky BBQ Sauce,Cowboy_Food,2,4.49,8.98,36.96
190,2024-01-03 17:35:11,Regular,30,Leather Journal,Leather_Goods,1,14.99,14.99,73.46
190,2024-01-03 17:35:11,Regular,5,Cornbread Mix,Cowboy_Food,1,3.49,3.49,73.46
190,2024-01-03 17:35:11,Regular,19,Cowboy Hat,Western_Apparel,1,34.99,34.99,73.46
190,2024-01-03 17:35:11,Regular,12,Horse Feed Sack,Ranch_Supplies,1,19.99,19.99,73.46
191,2024-01-03 12:16:33,Tourist,19,Cowboy Hat,Western_Apparel,1,34.99,34.99,63.97
191,2024-01-03 12:16:33,Tourist,29,Leather Wallet,Leather_Goods,1,24.99,24.99,63.97
191,2024-01-03 12:16:33,Tourist,2,Campfire Chili,Cowboy_Food,1,3.99,3.99,63.97
192,2024-01-03 17:41:53,Casual,13,Saddle Oil,Ranch_Supplies,1,9.99,9.99,46.96
192,2024-01-03 17:41:53,Casual,4,Trail Beef Jerky,Cowboy_Food,1,5.99,5.99,46.96
192,2024-01-03 17:41:53,Casual,6,Campfire Coffee,Cowboy_Food,1,7.99,7.99,46.96
192,2024-01-03 17:41:53,Casual,25,Riding Spurs,Rodeo_Gear,1,22.99,22.99,46.96
193,2024-01-03 14:38:51,Bulk,17,Stock Tank Float,Ranch_Supplies,2,8.49,16.98,205.95
193,2024-01-03 14:38:51,Bulk,20,Cowboy Boots,Western_Apparel,2,89.99,179.98,205.95
193,2024-01-03 14:38:51,Bulk,10,Smoked Sausage Links,Cowboy_Food,1,8.99,8.99,205.95
194,2024-01-03 12:56:15,Regular,9,Dried Apple Slices,Cowboy_Food,1,4.99,4.99,20.46
194,2024-01-03 12:56:15,Regular,3,Smoky BBQ Sauce,Cowboy_Food,1,4.49,4.49,20.46
194,2024-01-03 12:56:15,Regular,6,Campfire Coffee,Cowboy_Food,1,7.99,7.99,20.46
194,2024-01-03 12:56:15,Regular,1,Chuckwagon Beans,Cowboy_Food,1,2.99,2.99,20.46
195,2024-01-03 15:21:28,Regular,8,Hardtack Biscuits,Cowboy_Food,1,2.49,2.49,22.48
195,2024-01-03 15:21:28,Regular,12,Horse Feed Sack,Ranch_Supplies,1,19.99,19.99,22.48
196,2024-01-03 14:31:42,Regular,4,Trail Beef Jerky,Cowboy_Food,1,5.99,5.99,133.42
196,2024-01-03 14:31:42,Regular,1,Chuckwagon Beans,Cowboy_Food,1,2.99,2.99,133.42
196,2024-01-03 14:31:42,Regular,7,Prairie Honey,Cowboy_Food,1,6.49,6.49,133.42
196,2024-01-03 14:31:42,Regular,28,Leather Saddlebag,Leather_Goods,1,59.99,59.99,133.42
196,2024-01-03 14:31:42,Regular,23,Leather Belt,Western_Apparel,1,19.99,19.99,133.42
196,2024-01-03 14:31:42,Regular,29,Leather Wallet,Leather_Goods,1,24.99,24.99,133.42
196,2024-01-03 14:31:42,Regular,3,Smoky BBQ Sauce,Cowboy_Food,1,4.49,4.49,133.42
196,2024-01-03 14:31:42,Regular,17,Stock Tank Float,Ranch_Supplies,1,8.49,8.49,133.42
197,2024-01-03 12:08:36,Casual,16,Hay Bale Twine,Ranch_Supplies,1,5.99,5.99,9.48
197,2024-01-03 12:08:36,Casual,5,Cornbread Mix,Cowboy_Food,1,3.49,3.49,9.48
198,2024-01-03 15:21:04,Regular,24,Denim Vest,Western_Apparel,1,39.99,39.99,79.97
198,2024-01-03 15:21:04,Regular,19,Cowboy Hat,Western_Apparel,1,34.99,34.99,79.97
198,2024-01-03 15:21:04,Regular,21,Red Bandana,Western_Apparel,1,4.99,4.99,79.97
199,2024-01-03 11:16:35,Regular,16,Hay Bale Twine,Ranch_Supplies,2,5.99,11.98,107.93
199,2024-01-03 11:16:35,Regular,4,Trail Beef Jerky,Cowboy_Food,1,5.99,5.99,107.93
199,2024-01-03 11:16:35,Regular,18,Branding Iron,Ranch_Supplies,1,24.99,24.99,107.93
199,2024-01-03 11:16:35,Regular,23,Leather Belt,Western_Apparel,1,19.99,19.99,107.93
199,2024-01-03 11:16:35,Regular,24,Denim Vest,Western_Apparel,1,39.99,39.99,107.93
199,2024-01-03 11:16:35,Regular,9,Dried Apple Slices,Cowboy_Food,1,4.99,4.99,107.93
200,2024-01-03 13:20:02,Casual,24,Denim Vest,Western_Apparel,1,39.99,39.99,86.46
200,2024-01-03 13:20:02,Casual,17,Stock Tank Float,Ranch_Supplies,1,8.49,8.49,86.46
200,2024-01-03 13:20:02,Casual,6,Campfire Coffee,Cowboy_Food,1,7.99,7.99,86.46
200,2024-01-03 13:20:02,Casual,22,Flannel Shirt,Western_Apparel,1,29.99,29.99,86.46
201,2024-01-03 15:46:06,Tourist,27,Bull Rope Rosin,Rodeo_Gear,1,7.49,7.49,134.95
201,2024-01-03 15:46:06,Tourist,22,Flannel Shirt,Western_Apparel,1,29.99,29.99,134.95
201,2024-01-03 15:46:06,Tourist,20,Cowboy Boots,Western_Apparel,1,89.99,89.99,134.95
201,2024-01-03 15:46:06,Tourist,8,Hardtack Biscuits,Cowboy_Food,1,2.49,2.49,134.95
201,2024-01-03 15:46:06,Tourist,21,Red Bandana,Western_Apparel,1,4.99,4.99,134.95
202,2024-01-03 14:28:39,Casual,16,Hay Bale Twine,Ranch_Supplies,1,5.99,5.99,46.45
202,2024-01-03 14:28:39,Casual,9,Dried Apple Slices,Cowboy_Food,1,4.99,4.99,46.45
202,2024-01-03 14:28:39,Casual,4,Trail Beef Jerky,Cowboy_Food,1,5.99,5.99,46.45
202,2024-01-03 14:28:39,Casual,7,Prairie Honey,Cowboy_Food,1,6.49,6.49,46.45
202,2024-01-03 14:28:39,Casual,25,Riding Spurs,Rodeo_Gear,1,22.99,22.99,46.45
203,2024-01-03 17:13:06,Regular,7,Prairie Honey,Cowboy_Food,1,6.49,6.49,14.48
203,2024-01-03 17:13:06,Regular,6,Campfire Coffee,Cowboy_Food,1,7.99,7.99,14.48
204,2024-01-03 12:08:20,Regular,19,Cowboy Hat,Western_Apparel,1,34.99,34.99,103.97
204,2024-01-03 12:08:20,Regular,10,Smoked Sausage Links,Cowboy_Food,1,8.99,8.99,103.97
204,2024-01-03 12:08:20,Regular,28,Leather Saddlebag,Leather_Goods,1,59.99,59.99,103.97
205,2024-01-03 18:26:35,Regular,19,Cowboy Hat,Western_Apparel,2,34.99,69.98,142.42
205,2024-01-03 18:26:35,Regular,23,Leather Belt,Western_Apparel,1,19.99,19.99,142.42
205,2024-01-03 18:26:35,Regular,18,Branding Iron,Ranch_Supplies,1,24.99,24.99,142.42
205,2024-01-03 18:26:35,Regular,14,Work Gloves,Ranch_Supplies,1,6.99,6.99,142.42
205,2024-01-03 18:26:35,Regular,4,Trail Beef Jerky,Cowboy_Food,1,5.99,5.99,142.42
205,2024-01-03 18:26:35,Regular,6,Campfire Coffee,Cowboy_Food,1,7.99,7.99,142.42
205,2024-01-03 18:26:35,Regular,7,Prairie Honey,Cowboy_Food,1,6.49,6.49,142.42
206,2024-01-03 16:59:39,Regular,29,Leather Wallet,Leather_Goods,1,24.99,24.99,157.91
206,2024-01-03 16:59:39,Regular,24,Denim Vest,Western_Apparel,1,39.99,39.99,157.91
206,2024-01-03 16:59:39,Regular,21,Red Bandana,Western_Apparel,1,4.99,4.99,157.91
206,2024-01-03 16:59:39,Regular,26,Rodeo Rope,Rodeo_Gear,1,18.99,18.99,157.91
206,2024-01-03 16:59:39,Regular,27,Bull Rope Rosin,Rodeo_Gear,1,7.49,7.49,157.91
206,2024-01-03 16:59:39,Regular,9,Dried Apple Slices,Cowboy_Food,1,4.99,4.99,157.91
206,2024-01-03 16:59:39,Regular,18,Branding Iron,Ranch_Supplies,2,24.99,49.98,157.91
206,2024-01-03 16:59:39,Regular,7,Prairie Honey,Cowboy_Food,1,6.49,6.49,157.91
207,2024-01-03 18:24:26,Bulk,22,Flannel Shirt,Western_Apparel,1,29.99,29.99,274.86
207,2024-01-03 18:24:26,Bulk,9,Dried Apple Slices,Cowboy_Food,1,4.99,4.99,274.86
207,2024-01-03 18:24:26,Bulk,5,Cornbread Mix,Cowboy_Food,1,3.49,3.49,274.86
207,2024-01-03 18:24:26,Bulk,13,Saddle Oil,Ranch_Supplies,2,9.99,19.98,274.86
207,2024-01-03 18:24:26,Bulk,16,Hay Bale Twine,Ranch_Supplies,1,5.99,5.99,274.86
207,2024-01-03 18:24:26,Bulk,28,Leather Saddlebag,Leather_Goods,2,59.99,119.98,274.86
207,2024-01-03 18:24:26,Bulk,26,Rodeo Rope,Rodeo_Gear,1,18.99,18.99,274.86
207,2024-01-03 18:24:26,Bulk,25,Riding Spurs,Rodeo_Gear,1,22.99,22.99,274.86
207,2024-01-03 18:24:26,Bulk,29,Leather Wallet,Leather_Goods,1,24.99,24.99,274.86
207,2024-01-03 18:24:26,Bulk,2,Campfire Chili,Cowboy_Food,1,3.99,3.99,274.86
207,2024-01-03 18:24:26,Bulk,3,Smoky BBQ Sauce,Cowboy_Food,1,4.49,4.49,274.86
207,2024-01-03 18:24:26,Bulk,11,Lasso Rope,Ranch_Supplies,1,14.99,14.99,274.86
208,2024-01-03 17:18:05,Regular,19,Cowboy Hat,Western_Apparel,1,34.99,34.99,77.44
208,2024-01-03 17:18:05,Regular,5,Cornbread Mix,Cowboy_Food,1,3.49,3.49,77.44
208,2024-01-03 17:18:05,Regular,29,Leather Wallet,Leather_Goods,1,24.99,24.99,77.44
208,2024-01-03 17:18:05,Regular,8,Hardtack Biscuits,Cowboy_Food,1,2.49,2.49,77.44
208,2024-01-03 17:18:05,Regular,7,Prairie Honey,Cowboy_Food,1,6.49,6.49,77.44
208,2024-01-03 17:18:05,Regular,21,Red Bandana,Western_Apparel,1,4.99,4.99,77.44
209,2024-01-03 11:11:47,Bulk,9,Dried Apple Slices,Cowboy_Food,1,4.99,4.99,130.93
209,2024-01-03 11:11:47,Bulk,13,Saddle Oil,Ranch_Supplies,1,9.99,9.99,130.93
209,2024-01-03 11:11:47,Bulk,5,Cornbread Mix,Cowboy_Food,2,3.49,6.98,130.93
209,2024-01-03 11:11:47,Bulk,15,Fence Wire (50ft),Ranch_Supplies,1,12.99,12.99,130.93
209,2024-01-03 11:11:47,Bulk,4,Trail Beef Jerky,Cowboy_Food,1,5.99,5.99,130.93
209,2024-01-03 11:11:47,Bulk,20,Cowboy Boots,Western_Apparel,1,89.99,89.99,130.93
210,2024-01-03 15:31:56,Casual,2,Campfire Chili,Cowboy_Food,1,3.99,3.99,8.98
210,2024-01-03 15:31:56,Casual,21,Red Bandana,Western_Apparel,1,4.99,4.99,8.98
211,2024-01-03 11:25:53,Tourist,10,Smoked Sausage Links,Cowboy_Food,1,8.99,8.99,11.48
211,2024-01-03 11:25:53,Tourist,8,Hardtack Biscuits,Cowboy_Food,1,2.49,2.49,11.48
212,2024-01-03 17:11:44,Regular,1,Chuckwagon Beans,Cowboy_Food,1,2.99,2.99,53.93
212,2024-01-03 17:11:44,Regular,18,Branding Iron,Ranch_Supplies,1,24.99,24.99,53.93
212,2024-01-03 17:11:44,Regular,10,Smoked Sausage Links,Cowboy_Food,1,8.99,8.99,53.93
212,2024-01-03 17:11:44,Regular,3,Smoky BBQ Sauce,Cowboy_Food,1,4.49,4.49,53.93
212,2024-01-03 17:11:44,Regular,5,Cornbread Mix,Cowboy_Food,1,3.49,3.49,53.93
212,2024-01-03 17:11:44,Regular,9,Dried Apple Slices,Cowboy_Food,1,4.99,4.99,53.93
212,2024-01-03 17:11:44,Regular,2,Campfire Chili,Cowboy_Food,1,3.99,3.99,53.93
213,2024-01-03 15:53:24,Regular,21,Red Bandana,Western_Apparel,1,4.99,4.99,124.46
213,2024-01-03 15:53:24,Regular,18,Branding Iron,Ranch_Supplies,1,24.99,24.99,124.46
213,2024-01-03 15:53:24,Regular,20,Cowboy Boots,Western_Apparel,1,89.99,89.99,124.46
213,2024-01-03 15:53:24,Regular,3,Smoky BBQ Sauce,Cowboy_Food,1,4.49,4.49,124.46
214,2024-01-03 12:12:52,Regular,26,Rodeo Rope,Rodeo_Gear,1,18.99,18.99,111.43
214,2024-01-03 12:12:52,Regular,10,Smoked Sausage Links,Cowboy_Food,1,8.99,8.99,111.43
214,2024-01-03 12:12:52,Regular,1,Chuckwagon Beans,Cowboy_Food,1,2.99,2.99,111.43
214,2024-01-03 12:12:52,Regular,14,Work Gloves,Ranch_Supplies,2,6.99,13.98,111.43
214,2024-01-03 12:12:52,Regular,28,Leather Saddlebag,Leather_Goods,1,59.99,59.99,111.43
214,2024-01-03 12:12:52,Regular,7,Prairie Honey,Cowboy_Food,1,6.49,6.49,111.43
215,2024-01-03 17:59:29,Regular,21,Red Bandana,Western_Apparel,1,4.99,4.99,4.99
216,2024-01-03 10:57:08,Regular,16,Hay Bale Twine,Ranch_Supplies,1,5.99,5.99,130.97
216,2024-01-03 10:57:08,Regular,20,Cowboy Boots,Western_Apparel,1,89.99,89.99,130.97
216,2024-01-03 10:57:08,Regular,19,Cowboy Hat,Western_Apparel,1,34.99,34.99,130.97
217,2024-01-03 15:45:51,Regular,28,Leather Saddlebag,Leather_Goods,1,59.99,59.99,89.98
217,2024-01-03 15:45:51,Regular,22,Flannel Shirt,Western_Apparel,1,29.99,29.99,89.98
218,2024-01-03 16:38:19,Casual,2,Campfire Chili,Cowboy_Food,1,3.99,3.99,21.96
218,2024-01-03 16:38:19,Casual,3,Smoky BBQ Sauce,Cowboy_Food,2,4.49,8.98,21.96
218,2024-01-03 16:38:19,Casual,10,Smoked Sausage Links,Cowboy_Food,1,8.99,8.99,21.96
219,2024-01-03 10:23:56,Regular,8,Hardtack Biscuits,Cowboy_Food,1,2.49,2.49,83.95
219,2024-01-03 10:23:56,Regular,9,Dried Apple Slices,Cowboy_Food,1,4.99,4.99,83.95
219,2024-01-03 10:23:56,Regular,7,Prairie Honey,Cowboy_Food,1,6.49,6.49,83.95
219,2024-01-03 10:23:56,Regular,24,Denim Vest,Western_Apparel,1,39.99,39.99,83.95
219,2024-01-03 10:23:56,Regular,22,Flannel Shirt,Western_Apparel,1,29.99,29.99,83.95
220,2024-01-03 15:58:22,Tourist,3,Smoky BBQ Sauce,Cowboy_Food,1,4.49,4.49,65.42
220,2024-01-03 15:58:22,Tourist,4,Trail Beef Jerky,Cowboy_Food,2,5.99,11.98,65.42
220,2024-01-03 15:58:22,Tourist,29,Leather Wallet,Leather_Goods,1,24.99,24.99,65.42
220,2024-01-03 15:58:22,Tourist,8,Hardtack Biscuits,Cowboy_Food,1,2.49,2.49,65.42
220,2024-01-03 15:58:22,Tourist,10,Smoked Sausage Links,Cowboy_Food,1,8.99,8.99,65.42
220,2024-01-03 15:58:22,Tourist,9,Dried Apple Slices,Cowboy_Food,1,4.99,4.99,65.42
220,2024-01-03 15:58:22,Tourist,27,Bull Rope Rosin,Rodeo_Gear,1,7.49,7.49,65.42
221,2024-01-03 17:10:52,Regular,16,Hay Bale Twine,Ranch_Supplies,1,5.99,5.99,14.98
221,2024-01-03 17:10:52,Regular,10,Smoked Sausage Links,Cowboy_Food,1,8.99,8.99,14.98
222,2024-01-03 10:29:32,Regular,24,Denim Vest,Western_Apparel,1,39.99,39.99,63.44
222,2024-01-03 10:29:32,Regular,3,Smoky BBQ Sauce,Cowboy_Food,1,4.49,4.49,63.44
222,2024-01-03 10:29:32,Regular,9,Dried Apple Slices,Cowboy_Food,1,4.99,4.99,63.44
222,2024-01-03 10:29:32,Regular,16,Hay Bale Twine,Ranch_Supplies,1,5.99,5.99,63.44
222,2024-01-03 10:29:32,Regular,2,Campfire Chili,Cowboy_Food,2,3.99,7.98,63.44
223,2024-01-03 15:25:28,Regular,6,Campfire Coffee,Cowboy_Food,1,7.99,7.99,11.48
223,2024-01-03 15:25:28,Regular,5,Cornbread Mix,Cowboy_Food,1,3.49,3.49,11.48
224,2024-01-03 12:09:17,Regular,24,Denim Vest,Western_Apparel,1,39.99,39.99,159.44
224,2024-01-03 12:09:17,Regular,14,Work Gloves,Ranch_Supplies,1,6.99,6.99,159.44
224,2024-01-03 12:09:17,Regular,15,Fence Wire (50ft),Ranch_Supplies,1,12.99,12.99,159.44
224,2024-01-03 12:09:17,Regular,9,Dried Apple Slices,Cowboy_Food,1,4.99,4.99,159.44
224,2024-01-03 12:09:17,Regular,3,Smoky BBQ Sauce,Cowboy_Food,1,4.49,4.49,159.44
224,2024-01-03 12:09:17,Regular,20,Cowboy Boots,Western_Apparel,1,89.99,89.99,159.44
225,2024-01-03 16:19:50,Regular,12,Horse Feed Sack,Ranch_Supplies,2,19.99,39.98,53.46
225,2024-01-03 16:19:50,Regular,3,Smoky BBQ Sauce,Cowboy_Food,1,4.49,4.49,53.46
225,2024-01-03 16:19:50,Regular,10,Smoked Sausage Links,Cowboy_Food,1,8.99,8.99,53.46
226,2024-01-04 15:16:03,Bulk,25,Riding Spurs,Rodeo_Gear,2,22.99,45.98,225.88
226,2024-01-04 15:16:03,Bulk,18,Branding Iron,Ranch_Supplies,1,24.99,24.99,225.88
226,2024-01-04 15:16:03,Bulk,4,Trail Beef Jerky,Cowboy_Food,1,5.99,5.99,225.88
226,2024-01-04 15:16:03,Bulk,24,Denim Vest,Western_Apparel,1,39.99,39.99,225.88
226,2024-01-04 15:16:03,Bulk,21,Red Bandana,Western_Apparel,1,4.99,4.99,225.88
226,2024-01-04 15:16:03,Bulk,22,Flannel Shirt,Western_Apparel,1,29.99,29.99,225.88
226,2024-01-04 15:16:03,Bulk,11,Lasso Rope,Ranch_Supplies,2,14.99,29.98,225.88
226,2024-01-04 15:16:03,Bulk,16,Hay Bale Twine,Ranch_Supplies,1,5.99,5.99,225.88
226,2024-01-04 15:16:03,Bulk,1,Chuckwagon Beans,Cowboy_Food,1,2.99,2.99,225.88
226,2024-01-04 15:16:03,Bulk,19,Cowboy Hat,Western_Apparel,1,34.99,34.99,225.88
227,2024-01-04 15:14:31,Regular,22,Flannel Shirt,Western_Apparel,1,29.99,29.99,155.87
227,2024-01-04 15:14:31,Regular,15,Fence Wire (50ft),Ranch_Supplies,1,12.99,12.99,155.87
227,2024-01-04 15:14:31,Regular,26,Rodeo Rope,Rodeo_Gear,1,18.99,18.99,155.87
227,2024-01-04 15:14:31,Regular,3,Smoky BBQ Sauce,Cowboy_Food,2,4.49,8.98,155.87
227,2024-01-04 15:14:31,Regular,11,Lasso Rope,Ranch_Supplies,1,14.99,14.99,155.87
227,2024-01-04 15:14:31,Regular,14,Work Gloves,Ranch_Supplies,2,6.99,13.98,155.87
227,2024-01-04 15:14:31,Regular,12,Horse Feed Sack,Ranch_Supplies,1,19.99,19.99,155.87
227,2024-01-04 15:14:31,Regular,4,Trail Beef Jerky,Cowboy_Food,1,5.99,5.99,155.87
227,2024-01-04 15:14:31,Regular,25,Riding Spurs,Rodeo_Gear,1,22.99,22.99,155.87
227,2024-01-04 15:14:31,Regular,2,Campfire Chili,Cowboy_Food,1,3.99,3.99,155.87
227,2024-01-04 15:14:31,Regular,1,Chuckwagon Beans,Cowboy_Food,1,2.99,2.99,155.87
228,2024-01-04 18:23:02,Bulk,4,Trail Beef Jerky,Cowboy_Food,1,5.99,5.99,40.46
228,2024-01-04 18:23:02,Bulk,8,Hardtack Biscuits,Cowboy_Food,1,2.49,2.49,40.46
228,2024-01-04 18:23:02,Bulk,26,Rodeo Rope,Rodeo_Gear,1,18.99,18.99,40.46
228,2024-01-04 18:23:02,Bulk,15,Fence Wire (50ft),Ranch_Supplies,1,12.99,12.99,40.46
229,2024-01-04 16:49:52,Regular,25,Riding Spurs,Rodeo_Gear,1,22.99,22.99,63.95
229,2024-01-04 16:49:52,Regular,26,Rodeo Rope,Rodeo_Gear,1,18.99,18.99,63.95
229,2024-01-04 16:49:52,Regular,16,Hay Bale Twine,Ranch_Supplies,1,5.99,5.99,63.95
229,2024-01-04 16:49:52,Regular,10,Smoked Sausage Links,Cowboy_Food,1,8.99,8.99,63.95
229,2024-01-04 16:49:52,Regular,14,Work Gloves,Ranch_Supplies,1,6.99,6.99,63.95
230,2024-01-04 15:18:51,Regular,22,Flannel Shirt,Western_Apparel,3,29.99,89.97,231.36
230,2024-01-04 15:18:51,Regular,4,Trail Beef Jerky,Cowboy_Food,1,5.99,5.99,231.36
230,2024-01-04 15:18:51,Regular,9,Dried Apple Slices,Cowboy_Food,2,4.99,9.98,231.36
230,2024-01-04 15:18:51,Regular,12,Horse Feed Sack,Ranch_Supplies,1,19.99,19.99,231.36
230,2024-01-04 15:18:51,Regular,11,Lasso Rope,Ranch_Supplies,2,14.99,29.98,231.36
230,2024-01-04 15:18:51,Regular,24,Denim Vest,Western_Apparel,1,39.99,39.99,231.36
230,2024-01-04 15:18:51,Regular,7,Prairie Honey,Cowboy_Food,1,6.49,6.49,231.36
230,2024-01-04 15:18:51,Regular,2,Campfire Chili,Cowboy_Food,1,3.99,3.99,231.36
230,2024-01-04 15:18:51,Regular,23,Leather Belt,Western_Apparel,1,19.99,19.99,231.36
230,2024-01-04 15:18:51,Regular,21,Red Bandana,Western_Apparel,1,4.99,4.99,231.36
231,2024-01-04 15:10:00,Regular,2,Campfire Chili,Cowboy_Food,1,3.99,3.99,110.42
231,2024-01-04 15:10:00,Regular,30,Leather Journal,Leather_Goods,1,14.99,14.99,110.42
231,2024-01-04 15:10:00,Regular,26,Rodeo Rope,Rodeo_Gear,2,18.99,37.98,110.42
231,2024-01-04 15:10:00,Regular,29,Leather Wallet,Leather_Goods,1,24.99,24.99,110.42
231,2024-01-04 15:10:00,Regular,12,Horse Feed Sack,Ranch_Supplies,1,19.99,19.99,110.42
231,2024-01-04 15:10:00,Regular,8,Hardtack Biscuits,Cowboy_Food,1,2.49,2.49,110.42
231,2024-01-04 15:10:00,Regular,4,Trail Beef Jerky,Cowboy_Food,1,5.99,5.99,110.42
232,2024-01-04 09:53:09,Bulk,5,Cornbread Mix,Cowboy_Food,1,3.49,3.49,51.46
232,2024-01-04 09:53:09,Bulk,6,Campfire Coffee,Cowboy_Food,1,7.99,7.99,51.46
232,2024-01-04 09:53:09,Bulk,19,Cowboy Hat,Western_Apparel,1,34.99,34.99,51.46
232,2024-01-04 09:53:09,Bulk,9,Dried Apple Slices,Cowboy_Food,1,4.99,4.99,51.46
233,2024-01-04 18:07:21,Casual,10,Smoked Sausage Links,Cowboy_Food,1,8.99,8.99,14.98
233,2024-01-04 18:07:21,Casual,4,Trail Beef Jerky,Cowboy_Food,1,5.99,5.99,14.98
234,2024-01-04 12:48:30,Regular,5,Cornbread Mix,Cowboy_Food,1,3.49,3.49,133.41
234,2024-01-04 12:48:30,Regular,3,Smoky BBQ Sauce,Cowboy_Food,1,4.49,4.49,133.41
234,2024-01-04 12:48:30,Regular,29,Leather Wallet,Leather_Goods,1,24.99,24.99,133.41
234,2024-01-04 12:48:30,Regular,18,Branding Iron,Ranch_Supplies,1,24.99,24.99,133.41
234,2024-01-04 12:48:30,Regular,11,Lasso Rope,Ranch_Supplies,1,14.99,14.99,133.41
234,2024-01-04 12:48:30,Regular,17,Stock Tank Float,Ranch_Supplies,1,8.49,8.49,133.41
234,2024-01-04 12:48:30,Regular,2,Campfire Chili,Cowboy_Food,1,3.99,3.99,133.41
234,2024-01-04 12:48:30,Regular,24,Denim Vest,Western_Apparel,1,39.99,39.99,133.41
234,2024-01-04 12:48:30,Regular,6,Campfire Coffee,Cowboy_Food,1,7.99,7.99,133.41
235,2024-01-04 12:08:43,Casual,24,Denim Vest,Western_Apparel,1,39.99,39.99,43.48
235,2024-01-04 12:08:43,Casual,5,Cornbread Mix,Cowboy_Food,1,3.49,3.49,43.48
236,2024-01-04 18:59:25,Casual,25,Riding Spurs,Rodeo_Gear,1,22.99,22.99,28.97
236,2024-01-04 18:59:25,Casual,8,Hardtack Biscuits,Cowboy_Food,1,2.49,2.49,28.97
236,2024-01-04 18:59:25,Casual,5,Cornbread Mix,Cowboy_Food,1,3.49,3.49,28.97
237,2024-01-04 16:37:36,Regular,11,Lasso Rope,Ranch_Supplies,1,14.99,14.99,37.97
237,2024-01-04 16:37:36,Regular,26,Rodeo Rope,Rodeo_Gear,1,18.99,18.99,37.97
237,2024-01-04 16:37:36,Regular,2,Campfire Chili,Cowboy_Food,1,3.99,3.99,37.97
238,2024-01-04 10:14:00,Bulk,12,Horse Feed Sack,Ranch_Supplies,1,19.99,19.99,29.47
238,2024-01-04 10:14:00,Bulk,5,Cornbread Mix,Cowboy_Food,1,3.49,3.49,29.47
238,2024-01-04 10:14:00,Bulk,4,Trail Beef Jerky,Cowboy_Food,1,5.99,5.99,29.47
239,2024-01-04 10:25:39,Regular,23,Leather Belt,Western_Apparel,1,19.99,19.99,49.96
239,2024-01-04 10:25:39,Regular,26,Rodeo Rope,Rodeo_Gear,1,18.99,18.99,49.96
239,2024-01-04 10:25:39,Regular,9,Dried Apple Slices,Cowboy_Food,1,4.99,4.99,49.96
239,2024-01-04 10:25:39,Regular,16,Hay Bale Twine,Ranch_Supplies,1,5.99,5.99,49.96
240,2024-01-04 09:52:54,Regular,3,Smoky BBQ Sauce,Cowboy_Food,1,4.49,4.49,78.45
240,2024-01-04 09:52:54,Regular,10,Smoked Sausage Links,Cowboy_Food,1,8.99,8.99,78.45
240,2024-01-04 09:52:54,Regular,29,Leather Wallet,Leather_Goods,1,24.99,24.99,78.45
240,2024-01-04 09:52:54,Regular,18,Branding Iron,Ranch_Supplies,1,24.99,24.99,78.45
240,2024-01-04 09:52:54,Regular,11,Lasso Rope,Ranch_Supplies,1,14.99,14.99,78.45
241,2024-01-04 15:58:31,Bulk,22,Flannel Shirt,Western_Apparel,1,29.99,29.99,98.43
241,2024-01-04 15:58:31,Bulk,12,Horse Feed Sack,Ranch_Supplies,2,19.99,39.98,98.43
241,2024-01-04 15:58:31,Bulk,8,Hardtack Biscuits,Cowboy_Food,1,2.49,2.49,98.43
241,2024-01-04 15:58:31,Bulk,2,Campfire Chili,Cowboy_Food,1,3.99,3.99,98.43
241,2024-01-04 15:58:31,Bulk,1,Chuckwagon Beans,Cowboy_Food,1,2.99,2.99,98.43
241,2024-01-04 15:58:31,Bulk,26,Rodeo Rope,Rodeo_Gear,1,18.99,18.99,98.43
242,2024-01-04 10:32:27,Regular,4,Trail Beef Jerky,Cowboy_Food,1,5.99,5.99,10.98
242,2024-01-04 10:32:27,Regular,9,Dried Apple Slices,Cowboy_Food,1,4.99,4.99,10.98
243,2024-01-04 18:01:17,Casual,19,Cowboy Hat,Western_Apparel,1,34.99,34.99,271.39
243,2024-01-04 18:01:17,Casual,14,Work Gloves,Ranch_Supplies,1,6.99,6.99,271.39
243,2024-01-04 18:01:17,Casual,25,Riding Spurs,Rodeo_Gear,1,22.99,22.99,271.39
243,2024-01-04 18:01:17,Casual,12,Horse Feed Sack,Ranch_Supplies,1,19.99,19.99,271.39
243,2024-01-04 18:01:17,Casual,24,Denim Vest,Western_Apparel,1,39.99,39.99,271.39
243,2024-01-04 18:01:17,Casual,23,Leather Belt,Western_Apparel,1,19.99,19.99,271.39
243,2024-01-04 18:01:17,Casual,29,Leather Wallet,Leather_Goods,1,24.99,24.99,271.39
243,2024-01-04 18:01:17,Casual,7,Prairie Honey,Cowboy_Food,1,6.49,6.49,271.39
243,2024-01-04 18:01:17,Casual,21,Red Bandana,Western_Apparel,1,4.99,4.99,271.39
243,2024-01-04 18:01:17,Casual,22,Flannel Shirt,Western_Apparel,1,29.99,29.99,271.39
243,2024-01-04 18:01:17,Casual,28,Leather Saddlebag,Leather_Goods,1,59.99,59.99,271.39
244,2024-01-04 18:03:57,Tourist,30,Leather Journal,Leather_Goods,1,14.99,14.99,21.48
244,2024-01-04 18:03:57,Tourist,7,Prairie Honey,Cowboy_Food,1,6.49,6.49,21.48
245,2024-01-04 15:39:01,Casual,3,Smoky BBQ Sauce,Cowboy_Food,1,4.49,4.49,39.95
245,2024-01-04 15:39:01,Casual,21,Red Bandana,Western_Apparel,1,4.99,4.99,39.95
245,2024-01-04 15:39:01,Casual,7,Prairie Honey,Cowboy_Food,1,6.49,6.49,39.95
245,2024-01-04 15:39:01,Casual,26,Rodeo Rope,Rodeo_Gear,1,18.99,18.99,39.95
245,2024-01-04 15:39:01,Casual,9,Dried Apple Slices,Cowboy_Food,1,4.99,4.99,39.95
246,2024-01-04 16:04:17,Bulk,28,Leather Saddlebag,Leather_Goods,1,59.99,59.99,100.93
246,2024-01-04 16:04:17,Bulk,4,Trail Beef Jerky,Cowboy_Food,1,5.99,5.99,100.93
246,2024-01-04 16:04:17,Bulk,30,Leather Journal,Leather_Goods,1,14.99,14.99,100.93
246,2024-01-04 16:04:17,Bulk,9,Dried Apple Slices,Cowboy_Food,1,4.99,4.99,100.93
246,2024-01-04 16:04:17,Bulk,3,Smoky BBQ Sauce,Cowboy_Food,1,4.49,4.49,100.93
246,2024-01-04 16:04:17,Bulk,7,Prairie Honey,Cowboy_Food,1,6.49,6.49,100.93
246,2024-01-04 16:04:17,Bulk,2,Campfire Chili,Cowboy_Food,1,3.99,3.99,100.93
247,2024-01-04 12:29:08,Bulk,22,Flannel Shirt,Western_Apparel,1,29.99,29.99,263.39
247,2024-01-04 12:29:08,Bulk,29,Leather Wallet,Leather_Goods,2,24.99,49.98,263.39
247,2024-01-04 12:29:08,Bulk,3,Smoky BBQ Sauce,Cowboy_Food,1,4.49,4.49,263.39
247,2024-01-04 12:29:08,Bulk,25,Riding Spurs,Rodeo_Gear,1,22.99,22.99,263.39
247,2024-01-04 12:29:08,Bulk,28,Leather Saddlebag,Leather_Goods,2,59.99,119.98,263.39
247,2024-01-04 12:29:08,Bulk,6,Campfire Coffee,Cowboy_Food,1,7.99,7.99,263.39
247,2024-01-04 12:29:08,Bulk,15,Fence Wire (50ft),Ranch_Supplies,1,12.99,12.99,263.39
247,2024-01-04 12:29:08,Bulk,4,Trail Beef Jerky,Cowboy_Food,1,5.99,5.99,263.39
247,2024-01-04 12:29:08,Bulk,10,Smoked Sausage Links,Cowboy_Food,1,8.99,8.99,263.39
248,2024-01-04 10:26:51,Tourist,4,Trail Beef Jerky,Cowboy_Food,1,5.99,5.99,11.98
248,2024-01-04 10:26:51,Tourist,16,Hay Bale Twine,Ranch_Supplies,1,5.99,5.99,11.98
249,2024-01-04 16:43:28,Regular,5,Cornbread Mix,Cowboy_Food,2,3.49,6.98,14.96
249,2024-01-04 16:43:28,Regular,9,Dried Apple Slices,Cowboy_Food,1,4.99,4.99,14.96
249,2024-01-04 16:43:28,Regular,1,Chuckwagon Beans,Cowboy_Food,1,2.99,2.99,14.96
250,2024-01-04 10:50:55,Regular,12,Horse Feed Sack,Ranch_Supplies,2,19.99,39.98,200.43
250,2024-01-04 10:50:55,Regular,11,Lasso Rope,Ranch_Supplies,1,14.99,14.99,200.43
250,2024-01-04 10:50:55,Regular,8,Hardtack Biscuits,Cowboy_Food,1,2.49,2.49,200.43
250,2024-01-04 10:50:55,Regular,20,Cowboy Boots,Western_Apparel,1,89.99,89.99,200.43
250,2024-01-04 10:50:55,Regular,25,Riding Spurs,Rodeo_Gear,1,22.99,22.99,200.43
250,2024-01-04 10:50:55,Regular,22,Flannel Shirt,Western_Apparel,1,29.99,29.99,200.43
251,2024-01-04 10:41:39,Bulk,19,Cowboy Hat,Western_Apparel,1,34.99,34.99,195.42
251,2024-01-04 10:41:39,Bulk,11,Lasso Rope,Ranch_Supplies,1,14.99,14.99,195.42
251,2024-01-04 10:41:39,Bulk,13,Saddle Oil,Ranch_Supplies,1,9.99,9.99,195.42
251,2024-01-04 10:41:39,Bulk,8,Hardtack Biscuits,Cowboy_Food,1,2.49,2.49,195.42
251,2024-01-04 10:41:39,Bulk,12,Horse Feed Sack,Ranch_Supplies,1,19.99,19.99,195.42
251,2024-01-04 10:41:39,Bulk,20,Cowboy Boots,Western_Apparel,1,89.99,89.99,195.42
251,2024-01-04 10:41:39,Bulk,1,Chuckwagon Beans,Cowboy_Food,1,2.99,2.99,195.42
251,2024-01-04 10:41:39,Bulk,23,Leather Belt,Western_Apparel,1,19.99,19.99,195.42
252,2024-01-04 12:42:33,Regular,8,Hardtack Biscuits,Cowboy_Food,1,2.49,2.49,125.92
252,2024-01-04 12:42:33,Regular,12,Horse Feed Sack,Ranch_Supplies,1,19.99,19.99,125.92
252,2024-01-04 12:42:33,Regular,7,Prairie Honey,Cowboy_Food,1,6.49,6.49,125.92
252,2024-01-04 12:42:33,Regular,10,Smoked Sausage Links,Cowboy_Food,1,8.99,8.99,125.92
252,2024-01-04 12:42:33,Regular,11,Lasso Rope,Ranch_Supplies,1,14.99,14.99,125.92
252,2024-01-04 12:42:33,Regular,18,Branding Iron,Ranch_Supplies,1,24.99,24.99,125.92
252,2024-01-04 12:42:33,Regular,6,Campfire Coffee,Cowboy_Food,1,7.99,7.99,125.92
252,2024-01-04 12:42:33,Regular,24,Denim Vest,Western_Apparel,1,39.99,39.99,125.92
253,2024-01-04 09:33:31,Regular,20,Cowboy Boots,Western_Apparel,1,89.99,89.99,123.97
253,2024-01-04 09:33:31,Regular,10,Smoked Sausage Links,Cowboy_Food,1,8.99,8.99,123.97
253,2024-01-04 09:33:31,Regular,29,Leather Wallet,Leather_Goods,1,24.99,24.99,123.97
254,2024-01-04 14:43:12,Regular,10,Smoked Sausage Links,Cowboy_Food,1,8.99,8.99,16.97
254,2024-01-04 14:43:12,Regular,5,Cornbread Mix,Cowboy_Food,1,3.49,3.49,16.97
254,2024-01-04 14:43:12,Regular,3,Smoky BBQ Sauce,Cowboy_Food,1,4.49,4.49,16.97
255,2024-01-04 16:34:33,Bulk,30,Leather Journal,Leather_Goods,2,14.99,29.98,128.43
255,2024-01-04 16:34:33,Bulk,1,Chuckwagon Beans,Cowboy_Food,1,2.99,2.99,128.43
255,2024-01-04 16:34:33,Bulk,25,Riding Spurs,Rodeo_Gear,1,22.99,22.99,128.43
255,2024-01-04 16:34:33,Bulk,28,Leather Saddlebag,Leather_Goods,1,59.99,59.99,128.43
255,2024-01-04 16:34:33,Bulk,7,Prairie Honey,Cowboy_Food,1,6.49,6.49,128.43
255,2024-01-04 16:34:33,Bulk,4,Trail Beef Jerky,Cowboy_Food,1,5.99,5.99,128.43
256,2024-01-04 17:05:41,Regular,11,Lasso Rope,Ranch_Supplies,1,14.99,14.99,30.46
256,2024-01-04 17:05:41,Regular,4,Trail Beef Jerky,Cowboy_Food,2,5.99,11.98,30.46
256,2024-01-04 17:05:41,Regular,5,Cornbread Mix,Cowboy_Food,1,3.49,3.49,30.46
257,2024-01-04 16:00:57,Regular,24,Denim Vest,Western_Apparel,1,39.99,39.99,105.94
257,2024-01-04 16:00:57,Regular,14,Work Gloves,Ranch_Supplies,1,6.99,6.99,105.94
257,2024-01-04 16:00:57,Regular,13,Saddle Oil,Ranch_Supplies,1,9.99,9.99,105.94
257,2024-01-04 16:00:57,Regular,26,Rodeo Rope,Rodeo_Gear,1,18.99,18.99,105.94
257,2024-01-04 16:00:57,Regular,11,Lasso Rope,Ranch_Supplies,2,14.99,29.98,105.94
258,2024-01-04 17:21:32,Regular,26,Rodeo Rope,Rodeo_Gear,1,18.99,18.99,91.46
258,2024-01-04 17:21:32,Regular,10,Smoked Sausage Links,Cowboy_Food,1,8.99,8.99,91.46
258,2024-01-04 17:21:32,Regular,28,Leather Saddlebag,Leather_Goods,1,59.99,59.99,91.46
258,2024-01-04 17:21:32,Regular,5,Cornbread Mix,Cowboy_Food,1,3.49,3.49,91.46
259,2024-01-04 14:22:56,Regular,14,Work Gloves,Ranch_Supplies,2,6.99,13.98,72.93
259,2024-01-04 14:22:56,Regular,7,Prairie Honey,Cowboy_Food,1,6.49,6.49,72.93
259,2024-01-04 14:22:56,Regular,10,Smoked Sausage Links,Cowboy_Food,1,8.99,8.99,72.93
259,2024-01-04 14:22:56,Regular,19,Cowboy Hat,Western_Apparel,1,34.99,34.99,72.93
259,2024-01-04 14:22:56,Regular,3,Smoky BBQ Sauce,Cowboy_Food,1,4.49,4.49,72.93
259,2024-01-04 14:22:56,Regular,2,Campfire Chili,Cowboy_Food,1,3.99,3.99,72.93
260,2024-01-04 17:22:56,Casual,3,Smoky BBQ Sauce,Cowboy_Food,1,4.49,4.49,45.96
260,2024-01-04 17:22:56,Casual,26,Rodeo Rope,Rodeo_Gear,1,18.99,18.99,45.96
260,2024-01-04 17:22:56,Casual,8,Hardtack Biscuits,Cowboy_Food,1,2.49,2.49,45.96
260,2024-01-04 17:22:56,Casual,12,Horse Feed Sack,Ranch_Supplies,1,19.99,19.99,45.96
261,2024-01-04 15:23:31,Regular,17,Stock Tank Float,Ranch_Supplies,1,8.49,8.49,23.48
261,2024-01-04 15:23:31,Regular,30,Leather Journal,Leather_Goods,1,14.99,14.99,23.48
262,2024-01-04 11:51:26,Bulk,4,Trail Beef Jerky,Cowboy_Food,3,5.99,17.97,83.42
262,2024-01-04 11:51:26,Bulk,12,Horse Feed Sack,Ranch_Supplies,1,19.99,19.99,83.42
262,2024-01-04 11:51:26,Bulk,29,Leather Wallet,Leather_Goods,1,24.99,24.99,83.42
262,2024-01-04 11:51:26,Bulk,15,Fence Wire (50ft),Ranch_Supplies,1,12.99,12.99,83.42
262,2024-01-04 11:51:26,Bulk,5,Cornbread Mix,Cowboy_Food,1,3.49,3.49,83.42
262,2024-01-04 11:51:26,Bulk,2,Campfire Chili,Cowboy_Food,1,3.99,3.99,83.42
263,2024-01-04 18:08:08,Casual,12,Horse Feed Sack,Ranch_Supplies,1,19.99,19.99,45.46
263,2024-01-04 18:08:08,Casual,17,Stock Tank Float,Ranch_Supplies,1,8.49,8.49,45.46
263,2024-01-04 18:08:08,Casual,6,Campfire Coffee,Cowboy_Food,1,7.99,7.99,45.46
263,2024-01-04 18:08:08,Casual,10,Smoked Sausage Links,Cowboy_Food,1,8.99,8.99,45.46
264,2024-01-04 12:18:16,Regular,2,Campfire Chili,Cowboy_Food,1,3.99,3.99,24.45
264,2024-01-04 12:18:16,Regular,9,Dried Apple Slices,Cowboy_Food,1,4.99,4.99,24.45
264,2024-01-04 12:18:16,Regular,6,Campfire Coffee,Cowboy_Food,1,7.99,7.99,24.45
264,2024-01-04 12:18:16,Regular,1,Chuckwagon Beans,Cowboy_Food,1,2.99,2.99,24.45
264,2024-01-04 12:18:16,Regular,3,Smoky BBQ Sauce,Cowboy_Food,1,4.49,4.49,24.45
265,2024-01-04 09:53:52,Casual,14,Work Gloves,Ranch_Supplies,1,6.99,6.99,116.43
265,2024-01-04 09:53:52,Casual,4,Trail Beef Jerky,Cowboy_Food,3,5.99,17.97,116.43
265,2024-01-04 09:53:52,Casual,18,Branding Iron,Ranch_Supplies,1,24.99,24.99,116.43
265,2024-01-04 09:53:52,Casual,7,Prairie Honey,Cowboy_Food,1,6.49,6.49,116.43
265,2024-01-04 09:53:52,Casual,28,Leather Saddlebag,Leather_Goods,1,59.99,59.99,116.43
266,2024-01-04 12:01:08,Bulk,5,Cornbread Mix,Cowboy_Food,1,3.49,3.49,95.94
266,2024-01-04 12:01:08,Bulk,9,Dried Apple Slices,Cowboy_Food,1,4.99,4.99,95.94
266,2024-01-04 12:01:08,Bulk,27,Bull Rope Rosin,Rodeo_Gear,1,7.49,7.49,95.94
266,2024-01-04 12:01:08,Bulk,23,Leather Belt,Western_Apparel,1,19.99,19.99,95.94
266,2024-01-04 12:01:08,Bulk,29,Leather Wallet,Leather_Goods,1,24.99,24.99,95.94
266,2024-01-04 12:01:08,Bulk,19,Cowboy Hat,Western_Apparel,1,34.99,34.99,95.94
267,2024-01-04 13:37:23,Bulk,22,Flannel Shirt,Western_Apparel,1,29.99,29.99,258.88
267,2024-01-04 13:37:23,Bulk,4,Trail Beef Jerky,Cowboy_Food,1,5.99,5.99,258.88
267,2024-01-04 13:37:23,Bulk,28,Leather Saddlebag,Leather_Goods,1,59.99,59.99,258.88
267,2024-01-04 13:37:23,Bulk,14,Work Gloves,Ranch_Supplies,1,6.99,6.99,258.88
267,2024-01-04 13:37:23,Bulk,7,Prairie Honey,Cowboy_Food,2,6.49,12.98,258.88
267,2024-01-04 13:37:23,Bulk,6,Campfire Coffee,Cowboy_Food,1,7.99,7.99,258.88
267,2024-01-04 13:37:23,Bulk,10,Smoked Sausage Links,Cowboy_Food,1,8.99,8.99,258.88
267,2024-01-04 13:37:23,Bulk,21,Red Bandana,Western_Apparel,1,4.99,4.99,258.88
267,2024-01-04 13:37:23,Bulk,29,Leather Wallet,Leather_Goods,1,24.99,24.99,258.88
267,2024-01-04 13:37:23,Bulk,20,Cowboy Boots,Western_Apparel,1,89.99,89.99,258.88
267,2024-01-04 13:37:23,Bulk,16,Hay Bale Twine,Ranch_Supplies,1,5.99,5.99,258.88
268,2024-01-04 13:19:41,Regular,23,Leather Belt,Western_Apparel,1,19.99,19.99,55.96
268,2024-01-04 13:19:41,Regular,29,Leather Wallet,Leather_Goods,1,24.99,24.99,55.96
268,2024-01-04 13:19:41,Regular,21,Red Bandana,Western_Apparel,1,4.99,4.99,55.96
268,2024-01-04 13:19:41,Regular,4,Trail Beef Jerky,Cowboy_Food,1,5.99,5.99,55.96
269,2024-01-04 15:30:14,Regular,27,Bull Rope Rosin,Rodeo_Gear,1,7.49,7.49,25.97
269,2024-01-04 15:30:14,Regular,5,Cornbread Mix,Cowboy_Food,1,3.49,3.49,25.97
269,2024-01-04 15:30:14,Regular,11,Lasso Rope,Ranch_Supplies,1,14.99,14.99,25.97
270,2024-01-04 17:36:58,Tourist,11,Lasso Rope,Ranch_Supplies,1,14.99,14.99,49.98
270,2024-01-04 17:36:58,Tourist,19,Cowboy Hat,Western_Apparel,1,34.99,34.99,49.98
271,2024-01-04 12:29:38,Casual,10,Smoked Sausage Links,Cowboy_Food,1,8.99,8.99,8.99
272,2024-01-04 15:29:01,Tourist,5,Cornbread Mix,Cowboy_Food,2,3.49,6.98,72.44
272,2024-01-04 15:29:01,Tourist,3,Smoky BBQ Sauce,Cowboy_Food,1,4.49,4.49,72.44
272,2024-01-04 15:29:01,Tourist,22,Flannel Shirt,Western_Apparel,1,29.99,29.99,72.44
272,2024-01-04 15:29:01,Tourist,25,Riding Spurs,Rodeo_Gear,1,22.99,22.99,72.44
272,2024-01-04 15:29:01,Tourist,6,Campfire Coffee,Cowboy_Food,1,7.99,7.99,72.44
273,2024-01-04 13:07:14,Tourist,21,Red Bandana,Western_Apparel,2,4.99,9.98,188.91
273,2024-01-04 13:07:14,Tourist,28,Leather Saddlebag,Leather_Goods,1,59.99,59.99,188.91
273,2024-01-04 13:07:14,Tourist,14,Work Gloves,Ranch_Supplies,2,6.99,13.98,188.91
273,2024-01-04 13:07:14,Tourist,9,Dried Apple Slices,Cowboy_Food,1,4.99,4.99,188.91
273,2024-01-04 13:07:14,Tourist,24,Denim Vest,Western_Apparel,1,39.99,39.99,188.91
273,2024-01-04 13:07:14,Tourist,22,Flannel Shirt,Western_Apparel,2,29.99,59.98,188.91
274,2024-01-04 17:12:44,Regular,14,Work Gloves,Ranch_Supplies,4,6.99,27.96,115.41
274,2024-01-04 17:12:44,Regular,23,Leather Belt,Western_Apparel,1,19.99,19.99,115.41
274,2024-01-04 17:12:44,Regular,27,Bull Rope Rosin,Rodeo_Gear,1,7.49,7.49,115.41
274,2024-01-04 17:12:44,Regular,21,Red Bandana,Western_Apparel,1,4.99,4.99,115.41
274,2024-01-04 17:12:44,Regular,19,Cowboy Hat,Western_Apparel,1,34.99,34.99,115.41
274,2024-01-04 17:12:44,Regular,12,Horse Feed Sack,Ranch_Supplies,1,19.99,19.99,115.41
275,2024-01-04 11:19:51,Casual,1,Chuckwagon Beans,Cowboy_Food,2,2.99,5.98,37.45
275,2024-01-04 11:19:51,Casual,11,Lasso Rope,Ranch_Supplies,1,14.99,14.99,37.45
275,2024-01-04 11:19:51,Casual,13,Saddle Oil,Ranch_Supplies,1,9.99,9.99,37.45
275,2024-01-04 11:19:51,Casual,7,Prairie Honey,Cowboy_Food,1,6.49,6.49,37.45
276,2024-01-04 10:51:55,Regular,12,Horse Feed Sack,Ranch_Supplies,1,19.99,19.99,38.47
276,2024-01-04 10:51:55,Regular,13,Saddle Oil,Ranch_Supplies,1,9.99,9.99,38.47
276,2024-01-04 10:51:55,Regular,17,Stock Tank Float,Ranch_Supplies,1,8.49,8.49,38.47
277,2024-01-04 15:21:51,Casual,13,Saddle Oil,Ranch_Supplies,1,9.99,9.99,9.99
278,2024-01-04 16:22:04,Regular,19,Cowboy Hat,Western_Apparel,1,34.99,34.99,44.47
278,2024-01-04 16:22:04,Regular,7,Prairie Honey,Cowboy_Food,1,6.49,6.49,44.47
278,2024-01-04 16:22:04,Regular,1,Chuckwagon Beans,Cowboy_Food,1,2.99,2.99,44.47
279,2024-01-04 17:03:43,Regular,18,Branding Iron,Ranch_Supplies,1,24.99,24.99,181.93
279,2024-01-04 17:03:43,Regular,30,Leather Journal,Leather_Goods,1,14.99,14.99,181.93
279,2024-01-04 17:03:43,Regular,19,Cowboy Hat,Western_Apparel,1,34.99,34.99,181.93
279,2024-01-04 17:03:43,Regular,27,Bull Rope Rosin,Rodeo_Gear,1,7.49,7.49,181.93
279,2024-01-04 17:03:43,Regular,21,Red Bandana,Western_Apparel,1,4.99,4.99,181.93
279,2024-01-04 17:03:43,Regular,3,Smoky BBQ Sauce,Cowboy_Food,1,4.49,4.49,181.93
279,2024-01-04 17:03:43,Regular,20,Cowboy Boots,Western_Apparel,1,89.99,89.99,181.93
280,2024-01-04 15:55:06,Casual,4,Trail Beef Jerky,Cowboy_Food,1,5.99,5.99,9.98
280,2024-01-04 15:55:06,Casual,2,Campfire Chili,Cowboy_Food,1,3.99,3.99,9.98
281,2024-01-04 16:55:04,Casual,25,Riding Spurs,Rodeo_Gear,1,22.99,22.99,25.48
281,2024-01-04 16:55:04,Casual,8,Hardtack Biscuits,Cowboy_Food,1,2.49,2.49,25.48
282,2024-01-04 14:08:41,Bulk,18,Branding Iron,Ranch_Supplies,1,24.99,24.99,102.44
282,2024-01-04 14:08:41,Bulk,22,Flannel Shirt,Western_Apparel,2,29.99,59.98,102.44
282,2024-01-04 14:08:41,Bulk,5,Cornbread Mix,Cowboy_Food,1,3.49,3.49,102.44
282,2024-01-04 14:08:41,Bulk,2,Campfire Chili,Cowboy_Food,1,3.99,3.99,102.44
282,2024-01-04 14:08:41,Bulk,13,Saddle Oil,Ranch_Supplies,1,9.99,9.99,102.44
283,2024-01-04 10:00:28,Regular,20,Cowboy Boots,Western_Apparel,2,89.99,179.98,202.45
283,2024-01-04 10:00:28,Regular,2,Campfire Chili,Cowboy_Food,1,3.99,3.99,202.45
283,2024-01-04 10:00:28,Regular,30,Leather Journal,Leather_Goods,1,14.99,14.99,202.45
283,2024-01-04 10:00:28,Regular,5,Cornbread Mix,Cowboy_Food,1,3.49,3.49,202.45
284,2024-01-04 10:58:38,Regular,26,Rodeo Rope,Rodeo_Gear,1,18.99,18.99,43.98
284,2024-01-04 10:58:38,Regular,18,Branding Iron,Ranch_Supplies,1,24.99,24.99,43.98
285,2024-01-04 10:06:51,Tourist,21,Red Bandana,Western_Apparel,1,4.99,4.99,28.97
285,2024-01-04 10:06:51,Tourist,23,Leather Belt,Western_Apparel,1,19.99,19.99,28.97
285,2024-01-04 10:06:51,Tourist,2,Campfire Chili,Cowboy_Food,1,3.99,3.99,28.97
286,2024-01-04 12:57:04,Regular,25,Riding Spurs,Rodeo_Gear,2,22.99,45.98,99.91
286,2024-01-04 12:57:04,Regular,1,Chuckwagon Beans,Cowboy_Food,1,2.99,2.99,99.91
286,2024-01-04 12:57:04,Regular,5,Cornbread Mix,Cowboy_Food,2,3.49,6.98,99.91
286,2024-01-04 12:57:04,Regular,23,Leather Belt,Western_Apparel,1,19.99,19.99,99.91
286,2024-01-04 12:57:04,Regular,9,Dried Apple Slices,Cowboy_Food,1,4.99,4.99,99.91
286,2024-01-04 12:57:04,Regular,4,Trail Beef Jerky,Cowboy_Food,1,5.99,5.99,99.91
286,2024-01-04 12:57:04,Regular,15,Fence Wire (50ft),Ranch_Supplies,1,12.99,12.99,99.91
287,2024-01-04 15:18:31,Regular,30,Leather Journal,Leather_Goods,1,14.99,14.99,258.87
287,2024-01-04 15:18:31,Regular,14,Work Gloves,Ranch_Supplies,1,6.99,6.99,258.87
287,2024-01-04 15:18:31,Regular,24,Denim Vest,Western_Apparel,1,39.99,39.99,258.87
287,2024-01-04 15:18:31,Regular,25,Riding Spurs,Rodeo_Gear,2,22.99,45.98,258.87
287,2024-01-04 15:18:31,Regular,5,Cornbread Mix,Cowboy_Food,1,3.49,3.49,258.87
287,2024-01-04 15:18:31,Regular,1,Chuckwagon Beans,Cowboy_Food,2,2.99,5.98,258.87
287,2024-01-04 15:18:31,Regular,11,Lasso Rope,Ranch_Supplies,1,14.99,14.99,258.87
287,2024-01-04 15:18:31,Regular,8,Hardtack Biscuits,Cowboy_Food,1,2.49,2.49,258.87
287,2024-01-04 15:18:31,Regular,20,Cowboy Boots,Western_Apparel,1,89.99,89.99,258.87
287,2024-01-04 15:18:31,Regular,10,Smoked Sausage Links,Cowboy_Food,1,8.99,8.99,258.87
287,2024-01-04 15:18:31,Regular,18,Branding Iron,Ranch_Supplies,1,24.99,24.99,258.87
288,2024-01-04 13:25:50,Bulk,2,Campfire Chili,Cowboy_Food,1,3.99,3.99,108.93
288,2024-01-04 13:25:50,Bulk,17,Stock Tank Float,Ranch_Supplies,2,8.49,16.98,108.93
288,2024-01-04 13:25:50,Bulk,24,Denim Vest,Western_Apparel,1,39.99,39.99,108.93
288,2024-01-04 13:25:50,Bulk,11,Lasso Rope,Ranch_Supplies,1,14.99,14.99,108.93
288,2024-01-04 13:25:50,Bulk,12,Horse Feed Sack,Ranch_Supplies,1,19.99,19.99,108.93
288,2024-01-04 13:25:50,Bulk,15,Fence Wire (50ft),Ranch_Supplies,1,12.99,12.99,108.93
289,2024-01-04 15:44:26,Regular,3,Smoky BBQ Sauce,Cowboy_Food,1,4.49,4.49,44.46
289,2024-01-04 15:44:26,Regular,16,Hay Bale Twine,Ranch_Supplies,1,5.99,5.99,44.46
289,2024-01-04 15:44:26,Regular,10,Smoked Sausage Links,Cowboy_Food,1,8.99,8.99,44.46
289,2024-01-04 15:44:26,Regular,29,Leather Wallet,Leather_Goods,1,24.99,24.99,44.46
290,2024-01-04 15:10:31,Bulk,28,Leather Saddlebag,Leather_Goods,1,59.99,59.99,157.95
290,2024-01-04 15:10:31,Bulk,23,Leather Belt,Western_Apparel,1,19.99,19.99,157.95
290,2024-01-04 15:10:31,Bulk,25,Riding Spurs,Rodeo_Gear,1,22.99,22.99,157.95
290,2024-01-04 15:10:31,Bulk,11,Lasso Rope,Ranch_Supplies,1,14.99,14.99,157.95
290,2024-01-04 15:10:31,Bulk,24,Denim Vest,Western_Apparel,1,39.99,39.99,157.95
291,2024-01-04 16:24:29,Regular,2,Campfire Chili,Cowboy_Food,1,3.99,3.99,56.97
291,2024-01-04 16:24:29,Regular,22,Flannel Shirt,Western_Apparel,1,29.99,29.99,56.97
291,2024-01-04 16:24:29,Regular,25,Riding Spurs,Rodeo_Gear,1,22.99,22.99,56.97
292,2024-01-04 16:21:54,Casual,25,Riding Spurs,Rodeo_Gear,1,22.99,22.99,29.97
292,2024-01-04 16:21:54,Casual,2,Campfire Chili,Cowboy_Food,1,3.99,3.99,29.97
292,2024-01-04 16:21:54,Casual,1,Chuckwagon Beans,Cowboy_Food,1,2.99,2.99,29.97
293,2024-01-04 12:48:02,Tourist,16,Hay Bale Twine,Ranch_Supplies,1,5.99,5.99,18.97
293,2024-01-04 12:48:02,Tourist,6,Campfire Coffee,Cowboy_Food,1,7.99,7.99,18.97
293,2024-01-04 12:48:02,Tourist,21,Red Bandana,Western_Apparel,1,4.99,4.99,18.97
294,2024-01-04 13:13:52,Tourist,2,Campfire Chili,Cowboy_Food,2,3.99,7.98,50.46
294,2024-01-04 13:13:52,Tourist,19,Cowboy Hat,Western_Apparel,1,34.99,34.99,50.46
294,2024-01-04 13:13:52,Tourist,27,Bull Rope Rosin,Rodeo_Gear,1,7.49,7.49,50.46
295,2024-01-04 15:53:48,Bulk,15,Fence Wire (50ft),Ranch_Supplies,1,12.99,12.99,184.83
295,2024-01-04 15:53:48,Bulk,19,Cowboy Hat,Western_Apparel,1,34.99,34.99,184.83
295,2024-01-04 15:53:48,Bulk,30,Leather Journal,Leather_Goods,1,14.99,14.99,184.83
295,2024-01-04 15:53:48,Bulk,22,Flannel Shirt,Western_Apparel,1,29.99,29.99,184.83
295,2024-01-04 15:53:48,Bulk,3,Smoky BBQ Sauce,Cowboy_Food,2,4.49,8.98,184.83
295,2024-01-04 15:53:48,Bulk,13,Saddle Oil,Ranch_Supplies,1,9.99,9.99,184.83
295,2024-01-04 15:53:48,Bulk,17,Stock Tank Float,Ranch_Supplies,2,8.49,16.98,184.83
295,2024-01-04 15:53:48,Bulk,4,Trail Beef Jerky,Cowboy_Food,3,5.99,17.97,184.83
295,2024-01-04 15:53:48,Bulk,12,Horse Feed Sack,Ranch_Supplies,1,19.99,19.99,184.83
295,2024-01-04 15:53:48,Bulk,8,Hardtack Biscuits,Cowboy_Food,1,2.49,2.49,184.83
295,2024-01-04 15:53:48,Bulk,14,Work Gloves,Ranch_Supplies,1,6.99,6.99,184.83
295,2024-01-04 15:53:48,Bulk,21,Red Bandana,Western_Apparel,1,4.99,4.99,184.83
295,2024-01-04 15:53:48,Bulk,5,Cornbread Mix,Cowboy_Food,1,3.49,3.49,184.83
296,2024-01-04 15:57:48,Regular,13,Saddle Oil,Ranch_Supplies,1,9.99,9.99,92.97
296,2024-01-04 15:57:48,Regular,25,Riding Spurs,Rodeo_Gear,1,22.99,22.99,92.97
296,2024-01-04 15:57:48,Regular,28,Leather Saddlebag,Leather_Goods,1,59.99,59.99,92.97
297,2024-01-04 12:45:24,Casual,22,Flannel Shirt,Western_Apparel,1,29.99,29.99,71.97
297,2024-01-04 12:45:24,Casual,14,Work Gloves,Ranch_Supplies,1,6.99,6.99,71.97
297,2024-01-04 12:45:24,Casual,19,Cowboy Hat,Western_Apparel,1,34.99,34.99,71.97
298,2024-01-04 12:58:30,Casual,22,Flannel Shirt,Western_Apparel,1,29.99,29.99,29.99
299,2024-01-04 16:29:22,Bulk,10,Smoked Sausage Links,Cowboy_Food,1,8.99,8.99,101.4
299,2024-01-04 16:29:22,Bulk,2,Campfire Chili,Cowboy_Food,1,3.99,3.99,101.4
299,2024-01-04 16:29:22,Bulk,22,Flannel Shirt,Western_Apparel,1,29.99,29.99,101.4
299,2024-01-04 16:29:22,Bulk,4,Trail Beef Jerky,Cowboy_Food,1,5.99,5.99,101.4
299,2024-01-04 16:29:22,Bulk,7,Prairie Honey,Cowboy_Food,1,6.49,6.49,101.4
299,2024-01-04 16:29:22,Bulk,23,Leather Belt,Western_Apparel,1,19.99,19.99,101.4
299,2024-01-04 16:29:22,Bulk,15,Fence Wire (50ft),Ranch_Supplies,1,12.99,12.99,101.4
299,2024-01-04 16:29:22,Bulk,1,Chuckwagon Beans,Cowboy_Food,2,2.99,5.98,101.4
299,2024-01-04 16:29:22,Bulk,14,Work Gloves,Ranch_Supplies,1,6.99,6.99,101.4
300,2024-01-04 16:14:15,Bulk,17,Stock Tank Float,Ranch_Supplies,2,8.49,16.98,153.87
300,2024-01-04 16:14:15,Bulk,10,Smoked Sausage Links,Cowboy_Food,2,8.99,17.98,153.87
300,2024-01-04 16:14:15,Bulk,5,Cornbread Mix,Cowboy_Food,1,3.49,3.49,153.87
300,2024-01-04 16:14:15,Bulk,4,Trail Beef Jerky,Cowboy_Food,1,5.99,5.99,153.87
300,2024-01-04 16:14:15,Bulk,6,Campfire Coffee,Cowboy_Food,1,7.99,7.99,153.87
300,2024-01-04 16:14:15,Bulk,1,Chuckwagon Beans,Cowboy_Food,1,2.99,2.99,153.87
300,2024-01-04 16:14:15,Bulk,9,Dried Apple Slices,Cowboy_Food,1,4.99,4.99,153.87
300,2024-01-04 16:14:15,Bulk,27,Bull Rope Rosin,Rodeo_Gear,1,7.49,7.49,153.87
300,2024-01-04 16:14:15,Bulk,24,Denim Vest,Western_Apparel,2,39.99,79.98,153.87
300,2024-01-04 16:14:15,Bulk,16,Hay Bale Twine,Ranch_Supplies,1,5.99,5.99,153.87
301,2024-01-04 11:08:52,Casual,9,Dried Apple Slices,Cowboy_Food,1,4.99,4.99,23.98
301,2024-01-04 11:08:52,Casual,26,Rodeo Rope,Rodeo_Gear,1,18.99,18.99,23.98
302,2024-01-04 14:48:30,Bulk,25,Riding Spurs,Rodeo_Gear,1,22.99,22.99,120.95
302,2024-01-04 14:48:30,Bulk,30,Leather Journal,Leather_Goods,1,14.99,14.99,120.95
302,2024-01-04 14:48:30,Bulk,19,Cowboy Hat,Western_Apparel,2,34.99,69.98,120.95
302,2024-01-04 14:48:30,Bulk,15,Fence Wire (50ft),Ranch_Supplies,1,12.99,12.99,120.95
303,2024-01-04 17:40:43,Casual,24,Denim Vest,Western_Apparel,1,39.99,39.99,59.98
303,2024-01-04 17:40:43,Casual,12,Horse Feed Sack,Ranch_Supplies,1,19.99,19.99,59.98
304,2024-01-05 18:26:06,Bulk,19,Cowboy Hat,Western_Apparel,1,34.99,34.99,99.43
304,2024-01-05 18:26:06,Bulk,4,Trail Beef Jerky,Cowboy_Food,2,5.99,11.98,99.43
304,2024-01-05 18:26:06,Bulk,3,Smoky BBQ Sauce,Cowboy_Food,1,4.49,4.49,99.43
304,2024-01-05 18:26:06,Bulk,2,Campfire Chili,Cowboy_Food,1,3.99,3.99,99.43
304,2024-01-05 18:26:06,Bulk,26,Rodeo Rope,Rodeo_Gear,1,18.99,18.99,99.43
304,2024-01-05 18:26:06,Bulk,29,Leather Wallet,Leather_Goods,1,24.99,24.99,99.43
305,2024-01-05 11:27:08,Casual,25,Riding Spurs,Rodeo_Gear,1,22.99,22.99,50.95
305,2024-01-05 11:27:08,Casual,21,Red Bandana,Western_Apparel,2,4.99,9.98,50.95
305,2024-01-05 11:27:08,Casual,13,Saddle Oil,Ranch_Supplies,1,9.99,9.99,50.95
305,2024-01-05 11:27:08,Casual,6,Campfire Coffee,Cowboy_Food,1,7.99,7.99,50.95
306,2024-01-05 11:16:21,Bulk,14,Work Gloves,Ranch_Supplies,1,6.99,6.99,160.86
306,2024-01-05 11:16:21,Bulk,15,Fence Wire (50ft),Ranch_Supplies,1,12.99,12.99,160.86
306,2024-01-05 11:16:21,Bulk,23,Leather Belt,Western_Apparel,2,19.99,39.98,160.86
306,2024-01-05 11:16:21,Bulk,30,Leather Journal,Leather_Goods,1,14.99,14.99,160.86
306,2024-01-05 11:16:21,Bulk,12,Horse Feed Sack,Ranch_Supplies,2,19.99,39.98,160.86
306,2024-01-05 11:16:21,Bulk,10,Smoked Sausage Links,Cowboy_Food,3,8.99,26.97,160.86
306,2024-01-05 11:16:21,Bulk,4,Trail Beef Jerky,Cowboy_Food,2,5.99,11.98,160.86
306,2024-01-05 11:16:21,Bulk,8,Hardtack Biscuits,Cowboy_Food,1,2.49,2.49,160.86
306,2024-01-05 11:16:21,Bulk,3,Smoky BBQ Sauce,Cowboy_Food,1,4.49,4.49,160.86
307,2024-01-05 11:23:31,Tourist,4,Trail Beef Jerky,Cowboy_Food,1,5.99,5.99,64.44
307,2024-01-05 11:23:31,Tourist,13,Saddle Oil,Ranch_Supplies,1,9.99,9.99,64.44
307,2024-01-05 11:23:31,Tourist,15,Fence Wire (50ft),Ranch_Supplies,1,12.99,12.99,64.44
307,2024-01-05 11:23:31,Tourist,7,Prairie Honey,Cowboy_Food,1,6.49,6.49,64.44
307,2024-01-05 11:23:31,Tourist,18,Branding Iron,Ranch_Supplies,1,24.99,24.99,64.44
307,2024-01-05 11:23:31,Tourist,2,Campfire Chili,Cowboy_Food,1,3.99,3.99,64.44
308,2024-01-05 16:18:16,Bulk,28,Leather Saddlebag,Leather_Goods,1,59.99,59.99,84.46
308,2024-01-05 16:18:16,Bulk,10,Smoked Sausage Links,Cowboy_Food,1,8.99,8.99,84.46
308,2024-01-05 16:18:16,Bulk,6,Campfire Coffee,Cowboy_Food,1,7.99,7.99,84.46
308,2024-01-05 16:18:16,Bulk,27,Bull Rope Rosin,Rodeo_Gear,1,7.49,7.49,84.46
309,2024-01-05 18:48:42,Casual,23,Leather Belt,Western_Apparel,1,19.99,19.99,49.45
309,2024-01-05 18:48:42,Casual,8,Hardtack Biscuits,Cowboy_Food,1,2.49,2.49,49.45
309,2024-01-05 18:48:42,Casual,2,Campfire Chili,Cowboy_Food,1,3.99,3.99,49.45
309,2024-01-05 18:48:42,Casual,1,Chuckwagon Beans,Cowboy_Food,1,2.99,2.99,49.45
309,2024-01-05 18:48:42,Casual,12,Horse Feed Sack,Ranch_Supplies,1,19.99,19.99,49.45
310,2024-01-05 11:57:58,Regular,5,Cornbread Mix,Cowboy_Food,1,3.49,3.49,3.49
311,2024-01-05 17:46:12,Regular,28,Leather Saddlebag,Leather_Goods,2,59.99,119.98,160.94
311,2024-01-05 17:46:12,Regular,14,Work Gloves,Ranch_Supplies,3,6.99,20.97,160.94
311,2024-01-05 17:46:12,Regular,12,Horse Feed Sack,Ranch_Supplies,1,19.99,19.99,160.94
312,2024-01-05 12:21:15,Casual,19,Cowboy Hat,Western_Apparel,1,34.99,34.99,52.97
312,2024-01-05 12:21:15,Casual,11,Lasso Rope,Ranch_Supplies,1,14.99,14.99,52.97
312,2024-01-05 12:21:15,Casual,1,Chuckwagon Beans,Cowboy_Food,1,2.99,2.99,52.97
313,2024-01-05 16:14:07,Regular,12,Horse Feed Sack,Ranch_Supplies,1,19.99,19.99,19.99
314,2024-01-05 10:08:43,Regular,30,Leather Journal,Leather_Goods,1,14.99,14.99,74.98
314,2024-01-05 10:08:43,Regular,28,Leather Saddlebag,Leather_Goods,1,59.99,59.99,74.98
315,2024-01-05 15:18:27,Tourist,7,Prairie Honey,Cowboy_Food,1,6.49,6.49,73.43
315,2024-01-05 15:18:27,Tourist,29,Leather Wallet,Leather_Goods,1,24.99,24.99,73.43
315,2024-01-05 15:18:27,Tourist,9,Dried Apple Slices,Cowboy_Food,1,4.99,4.99,73.43
315,2024-01-05 15:18:27,Tourist,5,Cornbread Mix,Cowboy_Food,2,3.49,6.98,73.43
315,2024-01-05 15:18:27,Tourist,14,Work Gloves,Ranch_Supplies,1,6.99,6.99,73.43
315,2024-01-05 15:18:27,Tourist,25,Riding Spurs,Rodeo_Gear,1,22.99,22.99,73.43
316,2024-01-05 16:17:17,Regular,13,Saddle Oil,Ranch_Supplies,1,9.99,9.99,49.98
316,2024-01-05 16:17:17,Regular,24,Denim Vest,Western_Apparel,1,39.99,39.99,49.98
317,2024-01-05 15:35:13,Regular,17,Stock Tank Float,Ranch_Supplies,1,8.49,8.49,15.48
317,2024-01-05 15:35:13,Regular,14,Work Gloves,Ranch_Supplies,1,6.99,6.99,15.48
318,2024-01-05 11:58:04,Regular,6,Campfire Coffee,Cowboy_Food,1,7.99,7.99,27.97
318,2024-01-05 11:58:04,Regular,14,Work Gloves,Ranch_Supplies,1,6.99,6.99,27.97
318,2024-01-05 11:58:04,Regular,15,Fence Wire (50ft),Ranch_Supplies,1,12.99,12.99,27.97
319,2024-01-05 17:14:28,Regular,11,Lasso Rope,Ranch_Supplies,2,14.99,29.98,53.46
319,2024-01-05 17:14:28,Regular,5,Cornbread Mix,Cowboy_Food,1,3.49,3.49,53.46
319,2024-01-05 17:14:28,Regular,23,Leather Belt,Western_Apparel,1,19.99,19.99,53.46
320,2024-01-05 18:26:40,Bulk,1,Chuckwagon Beans,Cowboy_Food,1,2.99,2.99,58.94
320,2024-01-05 18:26:40,Bulk,3,Smoky BBQ Sauce,Cowboy_Food,1,4.49,4.49,58.94
320,2024-01-05 18:26:40,Bulk,4,Trail Beef Jerky,Cowboy_Food,1,5.99,5.99,58.94
320,2024-01-05 18:26:40,Bulk,26,Rodeo Rope,Rodeo_Gear,1,18.99,18.99,58.94
320,2024-01-05 18:26:40,Bulk,12,Horse Feed Sack,Ranch_Supplies,1,19.99,19.99,58.94
320,2024-01-05 18:26:40,Bulk,7,Prairie Honey,Cowboy_Food,1,6.49,6.49,58.94
321,2024-01-05 14:59:14,Tourist,23,Leather Belt,Western_Apparel,1,19.99,19.99,68.46
321,2024-01-05 14:59:14,Tourist,5,Cornbread Mix,Cowboy_Food,1,3.49,3.49,68.46
321,2024-01-05 14:59:14,Tourist,21,Red Bandana,Western_Apparel,1,4.99,4.99,68.46
321,2024-01-05 14:59:14,Tourist,24,Denim Vest,Western_Apparel,1,39.99,39.99,68.46
322,2024-01-05 16:10:00,Tourist,8,Hardtack Biscuits,Cowboy_Food,1,2.49,2.49,34.96
322,2024-01-05 16:10:00,Tourist,14,Work Gloves,Ranch_Supplies,1,6.99,6.99,34.96
322,2024-01-05 16:10:00,Tourist,26,Rodeo Rope,Rodeo_Gear,1,18.99,18.99,34.96
322,2024-01-05 16:10:00,Tourist,7,Prairie Honey,Cowboy_Food,1,6.49,6.49,34.96
323,2024-01-05 17:01:28,Bulk,14,Work Gloves,Ranch_Supplies,1,6.99,6.99,190.91
323,2024-01-05 17:01:28,Bulk,16,Hay Bale Twine,Ranch_Supplies,1,5.99,5.99,190.91
323,2024-01-05 17:01:28,Bulk,6,Campfire Coffee,Cowboy_Food,1,7.99,7.99,190.91
323,2024-01-05 17:01:28,Bulk,20,Cowboy Boots,Western_Apparel,1,89.99,89.99,190.91
323,2024-01-05 17:01:28,Bulk,11,Lasso Rope,Ranch_Supplies,1,14.99,14.99,190.91
323,2024-01-05 17:01:28,Bulk,10,Smoked Sausage Links,Cowboy_Food,1,8.99,8.99,190.91
323,2024-01-05 17:01:28,Bulk,4,Trail Beef Jerky,Cowboy_Food,1,5.99,5.99,190.91
323,2024-01-05 17:01:28,Bulk,18,Branding Iron,Ranch_Supplies,2,24.99,49.98,190.91
324,2024-01-05 12:00:40,Bulk,6,Campfire Coffee,Cowboy_Food,1,7.99,7.99,115.89
324,2024-01-05 12:00:40,Bulk,14,Work Gloves,Ranch_Supplies,2,6.99,13.98,115.89
324,2024-01-05 12:00:40,Bulk,26,Rodeo Rope,Rodeo_Gear,3,18.99,56.97,115.89
324,2024-01-05 12:00:40,Bulk,23,Leather Belt,Western_Apparel,1,19.99,19.99,115.89
324,2024-01-05 12:00:40,Bulk,8,Hardtack Biscuits,Cowboy_Food,1,2.49,2.49,115.89
324,2024-01-05 12:00:40,Bulk,5,Cornbread Mix,Cowboy_Food,1,3.49,3.49,115.89
324,2024-01-05 12:00:40,Bulk,21,Red Bandana,Western_Apparel,1,4.99,4.99,115.89
324,2024-01-05 12:00:40,Bulk,16,Hay Bale Twine,Ranch_Supplies,1,5.99,5.99,115.89
325,2024-01-05 17:28:20,Regular,7,Prairie Honey,Cowboy_Food,2,6.49,12.98,193.37
325,2024-01-05 17:28:20,Regular,26,Rodeo Rope,Rodeo_Gear,1,18.99,18.99,193.37
325,2024-01-05 17:28:20,Regular,13,Saddle Oil,Ranch_Supplies,1,9.99,9.99,193.37
325,2024-01-05 17:28:20,Regular,10,Smoked Sausage Links,Cowboy_Food,1,8.99,8.99,193.37
325,2024-01-05 17:28:20,Regular,6,Campfire Coffee,Cowboy_Food,1,7.99,7.99,193.37
325,2024-01-05 17:28:20,Regular,14,Work Gloves,Ranch_Supplies,1,6.99,6.99,193.37
325,2024-01-05 17:28:20,Regular,21,Red Bandana,Western_Apparel,1,4.99,4.99,193.37
325,2024-01-05 17:28:20,Regular,8,Hardtack Biscuits,Cowboy_Food,1,2.49,2.49,193.37
325,2024-01-05 17:28:20,Regular,22,Flannel Shirt,Western_Apparel,1,29.99,29.99,193.37
325,2024-01-05 17:28:20,Regular,19,Cowboy Hat,Western_Apparel,2,34.99,69.98,193.37
325,2024-01-05 17:28:20,Regular,23,Leather Belt,Western_Apparel,1,19.99,19.99,193.37
326,2024-01-05 12:21:15,Casual,25,Riding Spurs,Rodeo_Gear,1,22.99,22.99,35.47
326,2024-01-05 12:21:15,Casual,2,Campfire Chili,Cowboy_Food,1,3.99,3.99,35.47
326,2024-01-05 12:21:15,Casual,17,Stock Tank Float,Ranch_Supplies,1,8.49,8.49,35.47
327,2024-01-05 16:56:09,Regular,25,Riding Spurs,Rodeo_Gear,1,22.99,22.99,91.89
327,2024-01-05 16:56:09,Regular,6,Campfire Coffee,Cowboy_Food,3,7.99,23.97,91.89
327,2024-01-05 16:56:09,Regular,10,Smoked Sausage Links,Cowboy_Food,2,8.99,17.98,91.89
327,2024-01-05 16:56:09,Regular,21,Red Bandana,Western_Apparel,1,4.99,4.99,91.89
327,2024-01-05 16:56:09,Regular,4,Trail Beef Jerky,Cowboy_Food,2,5.99,11.98,91.89
327,2024-01-05 16:56:09,Regular,14,Work Gloves,Ranch_Supplies,1,6.99,6.99,91.89
327,2024-01-05 16:56:09,Regular,1,Chuckwagon Beans,Cowboy_Food,1,2.99,2.99,91.89
328,2024-01-05 10:56:44,Regular,13,Saddle Oil,Ranch_Supplies,1,9.99,9.99,133.93
328,2024-01-05 10:56:44,Regular,5,Cornbread Mix,Cowboy_Food,1,3.49,3.49,133.93
328,2024-01-05 10:56:44,Regular,24,Denim Vest,Western_Apparel,1,39.99,39.99,133.93
328,2024-01-05 10:56:44,Regular,28,Leather Saddlebag,Leather_Goods,1,59.99,59.99,133.93
328,2024-01-05 10:56:44,Regular,27,Bull Rope Rosin,Rodeo_Gear,1,7.49,7.49,133.93
328,2024-01-05 10:56:44,Regular,6,Campfire Coffee,Cowboy_Food,1,7.99,7.99,133.93
328,2024-01-05 10:56:44,Regular,9,Dried Apple Slices,Cowboy_Food,1,4.99,4.99,133.93
329,2024-01-05 12:27:51,Tourist,1,Chuckwagon Beans,Cowboy_Food,1,2.99,2.99,48.45
329,2024-01-05 12:27:51,Tourist,25,Riding Spurs,Rodeo_Gear,1,22.99,22.99,48.45
329,2024-01-05 12:27:51,Tourist,21,Red Bandana,Western_Apparel,1,4.99,4.99,48.45
329,2024-01-05 12:27:51,Tourist,10,Smoked Sausage Links,Cowboy_Food,1,8.99,8.99,48.45
329,2024-01-05 12:27:51,Tourist,17,Stock Tank Float,Ranch_Supplies,1,8.49,8.49,48.45
330,2024-01-05 15:34:46,Casual,18,Branding Iron,Ranch_Supplies,1,24.99,24.99,32.98
330,2024-01-05 15:34:46,Casual,6,Campfire Coffee,Cowboy_Food,1,7.99,7.99,32.98
331,2024-01-05 15:30:31,Regular,12,Horse Feed Sack,Ranch_Supplies,1,19.99,19.99,39.98
331,2024-01-05 15:30:31,Regular,23,Leather Belt,Western_Apparel,1,19.99,19.99,39.98
332,2024-01-05 17:23:43,Bulk,18,Branding Iron,Ranch_Supplies,2,24.99,49.98,261.91
332,2024-01-05 17:23:43,Bulk,12,Horse Feed Sack,Ranch_Supplies,2,19.99,39.98,261.91
332,2024-01-05 17:23:43,Bulk,28,Leather Saddlebag,Leather_Goods,1,59.99,59.99,261.91
332,2024-01-05 17:23:43,Bulk,25,Riding Spurs,Rodeo_Gear,1,22.99,22.99,261.91
332,2024-01-05 17:23:43,Bulk,26,Rodeo Rope,Rodeo_Gear,1,18.99,18.99,261.91
332,2024-01-05 17:23:43,Bulk,19,Cowboy Hat,Western_Apparel,2,34.99,69.98,261.91
333,2024-01-05 18:54:23,Regular,25,Riding Spurs,Rodeo_Gear,1,22.99,22.99,26.98
333,2024-01-05 18:54:23,Regular,2,Campfire Chili,Cowboy_Food,1,3.99,3.99,26.98
334,2024-01-05 10:53:01,Regular,4,Trail Beef Jerky,Cowboy_Food,1,5.99,5.99,56.94
334,2024-01-05 10:53:01,Regular,9,Dried Apple Slices,Cowboy_Food,1,4.99,4.99,56.94
334,2024-01-05 10:53:01,Regular,11,Lasso Rope,Ranch_Supplies,1,14.99,14.99,56.94
334,2024-01-05 10:53:01,Regular,6,Campfire Coffee,Cowboy_Food,2,7.99,15.98,56.94
334,2024-01-05 10:53:01,Regular,30,Leather Journal,Leather_Goods,1,14.99,14.99,56.94
335,2024-01-05 12:16:22,Regular,16,Hay Bale Twine,Ranch_Supplies,1,5.99,5.99,115.42
335,2024-01-05 12:16:22,Regular,18,Branding Iron,Ranch_Supplies,1,24.99,24.99,115.42
335,2024-01-05 12:16:22,Regular,2,Campfire Chili,Cowboy_Food,1,3.99,3.99,115.42
335,2024-01-05 12:16:22,Regular,4,Trail Beef Jerky,Cowboy_Food,3,5.99,17.97,115.42
335,2024-01-05 12:16:22,Regular,8,Hardtack Biscuits,Cowboy_Food,1,2.49,2.49,115.42
335,2024-01-05 12:16:22,Regular,28,Leather Saddlebag,Leather_Goods,1,59.99,59.99,115.42
336,2024-01-05 13:26:42,Regular,10,Smoked Sausage Links,Cowboy_Food,1,8.99,8.99,40.96
336,2024-01-05 13:26:42,Regular,13,Saddle Oil,Ranch_Supplies,1,9.99,9.99,40.96
336,2024-01-05 13:26:42,Regular,14,Work Gloves,Ranch_Supplies,1,6.99,6.99,40.96
336,2024-01-05 13:26:42,Regular,30,Leather Journal,Leather_Goods,1,14.99,14.99,40.96
337,2024-01-05 15:10:38,Bulk,21,Red Bandana,Western_Apparel,1,4.99,4.99,208.4
337,2024-01-05 15:10:38,Bulk,4,Trail Beef Jerky,Cowboy_Food,1,5.99,5.99,208.4
337,2024-01-05 15:10:38,Bulk,17,Stock Tank Float,Ranch_Supplies,1,8.49,8.49,208.4
337,2024-01-05 15:10:38,Bulk,11,Lasso Rope,Ranch_Supplies,3,14.99,44.97,208.4
337,2024-01-05 15:10:38,Bulk,2,Campfire Chili,Cowboy_Food,1,3.99,3.99,208.4
337,2024-01-05 15:10:38,Bulk,28,Leather Saddlebag,Leather_Goods,2,59.99,119.98,208.4
337,2024-01-05 15:10:38,Bulk,23,Leather Belt,Western_Apparel,1,19.99,19.99,208.4
338,2024-01-05 15:17:59,Regular,20,Cowboy Boots,Western_Apparel,1,89.99,89.99,193.95
338,2024-01-05 15:17:59,Regular,19,Cowboy Hat,Western_Apparel,1,34.99,34.99,193.95
338,2024-01-05 15:17:59,Regular,24,Denim Vest,Western_Apparel,1,39.99,39.99,193.95
338,2024-01-05 15:17:59,Regular,25,Riding Spurs,Rodeo_Gear,1,22.99,22.99,193.95
338,2024-01-05 15:17:59,Regular,16,Hay Bale Twine,Ranch_Supplies,1,5.99,5.99,193.95
339,2024-01-05 17:25:59,Bulk,8,Hardtack Biscuits,Cowboy_Food,1,2.49,2.49,272.89
339,2024-01-05 17:25:59,Bulk,14,Work Gloves,Ranch_Supplies,1,6.99,6.99,272.89
339,2024-01-05 17:25:59,Bulk,25,Riding Spurs,Rodeo_Gear,1,22.99,22.99,272.89
339,2024-01-05 17:25:59,Bulk,4,Trail Beef Jerky,Cowboy_Food,1,5.99,5.99,272.89
339,2024-01-05 17:25:59,Bulk,18,Branding Iron,Ranch_Supplies,2,24.99,49.98,272.89
339,2024-01-05 17:25:59,Bulk,22,Flannel Shirt,Western_Apparel,2,29.99,59.98,272.89
339,2024-01-05 17:25:59,Bulk,28,Leather Saddlebag,Leather_Goods,2,59.99,119.98,272.89
339,2024-01-05 17:25:59,Bulk,3,Smoky BBQ Sauce,Cowboy_Food,1,4.49,4.49,272.89
340,2024-01-05 16:54:14,Regular,12,Horse Feed Sack,Ranch_Supplies,1,19.99,19.99,111.44
340,2024-01-05 16:54:14,Regular,6,Campfire Coffee,Cowboy_Food,1,7.99,7.99,111.44
340,2024-01-05 16:54:14,Regular,28,Leather Saddlebag,Leather_Goods,1,59.99,59.99,111.44
340,2024-01-05 16:54:14,Regular,30,Leather Journal,Leather_Goods,1,14.99,14.99,111.44
340,2024-01-05 16:54:14,Regular,8,Hardtack Biscuits,Cowboy_Food,1,2.49,2.49,111.44
340,2024-01-05 16:54:14,Regular,4,Trail Beef Jerky,Cowboy_Food,1,5.99,5.99,111.44
341,2024-01-05 09:43:00,Tourist,1,Chuckwagon Beans,Cowboy_Food,1,2.99,2.99,33.97
341,2024-01-05 09:43:00,Tourist,6,Campfire Coffee,Cowboy_Food,1,7.99,7.99,33.97
341,2024-01-05 09:43:00,Tourist,25,Riding Spurs,Rodeo_Gear,1,22.99,22.99,33.97
342,2024-01-05 14:57:16,Bulk,27,Bull Rope Rosin,Rodeo_Gear,1,7.49,7.49,71.44
342,2024-01-05 14:57:16,Bulk,7,Prairie Honey,Cowboy_Food,1,6.49,6.49,71.44
342,2024-01-05 14:57:16,Bulk,19,Cowboy Hat,Western_Apparel,1,34.99,34.99,71.44
342,2024-01-05 14:57:16,Bulk,3,Smoky BBQ Sauce,Cowboy_Food,1,4.49,4.49,71.44
342,2024-01-05 14:57:16,Bulk,13,Saddle Oil,Ranch_Supplies,1,9.99,9.99,71.44
342,2024-01-05 14:57:16,Bulk,6,Campfire Coffee,Cowboy_Food,1,7.99,7.99,71.44
343,2024-01-05 16:04:52,Casual,11,Lasso Rope,Ranch_Supplies,1,14.99,14.99,103.43
343,2024-01-05 16:04:52,Casual,19,Cowboy Hat,Western_Apparel,1,34.99,34.99,103.43
343,2024-01-05 16:04:52,Casual,21,Red Bandana,Western_Apparel,1,4.99,4.99,103.43
343,2024-01-05 16:04:52,Casual,10,Smoked Sausage Links,Cowboy_Food,1,8.99,8.99,103.43
343,2024-01-05 16:04:52,Casual,22,Flannel Shirt,Western_Apparel,1,29.99,29.99,103.43
343,2024-01-05 16:04:52,Casual,3,Smoky BBQ Sauce,Cowboy_Food,1,4.49,4.49,103.43
343,2024-01-05 16:04:52,Casual,9,Dried Apple Slices,Cowboy_Food,1,4.99,4.99,103.43
344,2024-01-05 15:00:48,Regular,4,Trail Beef Jerky,Cowboy_Food,1,5.99,5.99,9.98
344,2024-01-05 15:00:48,Regular,2,Campfire Chili,Cowboy_Food,1,3.99,3.99,9.98
345,2024-01-05 11:05:05,Bulk,20,Cowboy Boots,Western_Apparel,1,89.99,89.99,128.95
345,2024-01-05 11:05:05,Bulk,2,Campfire Chili,Cowboy_Food,1,3.99,3.99,128.95
345,2024-01-05 11:05:05,Bulk,26,Rodeo Rope,Rodeo_Gear,1,18.99,18.99,128.95
345,2024-01-05 11:05:05,Bulk,1,Chuckwagon Beans,Cowboy_Food,1,2.99,2.99,128.95
345,2024-01-05 11:05:05,Bulk,15,Fence Wire (50ft),Ranch_Supplies,1,12.99,12.99,128.95
346,2024-01-05 14:13:09,Casual,20,Cowboy Boots,Western_Apparel,1,89.99,89.99,123.97
346,2024-01-05 14:13:09,Casual,26,Rodeo Rope,Rodeo_Gear,1,18.99,18.99,123.97
346,2024-01-05 14:13:09,Casual,30,Leather Journal,Leather_Goods,1,14.99,14.99,123.97
347,2024-01-05 14:26:33,Regular,4,Trail Beef Jerky,Cowboy_Food,2,5.99,11.98,24.96
347,2024-01-05 14:26:33,Regular,13,Saddle Oil,Ranch_Supplies,1,9.99,9.99,24.96
347,2024-01-05 14:26:33,Regular,1,Chuckwagon Beans,Cowboy_Food,1,2.99,2.99,24.96
348,2024-01-05 11:33:39,Regular,13,Saddle Oil,Ranch_Supplies,1,9.99,9.99,17.98
348,2024-01-05 11:33:39,Regular,6,Campfire Coffee,Cowboy_Food,1,7.99,7.99,17.98
349,2024-01-05 16:49:58,Regular,16,Hay Bale Twine,Ranch_Supplies,1,5.99,5.99,50.93
349,2024-01-05 16:49:58,Regular,3,Smoky BBQ Sauce,Cowboy_Food,2,4.49,8.98,50.93
349,2024-01-05 16:49:58,Regular,14,Work Gloves,Ranch_Supplies,1,6.99,6.99,50.93
349,2024-01-05 16:49:58,Regular,12,Horse Feed Sack,Ranch_Supplies,1,19.99,19.99,50.93
349,2024-01-05 16:49:58,Regular,4,Trail Beef Jerky,Cowboy_Food,1,5.99,5.99,50.93
349,2024-01-05 16:49:58,Regular,1,Chuckwagon Beans,Cowboy_Food,1,2.99,2.99,50.93
350,2024-01-05 12:50:45,Regular,21,Red Bandana,Western_Apparel,1,4.99,4.99,47.96
350,2024-01-05 12:50:45,Regular,19,Cowboy Hat,Western_Apparel,1,34.99,34.99,47.96
350,2024-01-05 12:50:45,Regular,5,Cornbread Mix,Cowboy_Food,1,3.49,3.49,47.96
350,2024-01-05 12:50:45,Regular,3,Smoky BBQ Sauce,Cowboy_Food,1,4.49,4.49,47.96
351,2024-01-05 15:55:12,Regular,13,Saddle Oil,Ranch_Supplies,1,9.99,9.99,55.46
351,2024-01-05 15:55:12,Regular,19,Cowboy Hat,Western_Apparel,1,34.99,34.99,55.46
351,2024-01-05 15:55:12,Regular,14,Work Gloves,Ranch_Supplies,1,6.99,6.99,55.46
351,2024-01-05 15:55:12,Regular,5,Cornbread Mix,Cowboy_Food,1,3.49,3.49,55.46
352,2024-01-05 15:27:02,Regular,5,Cornbread Mix,Cowboy_Food,1,3.49,3.49,108.91
352,2024-01-05 15:27:02,Regular,19,Cowboy Hat,Western_Apparel,1,34.99,34.99,108.91
352,2024-01-05 15:27:02,Regular,17,Stock Tank Float,Ranch_Supplies,1,8.49,8.49,108.91
352,2024-01-05 15:27:02,Regular,4,Trail Beef Jerky,Cowboy_Food,1,5.99,5.99,108.91
352,2024-01-05 15:27:02,Regular,26,Rodeo Rope,Rodeo_Gear,2,18.99,37.98,108.91
352,2024-01-05 15:27:02,Regular,10,Smoked Sausage Links,Cowboy_Food,1,8.99,8.99,108.91
352,2024-01-05 15:27:02,Regular,2,Campfire Chili,Cowboy_Food,1,3.99,3.99,108.91
352,2024-01-05 15:27:02,Regular,9,Dried Apple Slices,Cowboy_Food,1,4.99,4.99,108.91
353,2024-01-05 17:34:38,Regular,21,Red Bandana,Western_Apparel,1,4.99,4.99,90.41
353,2024-01-05 17:34:38,Regular,29,Leather Wallet,Leather_Goods,1,24.99,24.99,90.41
353,2024-01-05 17:34:38,Regular,8,Hardtack Biscuits,Cowboy_Food,1,2.49,2.49,90.41
353,2024-01-05 17:34:38,Regular,30,Leather Journal,Leather_Goods,1,14.99,14.99,90.41
353,2024-01-05 17:34:38,Regular,10,Smoked Sausage Links,Cowboy_Food,1,8.99,8.99,90.41
353,2024-01-05 17:34:38,Regular,5,Cornbread Mix,Cowboy_Food,1,3.49,3.49,90.41
353,2024-01-05 17:34:38,Regular,3,Smoky BBQ Sauce,Cowboy_Food,1,4.49,4.49,90.41
353,2024-01-05 17:34:38,Regular,23,Leather Belt,Western_Apparel,1,19.99,19.99,90.41
353,2024-01-05 17:34:38,Regular,16,Hay Bale Twine,Ranch_Supplies,1,5.99,5.99,90.41
354,2024-01-05 11:01:33,Bulk,3,Smoky BBQ Sauce,Cowboy_Food,1,4.49,4.49,100.91
354,2024-01-05 11:01:33,Bulk,16,Hay Bale Twine,Ranch_Supplies,1,5.99,5.99,100.91
354,2024-01-05 11:01:33,Bulk,18,Branding Iron,Ranch_Supplies,1,24.99,24.99,100.91
354,2024-01-05 11:01:33,Bulk,21,Red Bandana,Western_Apparel,1,4.99,4.99,100.91
354,2024-01-05 11:01:33,Bulk,9,Dried Apple Slices,Cowboy_Food,1,4.99,4.99,100.91
354,2024-01-05 11:01:33,Bulk,1,Chuckwagon Beans,Cowboy_Food,1,2.99,2.99,100.91
354,2024-01-05 11:01:33,Bulk,19,Cowboy Hat,Western_Apparel,1,34.99,34.99,100.91
354,2024-01-05 11:01:33,Bulk,30,Leather Journal,Leather_Goods,1,14.99,14.99,100.91
354,2024-01-05 11:01:33,Bulk,8,Hardtack Biscuits,Cowboy_Food,1,2.49,2.49,100.91
355,2024-01-05 10:57:55,Regular,10,Smoked Sausage Links,Cowboy_Food,1,8.99,8.99,43.98
355,2024-01-05 10:57:55,Regular,19,Cowboy Hat,Western_Apparel,1,34.99,34.99,43.98
356,2024-01-05 12:34:34,Regular,28,Leather Saddlebag,Leather_Goods,1,59.99,59.99,59.99
357,2024-01-05 14:41:30,Bulk,26,Rodeo Rope,Rodeo_Gear,1,18.99,18.99,118.94
357,2024-01-05 14:41:30,Bulk,1,Chuckwagon Beans,Cowboy_Food,1,2.99,2.99,118.94
357,2024-01-05 14:41:30,Bulk,4,Trail Beef Jerky,Cowboy_Food,2,5.99,11.98,118.94
357,2024-01-05 14:41:30,Bulk,18,Branding Iron,Ranch_Supplies,1,24.99,24.99,118.94
357,2024-01-05 14:41:30,Bulk,28,Leather Saddlebag,Leather_Goods,1,59.99,59.99,118.94
358,2024-01-05 12:33:18,Regular,4,Trail Beef Jerky,Cowboy_Food,1,5.99,5.99,34.97
358,2024-01-05 12:33:18,Regular,10,Smoked Sausage Links,Cowboy_Food,1,8.99,8.99,34.97
358,2024-01-05 12:33:18,Regular,23,Leather Belt,Western_Apparel,1,19.99,19.99,34.97
359,2024-01-05 16:52:05,Regular,26,Rodeo Rope,Rodeo_Gear,1,18.99,18.99,33.96
359,2024-01-05 16:52:05,Regular,17,Stock Tank Float,Ranch_Supplies,1,8.49,8.49,33.96
359,2024-01-05 16:52:05,Regular,8,Hardtack Biscuits,Cowboy_Food,1,2.49,2.49,33.96
359,2024-01-05 16:52:05,Regular,2,Campfire Chili,Cowboy_Food,1,3.99,3.99,33.96
360,2024-01-05 12:02:52,Regular,28,Leather Saddlebag,Leather_Goods,1,59.99,59.99,89.98
360,2024-01-05 12:02:52,Regular,22,Flannel Shirt,Western_Apparel,1,29.99,29.99,89.98
361,2024-01-05 10:40:49,Regular,2,Campfire Chili,Cowboy_Food,1,3.99,3.99,101.43
361,2024-01-05 10:40:49,Regular,4,Trail Beef Jerky,Cowboy_Food,1,5.99,5.99,101.43
361,2024-01-05 10:40:49,Regular,27,Bull Rope Rosin,Rodeo_Gear,1,7.49,7.49,101.43
361,2024-01-05 10:40:49,Regular,26,Rodeo Rope,Rodeo_Gear,1,18.99,18.99,101.43
361,2024-01-05 10:40:49,Regular,29,Leather Wallet,Leather_Goods,1,24.99,24.99,101.43
361,2024-01-05 10:40:49,Regular,12,Horse Feed Sack,Ranch_Supplies,1,19.99,19.99,101.43
361,2024-01-05 10:40:49,Regular,23,Leather Belt,Western_Apparel,1,19.99,19.99,101.43
362,2024-01-05 14:28:09,Regular,19,Cowboy Hat,Western_Apparel,1,34.99,34.99,136.46
362,2024-01-05 14:28:09,Regular,20,Cowboy Boots,Western_Apparel,1,89.99,89.99,136.46
362,2024-01-05 14:28:09,Regular,7,Prairie Honey,Cowboy_Food,1,6.49,6.49,136.46
362,2024-01-05 14:28:09,Regular,21,Red Bandana,Western_Apparel,1,4.99,4.99,136.46
363,2024-01-05 16:55:42,Regular,13,Saddle Oil,Ranch_Supplies,2,9.99,19.98,150.92
363,2024-01-05 16:55:42,Regular,28,Leather Saddlebag,Leather_Goods,1,59.99,59.99,150.92
363,2024-01-05 16:55:42,Regular,16,Hay Bale Twine,Ranch_Supplies,1,5.99,5.99,150.92
363,2024-01-05 16:55:42,Regular,11,Lasso Rope,Ranch_Supplies,2,14.99,29.98,150.92
363,2024-01-05 16:55:42,Regular,30,Leather Journal,Leather_Goods,1,14.99,14.99,150.92
363,2024-01-05 16:55:42,Regular,12,Horse Feed Sack,Ranch_Supplies,1,19.99,19.99,150.92
364,2024-01-05 17:23:21,Regular,4,Trail Beef Jerky,Cowboy_Food,2,5.99,11.98,31.95
364,2024-01-05 17:23:21,Regular,16,Hay Bale Twine,Ranch_Supplies,1,5.99,5.99,31.95
364,2024-01-05 17:23:21,Regular,21,Red Bandana,Western_Apparel,1,4.99,4.99,31.95
364,2024-01-05 17:23:21,Regular,10,Smoked Sausage Links,Cowboy_Food,1,8.99,8.99,31.95
365,2024-01-05 16:42:26,Tourist,9,Dried Apple Slices,Cowboy_Food,1,4.99,4.99,8.48
365,2024-01-05 16:42:26,Tourist,5,Cornbread Mix,Cowboy_Food,1,3.49,3.49,8.48
366,2024-01-05 15:43:50,Tourist,10,Smoked Sausage Links,Cowboy_Food,1,8.99,8.99,30.97
366,2024-01-05 15:43:50,Tourist,11,Lasso Rope,Ranch_Supplies,1,14.99,14.99,30.97
366,2024-01-05 15:43:50,Tourist,14,Work Gloves,Ranch_Supplies,1,6.99,6.99,30.97
367,2024-01-05 16:39:50,Regular,12,Horse Feed Sack,Ranch_Supplies,2,19.99,39.98,127.93
367,2024-01-05 16:39:50,Regular,19,Cowboy Hat,Western_Apparel,1,34.99,34.99,127.93
367,2024-01-05 16:39:50,Regular,21,Red Bandana,Western_Apparel,1,4.99,4.99,127.93
367,2024-01-05 16:39:50,Regular,3,Smoky BBQ Sauce,Cowboy_Food,1,4.49,4.49,127.93
367,2024-01-05 16:39:50,Regular,24,Denim Vest,Western_Apparel,1,39.99,39.99,127.93
367,2024-01-05 16:39:50,Regular,5,Cornbread Mix,Cowboy_Food,1,3.49,3.49,127.93
368,2024-01-05 16:25:11,Regular,15,Fence Wire (50ft),Ranch_Supplies,2,12.99,25.98,153.42
368,2024-01-05 16:25:11,Regular,12,Horse Feed Sack,Ranch_Supplies,1,19.99,19.99,153.42
368,2024-01-05 16:25:11,Regular,1,Chuckwagon Beans,Cowboy_Food,1,2.99,2.99,153.42
368,2024-01-05 16:25:11,Regular,17,Stock Tank Float,Ranch_Supplies,1,8.49,8.49,153.42
368,2024-01-05 16:25:11,Regular,22,Flannel Shirt,Western_Apparel,1,29.99,29.99,153.42
368,2024-01-05 16:25:11,Regular,4,Trail Beef Jerky,Cowboy_Food,1,5.99,5.99,153.42
368,2024-01-05 16:25:11,Regular,28,Leather Saddlebag,Leather_Goods,1,59.99,59.99,153.42
369,2024-01-05 11:56:18,Regular,20,Cowboy Boots,Western_Apparel,1,89.99,89.99,94.48
369,2024-01-05 11:56:18,Regular,3,Smoky BBQ Sauce,Cowboy_Food,1,4.49,4.49,94.48
370,2024-01-05 15:41:49,Casual,4,Trail Beef Jerky,Cowboy_Food,1,5.99,5.99,17.47
370,2024-01-05 15:41:49,Casual,14,Work Gloves,Ranch_Supplies,1,6.99,6.99,17.47
370,2024-01-05 15:41:49,Casual,3,Smoky BBQ Sauce,Cowboy_Food,1,4.49,4.49,17.47
371,2024-01-05 16:54:55,Casual,4,Trail Beef Jerky,Cowboy_Food,1,5.99,5.99,19.47
371,2024-01-05 16:54:55,Casual,5,Cornbread Mix,Cowboy_Food,1,3.49,3.49,19.47
371,2024-01-05 16:54:55,Casual,13,Saddle Oil,Ranch_Supplies,1,9.99,9.99,19.47
372,2024-01-05 12:47:04,Regular,11,Lasso Rope,Ranch_Supplies,1,14.99,14.99,152.94
372,2024-01-05 12:47:04,Regular,22,Flannel Shirt,Western_Apparel,1,29.99,29.99,152.94
372,2024-01-05 12:47:04,Regular,9,Dried Apple Slices,Cowboy_Food,2,4.99,9.98,152.94
372,2024-01-05 12:47:04,Regular,20,Cowboy Boots,Western_Apparel,1,89.99,89.99,152.94
372,2024-01-05 12:47:04,Regular,6,Campfire Coffee,Cowboy_Food,1,7.99,7.99,152.94
373,2024-01-05 16:16:50,Regular,19,Cowboy Hat,Western_Apparel,1,34.99,34.99,112.43
373,2024-01-05 16:16:50,Regular,26,Rodeo Rope,Rodeo_Gear,1,18.99,18.99,112.43
373,2024-01-05 16:16:50,Regular,10,Smoked Sausage Links,Cowboy_Food,1,8.99,8.99,112.43
373,2024-01-05 16:16:50,Regular,4,Trail Beef Jerky,Cowboy_Food,1,5.99,5.99,112.43
373,2024-01-05 16:16:50,Regular,11,Lasso Rope,Ranch_Supplies,1,14.99,14.99,112.43
373,2024-01-05 16:16:50,Regular,23,Leather Belt,Western_Apparel,1,19.99,19.99,112.43
373,2024-01-05 16:16:50,Regular,17,Stock Tank Float,Ranch_Supplies,1,8.49,8.49,112.43
374,2024-01-05 15:11:29,Regular,30,Leather Journal,Leather_Goods,1,14.99,14.99,24.47
374,2024-01-05 15:11:29,Regular,4,Trail Beef Jerky,Cowboy_Food,1,5.99,5.99,24.47
374,2024-01-05 15:11:29,Regular,5,Cornbread Mix,Cowboy_Food,1,3.49,3.49,24.47
375,2024-01-05 15:21:35,Casual,12,Horse Feed Sack,Ranch_Supplies,1,19.99,19.99,109.98
375,2024-01-05 15:21:35,Casual,20,Cowboy Boots,Western_Apparel,1,89.99,89.99,109.98
376,2024-01-05 10:43:04,Casual,29,Leather Wallet,Leather_Goods,1,24.99,24.99,64.98
376,2024-01-05 10:43:04,Casual,24,Denim Vest,Western_Apparel,1,39.99,39.99,64.98
377,2024-01-05 16:20:40,Regular,25,Riding Spurs,Rodeo_Gear,1,22.99,22.99,52.98
377,2024-01-05 16:20:40,Regular,22,Flannel Shirt,Western_Apparel,1,29.99,29.99,52.98
378,2024-01-05 17:29:40,Bulk,18,Branding Iron,Ranch_Supplies,1,24.99,24.99,93.45
378,2024-01-05 17:29:40,Bulk,16,Hay Bale Twine,Ranch_Supplies,1,5.99,5.99,93.45
378,2024-01-05 17:29:40,Bulk,8,Hardtack Biscuits,Cowboy_Food,1,2.49,2.49,93.45
378,2024-01-05 17:29:40,Bulk,29,Leather Wallet,Leather_Goods,1,24.99,24.99,93.45
378,2024-01-05 17:29:40,Bulk,19,Cowboy Hat,Western_Apparel,1,34.99,34.99,93.45
379,2024-01-05 11:11:39,Regular,4,Trail Beef Jerky,Cowboy_Food,1,5.99,5.99,114.97
379,2024-01-05 11:11:39,Regular,20,Cowboy Boots,Western_Apparel,1,89.99,89.99,114.97
379,2024-01-05 11:11:39,Regular,26,Rodeo Rope,Rodeo_Gear,1,18.99,18.99,114.97
380,2024-01-05 13:36:47,Bulk,28,Leather Saddlebag,Leather_Goods,2,59.99,119.98,304.86
380,2024-01-05 13:36:47,Bulk,10,Smoked Sausage Links,Cowboy_Food,1,8.99,8.99,304.86
380,2024-01-05 13:36:47,Bulk,3,Smoky BBQ Sauce,Cowboy_Food,1,4.49,4.49,304.86
380,2024-01-05 13:36:47,Bulk,4,Trail Beef Jerky,Cowboy_Food,3,5.99,17.97,304.86
380,2024-01-05 13:36:47,Bulk,6,Campfire Coffee,Cowboy_Food,1,7.99,7.99,304.86
380,2024-01-05 13:36:47,Bulk,20,Cowboy Boots,Western_Apparel,1,89.99,89.99,304.86
380,2024-01-05 13:36:47,Bulk,5,Cornbread Mix,Cowboy_Food,1,3.49,3.49,304.86
380,2024-01-05 13:36:47,Bulk,26,Rodeo Rope,Rodeo_Gear,1,18.99,18.99,304.86
380,2024-01-05 13:36:47,Bulk,1,Chuckwagon Beans,Cowboy_Food,1,2.99,2.99,304.86
380,2024-01-05 13:36:47,Bulk,14,Work Gloves,Ranch_Supplies,1,6.99,6.99,304.86
380,2024-01-05 13:36:47,Bulk,25,Riding Spurs,Rodeo_Gear,1,22.99,22.99,304.86
381,2024-01-05 10:15:56,Tourist,8,Hardtack Biscuits,Cowboy_Food,1,2.49,2.49,201.89
381,2024-01-05 10:15:56,Tourist,14,Work Gloves,Ranch_Supplies,1,6.99,6.99,201.89
381,2024-01-05 10:15:56,Tourist,18,Branding Iron,Ranch_Supplies,1,24.99,24.99,201.89
381,2024-01-05 10:15:56,Tourist,12,Horse Feed Sack,Ranch_Supplies,1,19.99,19.99,201.89
381,2024-01-05 10:15:56,Tourist,23,Leather Belt,Western_Apparel,1,19.99,19.99,201.89
381,2024-01-05 10:15:56,Tourist,17,Stock Tank Float,Ranch_Supplies,1,8.49,8.49,201.89
381,2024-01-05 10:15:56,Tourist,1,Chuckwagon Beans,Cowboy_Food,1,2.99,2.99,201.89
381,2024-01-05 10:15:56,Tourist,16,Hay Bale Twine,Ranch_Supplies,1,5.99,5.99,201.89
381,2024-01-05 10:15:56,Tourist,19,Cowboy Hat,Western_Apparel,1,34.99,34.99,201.89
381,2024-01-05 10:15:56,Tourist,28,Leather Saddlebag,Leather_Goods,1,59.99,59.99,201.89
381,2024-01-05 10:15:56,Tourist,11,Lasso Rope,Ranch_Supplies,1,14.99,14.99,201.89
382,2024-01-05 09:57:50,Regular,18,Branding Iron,Ranch_Supplies,1,24.99,24.99,96.43
382,2024-01-05 09:57:50,Regular,12,Horse Feed Sack,Ranch_Supplies,1,19.99,19.99,96.43
382,2024-01-05 09:57:50,Regular,21,Red Bandana,Western_Apparel,2,4.99,9.98,96.43
382,2024-01-05 09:57:50,Regular,2,Campfire Chili,Cowboy_Food,1,3.99,3.99,96.43
382,2024-01-05 09:57:50,Regular,8,Hardtack Biscuits,Cowboy_Food,1,2.49,2.49,96.43
382,2024-01-05 09:57:50,Regular,19,Cowboy Hat,Western_Apparel,1,34.99,34.99,96.43
383,2024-01-05 18:46:44,Regular,12,Horse Feed Sack,Ranch_Supplies,1,19.99,19.99,84.96
383,2024-01-05 18:46:44,Regular,9,Dried Apple Slices,Cowboy_Food,1,4.99,4.99,84.96
383,2024-01-05 18:46:44,Regular,19,Cowboy Hat,Western_Apparel,1,34.99,34.99,84.96
383,2024-01-05 18:46:44,Regular,18,Branding Iron,Ranch_Supplies,1,24.99,24.99,84.96
384,2024-01-05 15:17:58,Bulk,12,Horse Feed Sack,Ranch_Supplies,1,19.99,19.99,129.94
384,2024-01-05 15:17:58,Bulk,2,Campfire Chili,Cowboy_Food,1,3.99,3.99,129.94
384,2024-01-05 15:17:58,Bulk,3,Smoky BBQ Sauce,Cowboy_Food,1,4.49,4.49,129.94
384,2024-01-05 15:17:58,Bulk,20,Cowboy Boots,Western_Apparel,1,89.99,89.99,129.94
384,2024-01-05 15:17:58,Bulk,7,Prairie Honey,Cowboy_Food,1,6.49,6.49,129.94
384,2024-01-05 15:17:58,Bulk,21,Red Bandana,Western_Apparel,1,4.99,4.99,129.94
385,2024-01-06 16:59:30,Tourist,15,Fence Wire (50ft),Ranch_Supplies,1,12.99,12.99,108.9
385,2024-01-06 16:59:30,Tourist,7,Prairie Honey,Cowboy_Food,2,6.49,12.98,108.9
385,2024-01-06 16:59:30,Tourist,17,Stock Tank Float,Ranch_Supplies,1,8.49,8.49,108.9
385,2024-01-06 16:59:30,Tourist,23,Leather Belt,Western_Apparel,2,19.99,39.98,108.9
385,2024-01-06 16:59:30,Tourist,26,Rodeo Rope,Rodeo_Gear,1,18.99,18.99,108.9
385,2024-01-06 16:59:30,Tourist,8,Hardtack Biscuits,Cowboy_Food,1,2.49,2.49,108.9
385,2024-01-06 16:59:30,Tourist,13,Saddle Oil,Ranch_Supplies,1,9.99,9.99,108.9
385,2024-01-06 16:59:30,Tourist,1,Chuckwagon Beans,Cowboy_Food,1,2.99,2.99,108.9
386,2024-01-06 13:48:04,Bulk,24,Denim Vest,Western_Apparel,3,39.99,119.97,383.3
386,2024-01-06 13:48:04,Bulk,26,Rodeo Rope,Rodeo_Gear,1,18.99,18.99,383.3
386,2024-01-06 13:48:04,Bulk,2,Campfire Chili,Cowboy_Food,1,3.99,3.99,383.3
386,2024-01-06 13:48:04,Bulk,30,Leather Journal,Leather_Goods,1,14.99,14.99,383.3
386,2024-01-06 13:48:04,Bulk,7,Prairie Honey,Cowboy_Food,4,6.49,25.96,383.3
386,2024-01-06 13:48:04,Bulk,9,Dried Apple Slices,Cowboy_Food,1,4.99,4.99,383.3
386,2024-01-06 13:48:04,Bulk,16,Hay Bale Twine,Ranch_Supplies,1,5.99,5.99,383.3
386,2024-01-06 13:48:04,Bulk,6,Campfire Coffee,Cowboy_Food,1,7.99,7.99,383.3
386,2024-01-06 13:48:04,Bulk,11,Lasso Rope,Ranch_Supplies,1,14.99,14.99,383.3
386,2024-01-06 13:48:04,Bulk,19,Cowboy Hat,Western_Apparel,1,34.99,34.99,383.3
386,2024-01-06 13:48:04,Bulk,25,Riding Spurs,Rodeo_Gear,1,22.99,22.99,383.3
386,2024-01-06 13:48:04,Bulk,20,Cowboy Boots,Western_Apparel,1,89.99,89.99,383.3
386,2024-01-06 13:48:04,Bulk,17,Stock Tank Float,Ranch_Supplies,1,8.49,8.49,383.3
386,2024-01-06 13:48:04,Bulk,4,Trail Beef Jerky,Cowboy_Food,1,5.99,5.99,383.3
386,2024-01-06 13:48:04,Bulk,1,Chuckwagon Beans,Cowboy_Food,1,2.99,2.99,383.3
387,2024-01-06 16:06:00,Regular,13,Saddle Oil,Ranch_Supplies,2,9.99,19.98,23.97
387,2024-01-06 16:06:00,Regular,2,Campfire Chili,Cowboy_Food,1,3.99,3.99,23.97
388,2024-01-06 11:53:10,Regular,1,Chuckwagon Beans,Cowboy_Food,1,2.99,2.99,20.96
388,2024-01-06 11:53:10,Regular,4,Trail Beef Jerky,Cowboy_Food,1,5.99,5.99,20.96
388,2024-01-06 11:53:10,Regular,14,Work Gloves,Ranch_Supplies,1,6.99,6.99,20.96
388,2024-01-06 11:53:10,Regular,9,Dried Apple Slices,Cowboy_Food,1,4.99,4.99,20.96
389,2024-01-06 15:51:56,Bulk,19,Cowboy Hat,Western_Apparel,1,34.99,34.99,424.83
389,2024-01-06 15:51:56,Bulk,23,Leather Belt,Western_Apparel,1,19.99,19.99,424.83
389,2024-01-06 15:51:56,Bulk,11,Lasso Rope,Ranch_Supplies,1,14.99,14.99,424.83
389,2024-01-06 15:51:56,Bulk,2,Campfire Chili,Cowboy_Food,1,3.99,3.99,424.83
389,2024-01-06 15:51:56,Bulk,15,Fence Wire (50ft),Ranch_Supplies,2,12.99,25.98,424.83
389,2024-01-06 15:51:56,Bulk,30,Leather Journal,Leather_Goods,1,14.99,14.99,424.83
389,2024-01-06 15:51:56,Bulk,29,Leather Wallet,Leather_Goods,1,24.99,24.99,424.83
389,2024-01-06 15:51:56,Bulk,6,Campfire Coffee,Cowboy_Food,1,7.99,7.99,424.83
389,2024-01-06 15:51:56,Bulk,22,Flannel Shirt,Western_Apparel,1,29.99,29.99,424.83
389,2024-01-06 15:51:56,Bulk,10,Smoked Sausage Links,Cowboy_Food,1,8.99,8.99,424.83
389,2024-01-06 15:51:56,Bulk,4,Trail Beef Jerky,Cowboy_Food,1,5.99,5.99,424.83
389,2024-01-06 15:51:56,Bulk,20,Cowboy Boots,Western_Apparel,2,89.99,179.98,424.83
389,2024-01-06 15:51:56,Bulk,14,Work Gloves,Ranch_Supplies,1,6.99,6.99,424.83
389,2024-01-06 15:51:56,Bulk,24,Denim Vest,Western_Apparel,1,39.99,39.99,424.83
389,2024-01-06 15:51:56,Bulk,9,Dried Apple Slices,Cowboy_Food,1,4.99,4.99,424.83
390,2024-01-06 10:38:57,Casual,16,Hay Bale Twine,Ranch_Supplies,1,5.99,5.99,136.43
390,2024-01-06 10:38:57,Casual,10,Smoked Sausage Links,Cowboy_Food,1,8.99,8.99,136.43
390,2024-01-06 10:38:57,Casual,17,Stock Tank Float,Ranch_Supplies,1,8.49,8.49,136.43
390,2024-01-06 10:38:57,Casual,24,Denim Vest,Western_Apparel,2,39.99,79.98,136.43
390,2024-01-06 10:38:57,Casual,25,Riding Spurs,Rodeo_Gear,1,22.99,22.99,136.43
390,2024-01-06 10:38:57,Casual,13,Saddle Oil,Ranch_Supplies,1,9.99,9.99,136.43
391,2024-01-06 14:44:24,Bulk,4,Trail Beef Jerky,Cowboy_Food,3,5.99,17.97,196.39
391,2024-01-06 14:44:24,Bulk,24,Denim Vest,Western_Apparel,1,39.99,39.99,196.39
391,2024-01-06 14:44:24,Bulk,22,Flannel Shirt,Western_Apparel,1,29.99,29.99,196.39
391,2024-01-06 14:44:24,Bulk,29,Leather Wallet,Leather_Goods,1,24.99,24.99,196.39
391,2024-01-06 14:44:24,Bulk,30,Leather Journal,Leather_Goods,1,14.99,14.99,196.39
391,2024-01-06 14:44:24,Bulk,27,Bull Rope Rosin,Rodeo_Gear,1,7.49,7.49,196.39
391,2024-01-06 14:44:24,Bulk,26,Rodeo Rope,Rodeo_Gear,2,18.99,37.98,196.39
391,2024-01-06 14:44:24,Bulk,25,Riding Spurs,Rodeo_Gear,1,22.99,22.99,196.39
392,2024-01-06 11:31:58,Bulk,13,Saddle Oil,Ranch_Supplies,2,9.99,19.98,237.33
392,2024-01-06 11:31:58,Bulk,3,Smoky BBQ Sauce,Cowboy_Food,2,4.49,8.98,237.33
392,2024-01-06 11:31:58,Bulk,1,Chuckwagon Beans,Cowboy_Food,2,2.99,5.98,237.33
392,2024-01-06 11:31:58,Bulk,30,Leather Journal,Leather_Goods,2,14.99,29.98,237.33
392,2024-01-06 11:31:58,Bulk,26,Rodeo Rope,Rodeo_Gear,1,18.99,18.99,237.33
392,2024-01-06 11:31:58,Bulk,28,Leather Saddlebag,Leather_Goods,1,59.99,59.99,237.33
392,2024-01-06 11:31:58,Bulk,8,Hardtack Biscuits,Cowboy_Food,1,2.49,2.49,237.33
392,2024-01-06 11:31:58,Bulk,6,Campfire Coffee,Cowboy_Food,1,7.99,7.99,237.33
392,2024-01-06 11:31:58,Bulk,12,Horse Feed Sack,Ranch_Supplies,1,19.99,19.99,237.33
392,2024-01-06 11:31:58,Bulk,23,Leather Belt,Western_Apparel,1,19.99,19.99,237.33
392,2024-01-06 11:31:58,Bulk,15,Fence Wire (50ft),Ranch_Supplies,1,12.99,12.99,237.33
392,2024-01-06 11:31:58,Bulk,11,Lasso Rope,Ranch_Supplies,2,14.99,29.98,237.33
393,2024-01-06 17:36:02,Casual,1,Chuckwagon Beans,Cowboy_Food,2,2.99,5.98,17.96
393,2024-01-06 17:36:02,Casual,4,Trail Beef Jerky,Cowboy_Food,1,5.99,5.99,17.96
393,2024-01-06 17:36:02,Casual,16,Hay Bale Twine,Ranch_Supplies,1,5.99,5.99,17.96
394,2024-01-06 14:51:58,Casual,11,Lasso Rope,Ranch_Supplies,1,14.99,14.99,38.97
394,2024-01-06 14:51:58,Casual,9,Dried Apple Slices,Cowboy_Food,1,4.99,4.99,38.97
394,2024-01-06 14:51:58,Casual,26,Rodeo Rope,Rodeo_Gear,1,18.99,18.99,38.97
395,2024-01-06 15:55:13,Casual,4,Trail Beef Jerky,Cowboy_Food,1,5.99,5.99,5.99
396,2024-01-06 13:29:02,Regular,24,Denim Vest,Western_Apparel,1,39.99,39.99,52.98
396,2024-01-06 13:29:02,Regular,15,Fence Wire (50ft),Ranch_Supplies,1,12.99,12.99,52.98
397,2024-01-06 12:27:45,Casual,25,Riding Spurs,Rodeo_Gear,1,22.99,22.99,22.99
398,2024-01-06 11:41:22,Bulk,3,Smoky BBQ Sauce,Cowboy_Food,2,4.49,8.98,139.87
398,2024-01-06 11:41:22,Bulk,23,Leather Belt,Western_Apparel,1,19.99,19.99,139.87
398,2024-01-06 11:41:22,Bulk,14,Work Gloves,Ranch_Supplies,1,6.99,6.99,139.87
398,2024-01-06 11:41:22,Bulk,6,Campfire Coffee,Cowboy_Food,1,7.99,7.99,139.87
398,2024-01-06 11:41:22,Bulk,10,Smoked Sausage Links,Cowboy_Food,2,8.99,17.98,139.87
398,2024-01-06 11:41:22,Bulk,21,Red Bandana,Western_Apparel,1,4.99,4.99,139.87
398,2024-01-06 11:41:22,Bulk,2,Campfire Chili,Cowboy_Food,2,3.99,7.98,139.87
398,2024-01-06 11:41:22,Bulk,18,Branding Iron,Ranch_Supplies,2,24.99,49.98,139.87
398,2024-01-06 11:41:22,Bulk,30,Leather Journal,Leather_Goods,1,14.99,14.99,139.87
399,2024-01-06 17:50:17,Regular,12,Horse Feed Sack,Ranch_Supplies,1,19.99,19.99,74.95
399,2024-01-06 17:50:17,Regular,29,Leather Wallet,Leather_Goods,1,24.99,24.99,74.95
399,2024-01-06 17:50:17,Regular,30,Leather Journal,Leather_Goods,1,14.99,14.99,74.95
399,2024-01-06 17:50:17,Regular,4,Trail Beef Jerky,Cowboy_Food,1,5.99,5.99,74.95
399,2024-01-06 17:50:17,Regular,10,Smoked Sausage Links,Cowboy_Food,1,8.99,8.99,74.95
400,2024-01-06 17:04:45,Bulk,29,Leather Wallet,Leather_Goods,1,24.99,24.99,245.86
400,2024-01-06 17:04:45,Bulk,11,Lasso Rope,Ranch_Supplies,2,14.99,29.98,245.86
400,2024-01-06 17:04:45,Bulk,22,Flannel Shirt,Western_Apparel,1,29.99,29.99,245.86
400,2024-01-06 17:04:45,Bulk,4,Trail Beef Jerky,Cowboy_Food,1,5.99,5.99,245.86
400,2024-01-06 17:04:45,Bulk,25,Riding Spurs,Rodeo_Gear,1,22.99,22.99,245.86
400,2024-01-06 17:04:45,Bulk,1,Chuckwagon Beans,Cowboy_Food,1,2.99,2.99,245.86
400,2024-01-06 17:04:45,Bulk,2,Campfire Chili,Cowboy_Food,2,3.99,7.98,245.86
400,2024-01-06 17:04:45,Bulk,10,Smoked Sausage Links,Cowboy_Food,2,8.99,17.98,245.86
400,2024-01-06 17:04:45,Bulk,20,Cowboy Boots,Western_Apparel,1,89.99,89.99,245.86
400,2024-01-06 17:04:45,Bulk,9,Dried Apple Slices,Cowboy_Food,1,4.99,4.99,245.86
400,2024-01-06 17:04:45,Bulk,6,Campfire Coffee,Cowboy_Food,1,7.99,7.99,245.86
401,2024-01-06 11:07:19,Casual,8,Hardtack Biscuits,Cowboy_Food,1,2.49,2.49,2.49
402,2024-01-06 16:46:45,Bulk,12,Horse Feed Sack,Ranch_Supplies,1,19.99,19.99,93.94
402,2024-01-06 16:46:45,Bulk,5,Cornbread Mix,Cowboy_Food,1,3.49,3.49,93.94
402,2024-01-06 16:46:45,Bulk,4,Trail Beef Jerky,Cowboy_Food,1,5.99,5.99,93.94
402,2024-01-06 16:46:45,Bulk,3,Smoky BBQ Sauce,Cowboy_Food,1,4.49,4.49,93.94
402,2024-01-06 16:46:45,Bulk,19,Cowboy Hat,Western_Apparel,1,34.99,34.99,93.94
402,2024-01-06 16:46:45,Bulk,18,Branding Iron,Ranch_Supplies,1,24.99,24.99,93.94
403,2024-01-06 14:32:11,Casual,8,Hardtack Biscuits,Cowboy_Food,1,2.49,2.49,43.94
403,2024-01-06 14:32:11,Casual,12,Horse Feed Sack,Ranch_Supplies,1,19.99,19.99,43.94
403,2024-01-06 14:32:11,Casual,3,Smoky BBQ Sauce,Cowboy_Food,1,4.49,4.49,43.94
403,2024-01-06 14:32:11,Casual,13,Saddle Oil,Ranch_Supplies,1,9.99,9.99,43.94
403,2024-01-06 14:32:11,Casual,2,Campfire Chili,Cowboy_Food,1,3.99,3.99,43.94
403,2024-01-06 14:32:11,Casual,1,Chuckwagon Beans,Cowboy_Food,1,2.99,2.99,43.94
404,2024-01-06 09:38:05,Regular,27,Bull Rope Rosin,Rodeo_Gear,1,7.49,7.49,67.47
404,2024-01-06 09:38:05,Regular,19,Cowboy Hat,Western_Apparel,1,34.99,34.99,67.47
404,2024-01-06 09:38:05,Regular,18,Branding Iron,Ranch_Supplies,1,24.99,24.99,67.47
405,2024-01-06 15:32:19,Regular,30,Leather Journal,Leather_Goods,1,14.99,14.99,57.95
405,2024-01-06 15:32:19,Regular,21,Red Bandana,Western_Apparel,1,4.99,4.99,57.95
405,2024-01-06 15:32:19,Regular,10,Smoked Sausage Links,Cowboy_Food,2,8.99,17.98,57.95
405,2024-01-06 15:32:19,Regular,12,Horse Feed Sack,Ranch_Supplies,1,19.99,19.99,57.95
406,2024-01-06 11:05:36,Regular,7,Prairie Honey,Cowboy_Food,1,6.49,6.49,95.45
406,2024-01-06 11:05:36,Regular,19,Cowboy Hat,Western_Apparel,1,34.99,34.99,95.45
406,2024-01-06 11:05:36,Regular,18,Branding Iron,Ranch_Supplies,1,24.99,24.99,95.45
406,2024-01-06 11:05:36,Regular,25,Riding Spurs,Rodeo_Gear,1,22.99,22.99,95.45
406,2024-01-06 11:05:36,Regular,4,Trail Beef Jerky,Cowboy_Food,1,5.99,5.99,95.45
407,2024-01-06 11:44:13,Regular,13,Saddle Oil,Ranch_Supplies,1,9.99,9.99,38.96
407,2024-01-06 11:44:13,Regular,30,Leather Journal,Leather_Goods,1,14.99,14.99,38.96
407,2024-01-06 11:44:13,Regular,14,Work Gloves,Ranch_Supplies,2,6.99,13.98,38.96
408,2024-01-06 16:30:08,Bulk,11,Lasso Rope,Ranch_Supplies,2,14.99,29.98,116.42
408,2024-01-06 16:30:08,Bulk,8,Hardtack Biscuits,Cowboy_Food,1,2.49,2.49,116.42
408,2024-01-06 16:30:08,Bulk,1,Chuckwagon Beans,Cowboy_Food,2,2.99,5.98,116.42
408,2024-01-06 16:30:08,Bulk,25,Riding Spurs,Rodeo_Gear,1,22.99,22.99,116.42
408,2024-01-06 16:30:08,Bulk,22,Flannel Shirt,Western_Apparel,1,29.99,29.99,116.42
408,2024-01-06 16:30:08,Bulk,18,Branding Iron,Ranch_Supplies,1,24.99,24.99,116.42
409,2024-01-06 12:08:44,Casual,16,Hay Bale Twine,Ranch_Supplies,1,5.99,5.99,35.44
409,2024-01-06 12:08:44,Casual,4,Trail Beef Jerky,Cowboy_Food,1,5.99,5.99,35.44
409,2024-01-06 12:08:44,Casual,14,Work Gloves,Ranch_Supplies,2,6.99,13.98,35.44
409,2024-01-06 12:08:44,Casual,3,Smoky BBQ Sauce,Cowboy_Food,1,4.49,4.49,35.44
409,2024-01-06 12:08:44,Casual,9,Dried Apple Slices,Cowboy_Food,1,4.99,4.99,35.44
410,2024-01-06 17:40:29,Casual,12,Horse Feed Sack,Ranch_Supplies,1,19.99,19.99,177.44
410,2024-01-06 17:40:29,Casual,20,Cowboy Boots,Western_Apparel,1,89.99,89.99,177.44
410,2024-01-06 17:40:29,Casual,25,Riding Spurs,Rodeo_Gear,1,22.99,22.99,177.44
410,2024-01-06 17:40:29,Casual,16,Hay Bale Twine,Ranch_Supplies,1,5.99,5.99,177.44
410,2024-01-06 17:40:29,Casual,19,Cowboy Hat,Western_Apparel,1,34.99,34.99,177.44
410,2024-01-06 17:40:29,Casual,5,Cornbread Mix,Cowboy_Food,1,3.49,3.49,177.44
411,2024-01-06 16:17:25,Regular,29,Leather Wallet,Leather_Goods,2,24.99,49.98,49.98
412,2024-01-06 17:16:14,Regular,14,Work Gloves,Ranch_Supplies,1,6.99,6.99,81.92
412,2024-01-06 17:16:14,Regular,6,Campfire Coffee,Cowboy_Food,1,7.99,7.99,81.92
412,2024-01-06 17:16:14,Regular,26,Rodeo Rope,Rodeo_Gear,1,18.99,18.99,81.92
412,2024-01-06 17:16:14,Regular,4,Trail Beef Jerky,Cowboy_Food,1,5.99,5.99,81.92
412,2024-01-06 17:16:14,Regular,2,Campfire Chili,Cowboy_Food,1,3.99,3.99,81.92
412,2024-01-06 17:16:14,Regular,21,Red Bandana,Western_Apparel,1,4.99,4.99,81.92
412,2024-01-06 17:16:14,Regular,13,Saddle Oil,Ranch_Supplies,1,9.99,9.99,81.92
412,2024-01-06 17:16:14,Regular,25,Riding Spurs,Rodeo_Gear,1,22.99,22.99,81.92
413,2024-01-06 16:04:01,Regular,1,Chuckwagon Beans,Cowboy_Food,1,2.99,2.99,2.99
414,2024-01-06 17:30:03,Bulk,1,Chuckwagon Beans,Cowboy_Food,1,2.99,2.99,297.3
414,2024-01-06 17:30:03,Bulk,21,Red Bandana,Western_Apparel,2,4.99,9.98,297.3
414,2024-01-06 17:30:03,Bulk,5,Cornbread Mix,Cowboy_Food,1,3.49,3.49,297.3
414,2024-01-06 17:30:03,Bulk,19,Cowboy Hat,Western_Apparel,1,34.99,34.99,297.3
414,2024-01-06 17:30:03,Bulk,22,Flannel Shirt,Western_Apparel,2,29.99,59.98,297.3
414,2024-01-06 17:30:03,Bulk,2,Campfire Chili,Cowboy_Food,1,3.99,3.99,297.3
414,2024-01-06 17:30:03,Bulk,7,Prairie Honey,Cowboy_Food,1,6.49,6.49,297.3
414,2024-01-06 17:30:03,Bulk,11,Lasso Rope,Ranch_Supplies,1,14.99,14.99,297.3
414,2024-01-06 17:30:03,Bulk,3,Smoky BBQ Sauce,Cowboy_Food,1,4.49,4.49,297.3
414,2024-01-06 17:30:03,Bulk,25,Riding Spurs,Rodeo_Gear,1,22.99,22.99,297.3
414,2024-01-06 17:30:03,Bulk,16,Hay Bale Twine,Ranch_Supplies,1,5.99,5.99,297.3
414,2024-01-06 17:30:03,Bulk,14,Work Gloves,Ranch_Supplies,1,6.99,6.99,297.3
414,2024-01-06 17:30:03,Bulk,29,Leather Wallet,Leather_Goods,1,24.99,24.99,297.3
414,2024-01-06 17:30:03,Bulk,9,Dried Apple Slices,Cowboy_Food,1,4.99,4.99,297.3
414,2024-01-06 17:30:03,Bulk,27,Bull Rope Rosin,Rodeo_Gear,2,7.49,14.98,297.3
414,2024-01-06 17:30:03,Bulk,28,Leather Saddlebag,Leather_Goods,1,59.99,59.99,297.3
414,2024-01-06 17:30:03,Bulk,30,Leather Journal,Leather_Goods,1,14.99,14.99,297.3
415,2024-01-06 13:31:40,Regular,14,Work Gloves,Ranch_Supplies,1,6.99,6.99,35.45
415,2024-01-06 13:31:40,Regular,15,Fence Wire (50ft),Ranch_Supplies,1,12.99,12.99,35.45
415,2024-01-06 13:31:40,Regular,4,Trail Beef Jerky,Cowboy_Food,1,5.99,5.99,35.45
415,2024-01-06 13:31:40,Regular,21,Red Bandana,Western_Apparel,1,4.99,4.99,35.45
415,2024-01-06 13:31:40,Regular,3,Smoky BBQ Sauce,Cowboy_Food,1,4.49,4.49,35.45
416,2024-01-06 15:40:04,Bulk,21,Red Bandana,Western_Apparel,1,4.99,4.99,105.91
416,2024-01-06 15:40:04,Bulk,14,Work Gloves,Ranch_Supplies,1,6.99,6.99,105.91
416,2024-01-06 15:40:04,Bulk,18,Branding Iron,Ranch_Supplies,2,24.99,49.98,105.91
416,2024-01-06 15:40:04,Bulk,6,Campfire Coffee,Cowboy_Food,1,7.99,7.99,105.91
416,2024-01-06 15:40:04,Bulk,10,Smoked Sausage Links,Cowboy_Food,1,8.99,8.99,105.91
416,2024-01-06 15:40:04,Bulk,26,Rodeo Rope,Rodeo_Gear,1,18.99,18.99,105.91
416,2024-01-06 15:40:04,Bulk,3,Smoky BBQ Sauce,Cowboy_Food,1,4.49,4.49,105.91
416,2024-01-06 15:40:04,Bulk,5,Cornbread Mix,Cowboy_Food,1,3.49,3.49,105.91
417,2024-01-06 15:27:14,Casual,7,Prairie Honey,Cowboy_Food,1,6.49,6.49,6.49
418,2024-01-06 17:46:54,Bulk,19,Cowboy Hat,Western_Apparel,1,34.99,34.99,345.37
418,2024-01-06 17:46:54,Bulk,29,Leather Wallet,Leather_Goods,2,24.99,49.98,345.37
418,2024-01-06 17:46:54,Bulk,21,Red Bandana,Western_Apparel,1,4.99,4.99,345.37
418,2024-01-06 17:46:54,Bulk,14,Work Gloves,Ranch_Supplies,2,6.99,13.98,345.37
418,2024-01-06 17:46:54,Bulk,20,Cowboy Boots,Western_Apparel,1,89.99,89.99,345.37
418,2024-01-06 17:46:54,Bulk,22,Flannel Shirt,Western_Apparel,2,29.99,59.98,345.37
418,2024-01-06 17:46:54,Bulk,28,Leather Saddlebag,Leather_Goods,1,59.99,59.99,345.37
418,2024-01-06 17:46:54,Bulk,12,Horse Feed Sack,Ranch_Supplies,1,19.99,19.99,345.37
418,2024-01-06 17:46:54,Bulk,7,Prairie Honey,Cowboy_Food,1,6.49,6.49,345.37
418,2024-01-06 17:46:54,Bulk,9,Dried Apple Slices,Cowboy_Food,1,4.99,4.99,345.37
419,2024-01-06 11:22:20,Regular,26,Rodeo Rope,Rodeo_Gear,1,18.99,18.99,51.46
419,2024-01-06 11:22:20,Regular,10,Smoked Sausage Links,Cowboy_Food,1,8.99,8.99,51.46
419,2024-01-06 11:22:20,Regular,12,Horse Feed Sack,Ranch_Supplies,1,19.99,19.99,51.46
419,2024-01-06 11:22:20,Regular,5,Cornbread Mix,Cowboy_Food,1,3.49,3.49,51.46
420,2024-01-06 15:51:44,Regular,30,Leather Journal,Leather_Goods,1,14.99,14.99,19.98
420,2024-01-06 15:51:44,Regular,21,Red Bandana,Western_Apparel,1,4.99,4.99,19.98
421,2024-01-06 16:49:20,Bulk,30,Leather Journal,Leather_Goods,1,14.99,14.99,197.38
421,2024-01-06 16:49:20,Bulk,5,Cornbread Mix,Cowboy_Food,1,3.49,3.49,197.38
421,2024-01-06 16:49:20,Bulk,4,Trail Beef Jerky,Cowboy_Food,3,5.99,17.97,197.38
421,2024-01-06 16:49:20,Bulk,19,Cowboy Hat,Western_Apparel,1,34.99,34.99,197.38
421,2024-01-06 16:49:20,Bulk,9,Dried Apple Slices,Cowboy_Food,1,4.99,4.99,197.38
421,2024-01-06 16:49:20,Bulk,18,Branding Iron,Ranch_Supplies,1,24.99,24.99,197.38
421,2024-01-06 16:49:20,Bulk,22,Flannel Shirt,Western_Apparel,1,29.99,29.99,197.38
421,2024-01-06 16:49:20,Bulk,23,Leather Belt,Western_Apparel,1,19.99,19.99,197.38
421,2024-01-06 16:49:20,Bulk,16,Hay Bale Twine,Ranch_Supplies,1,5.99,5.99,197.38
421,2024-01-06 16:49:20,Bulk,24,Denim Vest,Western_Apparel,1,39.99,39.99,197.38
422,2024-01-06 13:41:55,Bulk,15,Fence Wire (50ft),Ranch_Supplies,1,12.99,12.99,12.99
423,2024-01-06 17:30:49,Regular,22,Flannel Shirt,Western_Apparel,1,29.99,29.99,93.95
423,2024-01-06 17:30:49,Regular,12,Horse Feed Sack,Ranch_Supplies,1,19.99,19.99,93.95
423,2024-01-06 17:30:49,Regular,29,Leather Wallet,Leather_Goods,1,24.99,24.99,93.95
423,2024-01-06 17:30:49,Regular,15,Fence Wire (50ft),Ranch_Supplies,1,12.99,12.99,93.95
423,2024-01-06 17:30:49,Regular,4,Trail Beef Jerky,Cowboy_Food,1,5.99,5.99,93.95
424,2024-01-06 13:45:28,Casual,1,Chuckwagon Beans,Cowboy_Food,1,2.99,2.99,73.43
424,2024-01-06 13:45:28,Casual,3,Smoky BBQ Sauce,Cowboy_Food,1,4.49,4.49,73.43
424,2024-01-06 13:45:28,Casual,11,Lasso Rope,Ranch_Supplies,2,14.99,29.98,73.43
424,2024-01-06 13:45:28,Casual,13,Saddle Oil,Ranch_Supplies,1,9.99,9.99,73.43
424,2024-01-06 13:45:28,Casual,4,Trail Beef Jerky,Cowboy_Food,1,5.99,5.99,73.43
424,2024-01-06 13:45:28,Casual,12,Horse Feed Sack,Ranch_Supplies,1,19.99,19.99,73.43
425,2024-01-06 11:26:41,Bulk,25,Riding Spurs,Rodeo_Gear,2,22.99,45.98,496.3
425,2024-01-06 11:26:41,Bulk,17,Stock Tank Float,Ranch_Supplies,1,8.49,8.49,496.3
425,2024-01-06 11:26:41,Bulk,14,Work Gloves,Ranch_Supplies,2,6.99,13.98,496.3
425,2024-01-06 11:26:41,Bulk,27,Bull Rope Rosin,Rodeo_Gear,1,7.49,7.49,496.3
425,2024-01-06 11:26:41,Bulk,24,Denim Vest,Western_Apparel,1,39.99,39.99,496.3
425,2024-01-06 11:26:41,Bulk,6,Campfire Coffee,Cowboy_Food,1,7.99,7.99,496.3
425,2024-01-06 11:26:41,Bulk,4,Trail Beef Jerky,Cowboy_Food,1,5.99,5.99,496.3
425,2024-01-06 11:26:41,Bulk,20,Cowboy Boots,Western_Apparel,3,89.99,269.97,496.3
425,2024-01-06 11:26:41,Bulk,13,Saddle Oil,Ranch_Supplies,2,9.99,19.98,496.3
425,2024-01-06 11:26:41,Bulk,22,Flannel Shirt,Western_Apparel,2,29.99,59.98,496.3
425,2024-01-06 11:26:41,Bulk,8,Hardtack Biscuits,Cowboy_Food,2,2.49,4.98,496.3
425,2024-01-06 11:26:41,Bulk,7,Prairie Honey,Cowboy_Food,1,6.49,6.49,496.3
425,2024-01-06 11:26:41,Bulk,21,Red Bandana,Western_Apparel,1,4.99,4.99,496.3
426,2024-01-06 15:53:24,Regular,25,Riding Spurs,Rodeo_Gear,1,22.99,22.99,103.45
426,2024-01-06 15:53:24,Regular,7,Prairie Honey,Cowboy_Food,1,6.49,6.49,103.45
426,2024-01-06 15:53:24,Regular,22,Flannel Shirt,Western_Apparel,1,29.99,29.99,103.45
426,2024-01-06 15:53:24,Regular,29,Leather Wallet,Leather_Goods,1,24.99,24.99,103.45
426,2024-01-06 15:53:24,Regular,26,Rodeo Rope,Rodeo_Gear,1,18.99,18.99,103.45
427,2024-01-06 14:34:56,Regular,23,Leather Belt,Western_Apparel,1,19.99,19.99,56.96
427,2024-01-06 14:34:56,Regular,12,Horse Feed Sack,Ranch_Supplies,1,19.99,19.99,56.96
427,2024-01-06 14:34:56,Regular,6,Campfire Coffee,Cowboy_Food,1,7.99,7.99,56.96
427,2024-01-06 14:34:56,Regular,10,Smoked Sausage Links,Cowboy_Food,1,8.99,8.99,56.96
428,2024-01-06 09:37:21,Regular,30,Leather Journal,Leather_Goods,1,14.99,14.99,166.43
428,2024-01-06 09:37:21,Regular,7,Prairie Honey,Cowboy_Food,1,6.49,6.49,166.43
428,2024-01-06 09:37:21,Regular,20,Cowboy Boots,Western_Apparel,1,89.99,89.99,166.43
428,2024-01-06 09:37:21,Regular,25,Riding Spurs,Rodeo_Gear,2,22.99,45.98,166.43
428,2024-01-06 09:37:21,Regular,4,Trail Beef Jerky,Cowboy_Food,1,5.99,5.99,166.43
428,2024-01-06 09:37:21,Regular,1,Chuckwagon Beans,Cowboy_Food,1,2.99,2.99,166.43
429,2024-01-06 10:31:50,Regular,26,Rodeo Rope,Rodeo_Gear,1,18.99,18.99,70.95
429,2024-01-06 10:31:50,Regular,23,Leather Belt,Western_Apparel,1,19.99,19.99,70.95
429,2024-01-06 10:31:50,Regular,1,Chuckwagon Beans,Cowboy_Food,1,2.99,2.99,70.95
429,2024-01-06 10:31:50,Regular,29,Leather Wallet,Leather_Goods,1,24.99,24.99,70.95
429,2024-01-06 10:31:50,Regular,2,Campfire Chili,Cowboy_Food,1,3.99,3.99,70.95
430,2024-01-06 11:37:36,Regular,5,Cornbread Mix,Cowboy_Food,1,3.49,3.49,33.48
430,2024-01-06 11:37:36,Regular,22,Flannel Shirt,Western_Apparel,1,29.99,29.99,33.48
431,2024-01-06 16:54:38,Bulk,30,Leather Journal,Leather_Goods,2,14.99,29.98,62.41
431,2024-01-06 16:54:38,Bulk,8,Hardtack Biscuits,Cowboy_Food,1,2.49,2.49,62.41
431,2024-01-06 16:54:38,Bulk,1,Chuckwagon Beans,Cowboy_Food,1,2.99,2.99,62.41
431,2024-01-06 16:54:38,Bulk,14,Work Gloves,Ranch_Supplies,1,6.99,6.99,62.41
431,2024-01-06 16:54:38,Bulk,3,Smoky BBQ Sauce,Cowboy_Food,1,4.49,4.49,62.41
431,2024-01-06 16:54:38,Bulk,7,Prairie Honey,Cowboy_Food,1,6.49,6.49,62.41
431,2024-01-06 16:54:38,Bulk,21,Red Bandana,Western_Apparel,1,4.99,4.99,62.41
431,2024-01-06 16:54:38,Bulk,2,Campfire Chili,Cowboy_Food,1,3.99,3.99,62.41
432,2024-01-06 17:40:21,Regular,16,Hay Bale Twine,Ranch_Supplies,1,5.99,5.99,121.39
432,2024-01-06 17:40:21,Regular,21,Red Bandana,Western_Apparel,1,4.99,4.99,121.39
432,2024-01-06 17:40:21,Regular,8,Hardtack Biscuits,Cowboy_Food,1,2.49,2.49,121.39
432,2024-01-06 17:40:21,Regular,25,Riding Spurs,Rodeo_Gear,3,22.99,68.97,121.39
432,2024-01-06 17:40:21,Regular,6,Campfire Coffee,Cowboy_Food,1,7.99,7.99,121.39
432,2024-01-06 17:40:21,Regular,2,Campfire Chili,Cowboy_Food,1,3.99,3.99,121.39
432,2024-01-06 17:40:21,Regular,4,Trail Beef Jerky,Cowboy_Food,2,5.99,11.98,121.39
432,2024-01-06 17:40:21,Regular,11,Lasso Rope,Ranch_Supplies,1,14.99,14.99,121.39
433,2024-01-06 15:39:49,Casual,29,Leather Wallet,Leather_Goods,1,24.99,24.99,134.97
433,2024-01-06 15:39:49,Casual,12,Horse Feed Sack,Ranch_Supplies,1,19.99,19.99,134.97
433,2024-01-06 15:39:49,Casual,20,Cowboy Boots,Western_Apparel,1,89.99,89.99,134.97
434,2024-01-06 10:52:44,Tourist,19,Cowboy Hat,Western_Apparel,2,34.99,69.98,114.96
434,2024-01-06 10:52:44,Tourist,18,Branding Iron,Ranch_Supplies,1,24.99,24.99,114.96
434,2024-01-06 10:52:44,Tourist,12,Horse Feed Sack,Ranch_Supplies,1,19.99,19.99,114.96
435,2024-01-06 15:34:48,Regular,29,Leather Wallet,Leather_Goods,1,24.99,24.99,211.41
435,2024-01-06 15:34:48,Regular,26,Rodeo Rope,Rodeo_Gear,1,18.99,18.99,211.41
435,2024-01-06 15:34:48,Regular,14,Work Gloves,Ranch_Supplies,1,6.99,6.99,211.41
435,2024-01-06 15:34:48,Regular,7,Prairie Honey,Cowboy_Food,1,6.49,6.49,211.41
435,2024-01-06 15:34:48,Regular,20,Cowboy Boots,Western_Apparel,1,89.99,89.99,211.41
435,2024-01-06 15:34:48,Regular,12,Horse Feed Sack,Ranch_Supplies,1,19.99,19.99,211.41
435,2024-01-06 15:34:48,Regular,23,Leather Belt,Western_Apparel,1,19.99,19.99,211.41
435,2024-01-06 15:34:48,Regular,30,Leather Journal,Leather_Goods,1,14.99,14.99,211.41
435,2024-01-06 15:34:48,Regular,10,Smoked Sausage Links,Cowboy_Food,1,8.99,8.99,211.41
436,2024-01-06 17:25:48,Regular,3,Smoky BBQ Sauce,Cowboy_Food,1,4.49,4.49,16.97
436,2024-01-06 17:25:48,Regular,7,Prairie Honey,Cowboy_Food,1,6.49,6.49,16.97
436,2024-01-06 17:25:48,Regular,4,Trail Beef Jerky,Cowboy_Food,1,5.99,5.99,16.97
437,2024-01-06 16:47:09,Casual,1,Chuckwagon Beans,Cowboy_Food,1,2.99,2.99,14.47
437,2024-01-06 16:47:09,Casual,21,Red Bandana,Western_Apparel,1,4.99,4.99,14.47
437,2024-01-06 16:47:09,Casual,7,Prairie Honey,Cowboy_Food,1,6.49,6.49,14.47
438,2024-01-06 12:28:52,Tourist,25,Riding Spurs,Rodeo_Gear,1,22.99,22.99,37.47
438,2024-01-06 12:28:52,Tourist,6,Campfire Coffee,Cowboy_Food,1,7.99,7.99,37.47
438,2024-01-06 12:28:52,Tourist,7,Prairie Honey,Cowboy_Food,1,6.49,6.49,37.47
439,2024-01-06 11:02:50,Casual,12,Horse Feed Sack,Ranch_Supplies,1,19.99,19.99,19.99
440,2024-01-06 17:44:14,Regular,26,Rodeo Rope,Rodeo_Gear,1,18.99,18.99,63.44
440,2024-01-06 17:44:14,Regular,17,Stock Tank Float,Ranch_Supplies,1,8.49,8.49,63.44
440,2024-01-06 17:44:14,Regular,23,Leather Belt,Western_Apparel,1,19.99,19.99,63.44
440,2024-01-06 17:44:14,Regular,7,Prairie Honey,Cowboy_Food,1,6.49,6.49,63.44
440,2024-01-06 17:44:14,Regular,3,Smoky BBQ Sauce,Cowboy_Food,1,4.49,4.49,63.44
440,2024-01-06 17:44:14,Regular,21,Red Bandana,Western_Apparel,1,4.99,4.99,63.44
441,2024-01-06 17:24:58,Regular,9,Dried Apple Slices,Cowboy_Food,1,4.99,4.99,44.47
441,2024-01-06 17:24:58,Regular,19,Cowboy Hat,Western_Apparel,1,34.99,34.99,44.47
441,2024-01-06 17:24:58,Regular,3,Smoky BBQ Sauce,Cowboy_Food,1,4.49,4.49,44.47
442,2024-01-06 10:19:31,Regular,15,Fence Wire (50ft),Ranch_Supplies,1,12.99,12.99,111.94
442,2024-01-06 10:19:31,Regular,10,Smoked Sausage Links,Cowboy_Food,1,8.99,8.99,111.94
442,2024-01-06 10:19:31,Regular,18,Branding Iron,Ranch_Supplies,1,24.99,24.99,111.94
442,2024-01-06 10:19:31,Regular,29,Leather Wallet,Leather_Goods,1,24.99,24.99,111.94
442,2024-01-06 10:19:31,Regular,23,Leather Belt,Western_Apparel,1,19.99,19.99,111.94
442,2024-01-06 10:19:31,Regular,12,Horse Feed Sack,Ranch_Supplies,1,19.99,19.99,111.94
443,2024-01-06 17:13:19,Casual,25,Riding Spurs,Rodeo_Gear,1,22.99,22.99,22.99
444,2024-01-06 10:47:13,Bulk,12,Horse Feed Sack,Ranch_Supplies,1,19.99,19.99,159.9
444,2024-01-06 10:47:13,Bulk,27,Bull Rope Rosin,Rodeo_Gear,1,7.49,7.49,159.9
444,2024-01-06 10:47:13,Bulk,1,Chuckwagon Beans,Cowboy_Food,1,2.99,2.99,159.9
444,2024-01-06 10:47:13,Bulk,13,Saddle Oil,Ranch_Supplies,1,9.99,9.99,159.9
444,2024-01-06 10:47:13,Bulk,19,Cowboy Hat,Western_Apparel,1,34.99,34.99,159.9
444,2024-01-06 10:47:13,Bulk,26,Rodeo Rope,Rodeo_Gear,1,18.99,18.99,159.9
444,2024-01-06 10:47:13,Bulk,17,Stock Tank Float,Ranch_Supplies,1,8.49,8.49,159.9
444,2024-01-06 10:47:13,Bulk,24,Denim Vest,Western_Apparel,1,39.99,39.99,159.9
444,2024-01-06 10:47:13,Bulk,6,Campfire Coffee,Cowboy_Food,1,7.99,7.99,159.9
444,2024-01-06 10:47:13,Bulk,10,Smoked Sausage Links,Cowboy_Food,1,8.99,8.99,159.9
445,2024-01-06 10:26:21,Bulk,21,Red Bandana,Western_Apparel,1,4.99,4.99,109.4
445,2024-01-06 10:26:21,Bulk,16,Hay Bale Twine,Ranch_Supplies,1,5.99,5.99,109.4
445,2024-01-06 10:26:21,Bulk,6,Campfire Coffee,Cowboy_Food,1,7.99,7.99,109.4
445,2024-01-06 10:26:21,Bulk,19,Cowboy Hat,Western_Apparel,1,34.99,34.99,109.4
445,2024-01-06 10:26:21,Bulk,30,Leather Journal,Leather_Goods,1,14.99,14.99,109.4
445,2024-01-06 10:26:21,Bulk,3,Smoky BBQ Sauce,Cowboy_Food,1,4.49,4.49,109.4
445,2024-01-06 10:26:21,Bulk,13,Saddle Oil,Ranch_Supplies,1,9.99,9.99,109.4
445,2024-01-06 10:26:21,Bulk,14,Work Gloves,Ranch_Supplies,1,6.99,6.99,109.4
445,2024-01-06 10:26:21,Bulk,4,Trail Beef Jerky,Cowboy_Food,1,5.99,5.99,109.4
445,2024-01-06 10:26:21,Bulk,15,Fence Wire (50ft),Ranch_Supplies,1,12.99,12.99,109.4
446,2024-01-06 16:50:02,Bulk,19,Cowboy Hat,Western_Apparel,2,34.99,69.98,92.97
446,2024-01-06 16:50:02,Bulk,25,Riding Spurs,Rodeo_Gear,1,22.99,22.99,92.97
447,2024-01-06 15:35:41,Regular,12,Horse Feed Sack,Ranch_Supplies,1,19.99,19.99,44.46
447,2024-01-06 15:35:41,Regular,11,Lasso Rope,Ranch_Supplies,1,14.99,14.99,44.46
447,2024-01-06 15:35:41,Regular,1,Chuckwagon Beans,Cowboy_Food,1,2.99,2.99,44.46
447,2024-01-06 15:35:41,Regular,7,Prairie Honey,Cowboy_Food,1,6.49,6.49,44.46
448,2024-01-06 14:29:42,Bulk,18,Branding Iron,Ranch_Supplies,2,24.99,49.98,90.93
448,2024-01-06 14:29:42,Bulk,23,Leather Belt,Western_Apparel,1,19.99,19.99,90.93
448,2024-01-06 14:29:42,Bulk,9,Dried Apple Slices,Cowboy_Food,1,4.99,4.99,90.93
448,2024-01-06 14:29:42,Bulk,10,Smoked Sausage Links,Cowboy_Food,1,8.99,8.99,90.93
448,2024-01-06 14:29:42,Bulk,2,Campfire Chili,Cowboy_Food,1,3.99,3.99,90.93
448,2024-01-06 14:29:42,Bulk,1,Chuckwagon Beans,Cowboy_Food,1,2.99,2.99,90.93
449,2024-01-06 17:46:40,Regular,7,Prairie Honey,Cowboy_Food,1,6.49,6.49,57.95
449,2024-01-06 17:46:40,Regular,23,Leather Belt,Western_Apparel,1,19.99,19.99,57.95
449,2024-01-06 17:46:40,Regular,27,Bull Rope Rosin,Rodeo_Gear,1,7.49,7.49,57.95
449,2024-01-06 17:46:40,Regular,12,Horse Feed Sack,Ranch_Supplies,1,19.99,19.99,57.95
449,2024-01-06 17:46:40,Regular,2,Campfire Chili,Cowboy_Food,1,3.99,3.99,57.95
450,2024-01-06 17:18:32,Bulk,17,Stock Tank Float,Ranch_Supplies,1,8.49,8.49,105.97
450,2024-01-06 17:18:32,Bulk,27,Bull Rope Rosin,Rodeo_Gear,1,7.49,7.49,105.97
450,2024-01-06 17:18:32,Bulk,20,Cowboy Boots,Western_Apparel,1,89.99,89.99,105.97
451,2024-01-06 10:22:21,Casual,10,Smoked Sausage Links,Cowboy_Food,1,8.99,8.99,42.46
451,2024-01-06 10:22:21,Casual,17,Stock Tank Float,Ranch_Supplies,1,8.49,8.49,42.46
451,2024-01-06 10:22:21,Casual,13,Saddle Oil,Ranch_Supplies,1,9.99,9.99,42.46
451,2024-01-06 10:22:21,Casual,30,Leather Journal,Leather_Goods,1,14.99,14.99,42.46
452,2024-01-06 16:04:43,Bulk,19,Cowboy Hat,Western_Apparel,1,34.99,34.99,123.92
452,2024-01-06 16:04:43,Bulk,14,Work Gloves,Ranch_Supplies,1,6.99,6.99,123.92
452,2024-01-06 16:04:43,Bulk,13,Saddle Oil,Ranch_Supplies,1,9.99,9.99,123.92
452,2024-01-06 16:04:43,Bulk,21,Red Bandana,Western_Apparel,1,4.99,4.99,123.92
452,2024-01-06 16:04:43,Bulk,22,Flannel Shirt,Western_Apparel,1,29.99,29.99,123.92
452,2024-01-06 16:04:43,Bulk,25,Riding Spurs,Rodeo_Gear,1,22.99,22.99,123.92
452,2024-01-06 16:04:43,Bulk,10,Smoked Sausage Links,Cowboy_Food,1,8.99,8.99,123.92
452,2024-01-06 16:04:43,Bulk,9,Dried Apple Slices,Cowboy_Food,1,4.99,4.99,123.92
453,2024-01-06 16:55:52,Regular,11,Lasso Rope,Ranch_Supplies,1,14.99,14.99,159.94
453,2024-01-06 16:55:52,Regular,20,Cowboy Boots,Western_Apparel,1,89.99,89.99,159.94
453,2024-01-06 16:55:52,Regular,14,Work Gloves,Ranch_Supplies,1,6.99,6.99,159.94
453,2024-01-06 16:55:52,Regular,10,Smoked Sausage Links,Cowboy_Food,1,8.99,8.99,159.94
453,2024-01-06 16:55:52,Regular,26,Rodeo Rope,Rodeo_Gear,1,18.99,18.99,159.94
453,2024-01-06 16:55:52,Regular,23,Leather Belt,Western_Apparel,1,19.99,19.99,159.94
454,2024-01-06 15:40:05,Casual,8,Hardtack Biscuits,Cowboy_Food,1,2.49,2.49,11.97
454,2024-01-06 15:40:05,Casual,9,Dried Apple Slices,Cowboy_Food,1,4.99,4.99,11.97
454,2024-01-06 15:40:05,Casual,3,Smoky BBQ Sauce,Cowboy_Food,1,4.49,4.49,11.97
455,2024-01-06 18:38:22,Casual,3,Smoky BBQ Sauce,Cowboy_Food,1,4.49,4.49,29.48
455,2024-01-06 18:38:22,Casual,29,Leather Wallet,Leather_Goods,1,24.99,24.99,29.48
456,2024-01-06 16:27:59,Regular,17,Stock Tank Float,Ranch_Supplies,1,8.49,8.49,14.48
456,2024-01-06 16:27:59,Regular,16,Hay Bale Twine,Ranch_Supplies,1,5.99,5.99,14.48
457,2024-01-06 10:51:51,Regular,30,Leather Journal,Leather_Goods,1,14.99,14.99,74.95
457,2024-01-06 10:51:51,Regular,11,Lasso Rope,Ranch_Supplies,1,14.99,14.99,74.95
457,2024-01-06 10:51:51,Regular,4,Trail Beef Jerky,Cowboy_Food,1,5.99,5.99,74.95
457,2024-01-06 10:51:51,Regular,2,Campfire Chili,Cowboy_Food,1,3.99,3.99,74.95
457,2024-01-06 10:51:51,Regular,19,Cowboy Hat,Western_Apparel,1,34.99,34.99,74.95
458,2024-01-06 11:38:59,Bulk,6,Campfire Coffee,Cowboy_Food,1,7.99,7.99,75.44
458,2024-01-06 11:38:59,Bulk,11,Lasso Rope,Ranch_Supplies,1,14.99,14.99,75.44
458,2024-01-06 11:38:59,Bulk,5,Cornbread Mix,Cowboy_Food,1,3.49,3.49,75.44
458,2024-01-06 11:38:59,Bulk,29,Leather Wallet,Leather_Goods,1,24.99,24.99,75.44
458,2024-01-06 11:38:59,Bulk,30,Leather Journal,Leather_Goods,1,14.99,14.99,75.44
458,2024-01-06 11:38:59,Bulk,10,Smoked Sausage Links,Cowboy_Food,1,8.99,8.99,75.44
459,2024-01-06 17:14:10,Regular,9,Dried Apple Slices,Cowboy_Food,1,4.99,4.99,4.99
460,2024-01-06 18:55:27,Regular,9,Dried Apple Slices,Cowboy_Food,1,4.99,4.99,37.95
460,2024-01-06 18:55:27,Regular,15,Fence Wire (50ft),Ranch_Supplies,1,12.99,12.99,37.95
460,2024-01-06 18:55:27,Regular,10,Smoked Sausage Links,Cowboy_Food,1,8.99,8.99,37.95
460,2024-01-06 18:55:27,Regular,14,Work Gloves,Ranch_Supplies,1,6.99,6.99,37.95
460,2024-01-06 18:55:27,Regular,2,Campfire Chili,Cowboy_Food,1,3.99,3.99,37.95
461,2024-01-06 10:48:07,Regular,6,Campfire Coffee,Cowboy_Food,1,7.99,7.99,22.96
461,2024-01-06 10:48:07,Regular,14,Work Gloves,Ranch_Supplies,1,6.99,6.99,22.96
461,2024-01-06 10:48:07,Regular,1,Chuckwagon Beans,Cowboy_Food,1,2.99,2.99,22.96
461,2024-01-06 10:48:07,Regular,9,Dried Apple Slices,Cowboy_Food,1,4.99,4.99,22.96
462,2024-01-06 10:49:51,Regular,18,Branding Iron,Ranch_Supplies,1,24.99,24.99,117.92
462,2024-01-06 10:49:51,Regular,19,Cowboy Hat,Western_Apparel,2,34.99,69.98,117.92
462,2024-01-06 10:49:51,Regular,9,Dried Apple Slices,Cowboy_Food,1,4.99,4.99,117.92
462,2024-01-06 10:49:51,Regular,2,Campfire Chili,Cowboy_Food,1,3.99,3.99,117.92
462,2024-01-06 10:49:51,Regular,5,Cornbread Mix,Cowboy_Food,1,3.49,3.49,117.92
462,2024-01-06 10:49:51,Regular,4,Trail Beef Jerky,Cowboy_Food,1,5.99,5.99,117.92
462,2024-01-06 10:49:51,Regular,3,Smoky BBQ Sauce,Cowboy_Food,1,4.49,4.49,117.92
463,2024-01-06 16:52:31,Regular,18,Branding Iron,Ranch_Supplies,1,24.99,24.99,325.87
463,2024-01-06 16:52:31,Regular,20,Cowboy Boots,Western_Apparel,1,89.99,89.99,325.87
463,2024-01-06 16:52:31,Regular,22,Flannel Shirt,Western_Apparel,3,29.99,89.97,325.87
463,2024-01-06 16:52:31,Regular,26,Rodeo Rope,Rodeo_Gear,1,18.99,18.99,325.87
463,2024-01-06 16:52:31,Regular,10,Smoked Sausage Links,Cowboy_Food,1,8.99,8.99,325.87
463,2024-01-06 16:52:31,Regular,19,Cowboy Hat,Western_Apparel,1,34.99,34.99,325.87
463,2024-01-06 16:52:31,Regular,8,Hardtack Biscuits,Cowboy_Food,1,2.49,2.49,325.87
463,2024-01-06 16:52:31,Regular,17,Stock Tank Float,Ranch_Supplies,1,8.49,8.49,325.87
463,2024-01-06 16:52:31,Regular,23,Leather Belt,Western_Apparel,1,19.99,19.99,325.87
463,2024-01-06 16:52:31,Regular,12,Horse Feed Sack,Ranch_Supplies,1,19.99,19.99,325.87
463,2024-01-06 16:52:31,Regular,14,Work Gloves,Ranch_Supplies,1,6.99,6.99,325.87
464,2024-01-06 10:27:14,Bulk,20,Cowboy Boots,Western_Apparel,1,89.99,89.99,153.93
464,2024-01-06 10:27:14,Bulk,19,Cowboy Hat,Western_Apparel,1,34.99,34.99,153.93
464,2024-01-06 10:27:14,Bulk,21,Red Bandana,Western_Apparel,1,4.99,4.99,153.93
464,2024-01-06 10:27:14,Bulk,27,Bull Rope Rosin,Rodeo_Gear,1,7.49,7.49,153.93
464,2024-01-06 10:27:14,Bulk,16,Hay Bale Twine,Ranch_Supplies,1,5.99,5.99,153.93
464,2024-01-06 10:27:14,Bulk,2,Campfire Chili,Cowboy_Food,1,3.99,3.99,153.93
464,2024-01-06 10:27:14,Bulk,7,Prairie Honey,Cowboy_Food,1,6.49,6.49,153.93
465,2024-01-06 10:30:05,Regular,16,Hay Bale Twine,Ranch_Supplies,3,5.99,17.97,150.35
465,2024-01-06 10:30:05,Regular,10,Smoked Sausage Links,Cowboy_Food,3,8.99,26.97,150.35
465,2024-01-06 10:30:05,Regular,27,Bull Rope Rosin,Rodeo_Gear,1,7.49,7.49,150.35
465,2024-01-06 10:30:05,Regular,4,Trail Beef Jerky,Cowboy_Food,2,5.99,11.98,150.35
465,2024-01-06 10:30:05,Regular,17,Stock Tank Float,Ranch_Supplies,1,8.49,8.49,150.35
465,2024-01-06 10:30:05,Regular,11,Lasso Rope,Ranch_Supplies,1,14.99,14.99,150.35
465,2024-01-06 10:30:05,Regular,3,Smoky BBQ Sauce,Cowboy_Food,1,4.49,4.49,150.35
465,2024-01-06 10:30:05,Regular,15,Fence Wire (50ft),Ranch_Supplies,1,12.99,12.99,150.35
465,2024-01-06 10:30:05,Regular,18,Branding Iron,Ranch_Supplies,1,24.99,24.99,150.35
465,2024-01-06 10:30:05,Regular,23,Leather Belt,Western_Apparel,1,19.99,19.99,150.35
466,2024-01-06 17:39:44,Casual,23,Leather Belt,Western_Apparel,1,19.99,19.99,74.96
466,2024-01-06 17:39:44,Casual,21,Red Bandana,Western_Apparel,1,4.99,4.99,74.96
466,2024-01-06 17:39:44,Casual,29,Leather Wallet,Leather_Goods,2,24.99,49.98,74.96
467,2024-01-06 17:04:48,Regular,1,Chuckwagon Beans,Cowboy_Food,1,2.99,2.99,19.46
467,2024-01-06 17:04:48,Regular,2,Campfire Chili,Cowboy_Food,1,3.99,3.99,19.46
467,2024-01-06 17:04:48,Regular,4,Trail Beef Jerky,Cowboy_Food,1,5.99,5.99,19.46
467,2024-01-06 17:04:48,Regular,7,Prairie Honey,Cowboy_Food,1,6.49,6.49,19.46
468,2024-01-06 17:35:52,Regular,27,Bull Rope Rosin,Rodeo_Gear,2,7.49,14.98,106.93
468,2024-01-06 17:35:52,Regular,18,Branding Iron,Ranch_Supplies,1,24.99,24.99,106.93
468,2024-01-06 17:35:52,Regular,15,Fence Wire (50ft),Ranch_Supplies,1,12.99,12.99,106.93
468,2024-01-06 17:35:52,Regular,13,Saddle Oil,Ranch_Supplies,1,9.99,9.99,106.93
468,2024-01-06 17:35:52,Regular,24,Denim Vest,Western_Apparel,1,39.99,39.99,106.93
468,2024-01-06 17:35:52,Regular,2,Campfire Chili,Cowboy_Food,1,3.99,3.99,106.93
469,2024-01-06 16:15:58,Regular,21,Red Bandana,Western_Apparel,1,4.99,4.99,37.97
469,2024-01-06 16:15:58,Regular,6,Campfire Coffee,Cowboy_Food,1,7.99,7.99,37.97
469,2024-01-06 16:15:58,Regular,29,Leather Wallet,Leather_Goods,1,24.99,24.99,37.97
470,2024-01-06 12:51:48,Casual,16,Hay Bale Twine,Ranch_Supplies,1,5.99,5.99,5.99
471,2024-01-06 17:47:47,Tourist,6,Campfire Coffee,Cowboy_Food,1,7.99,7.99,91.43
471,2024-01-06 17:47:47,Tourist,5,Cornbread Mix,Cowboy_Food,1,3.49,3.49,91.43
471,2024-01-06 17:47:47,Tourist,3,Smoky BBQ Sauce,Cowboy_Food,2,4.49,8.98,91.43
471,2024-01-06 17:47:47,Tourist,4,Trail Beef Jerky,Cowboy_Food,1,5.99,5.99,91.43
471,2024-01-06 17:47:47,Tourist,19,Cowboy Hat,Western_Apparel,1,34.99,34.99,91.43
471,2024-01-06 17:47:47,Tourist,22,Flannel Shirt,Western_Apparel,1,29.99,29.99,91.43
472,2024-01-06 12:33:48,Regular,6,Campfire Coffee,Cowboy_Food,1,7.99,7.99,57.97
472,2024-01-06 12:33:48,Regular,29,Leather Wallet,Leather_Goods,2,24.99,49.98,57.97
473,2024-01-06 12:19:59,Regular,10,Smoked Sausage Links,Cowboy_Food,1,8.99,8.99,48.46
473,2024-01-06 12:19:59,Regular,12,Horse Feed Sack,Ranch_Supplies,1,19.99,19.99,48.46
473,2024-01-06 12:19:59,Regular,3,Smoky BBQ Sauce,Cowboy_Food,1,4.49,4.49,48.46
473,2024-01-06 12:19:59,Regular,11,Lasso Rope,Ranch_Supplies,1,14.99,14.99,48.46
474,2024-01-06 17:38:27,Regular,4,Trail Beef Jerky,Cowboy_Food,1,5.99,5.99,8.98
474,2024-01-06 17:38:27,Regular,1,Chuckwagon Beans,Cowboy_Food,1,2.99,2.99,8.98
475,2024-01-06 16:25:45,Regular,6,Campfire Coffee,Cowboy_Food,2,7.99,15.98,76.43
475,2024-01-06 16:25:45,Regular,8,Hardtack Biscuits,Cowboy_Food,1,2.49,2.49,76.43
475,2024-01-06 16:25:45,Regular,15,Fence Wire (50ft),Ranch_Supplies,1,12.99,12.99,76.43
475,2024-01-06 16:25:45,Regular,23,Leather Belt,Western_Apparel,1,19.99,19.99,76.43
475,2024-01-06 16:25:45,Regular,13,Saddle Oil,Ranch_Supplies,1,9.99,9.99,76.43
475,2024-01-06 16:25:45,Regular,30,Leather Journal,Leather_Goods,1,14.99,14.99,76.43
476,2024-01-06 17:42:49,Casual,5,Cornbread Mix,Cowboy_Food,1,3.49,3.49,170.92
476,2024-01-06 17:42:49,Casual,9,Dried Apple Slices,Cowboy_Food,1,4.99,4.99,170.92
476,2024-01-06 17:42:49,Casual,14,Work Gloves,Ranch_Supplies,1,6.99,6.99,170.92
476,2024-01-06 17:42:49,Casual,16,Hay Bale Twine,Ranch_Supplies,1,5.99,5.99,170.92
476,2024-01-06 17:42:49,Casual,25,Riding Spurs,Rodeo_Gear,1,22.99,22.99,170.92
476,2024-01-06 17:42:49,Casual,22,Flannel Shirt,Western_Apparel,1,29.99,29.99,170.92
476,2024-01-06 17:42:49,Casual,20,Cowboy Boots,Western_Apparel,1,89.99,89.99,170.92
476,2024-01-06 17:42:49,Casual,7,Prairie Honey,Cowboy_Food,1,6.49,6.49,170.92
477,2024-01-06 11:18:06,Regular,1,Chuckwagon Beans,Cowboy_Food,1,2.99,2.99,2.99
478,2024-01-06 18:13:41,Tourist,19,Cowboy Hat,Western_Apparel,1,34.99,34.99,51.96
478,2024-01-06 18:13:41,Tourist,16,Hay Bale Twine,Ranch_Supplies,1,5.99,5.99,51.96
478,2024-01-06 18:13:41,Tourist,9,Dried Apple Slices,Cowboy_Food,1,4.99,4.99,51.96
478,2024-01-06 18:13:41,Tourist,4,Trail Beef Jerky,Cowboy_Food,1,5.99,5.99,51.96
479,2024-01-06 16:03:20,Bulk,29,Leather Wallet,Leather_Goods,1,24.99,24.99,201.9
479,2024-01-06 16:03:20,Bulk,26,Rodeo Rope,Rodeo_Gear,1,18.99,18.99,201.9
479,2024-01-06 16:03:20,Bulk,8,Hardtack Biscuits,Cowboy_Food,2,2.49,4.98,201.9
479,2024-01-06 16:03:20,Bulk,30,Leather Journal,Leather_Goods,1,14.99,14.99,201.9
479,2024-01-06 16:03:20,Bulk,9,Dried Apple Slices,Cowboy_Food,1,4.99,4.99,201.9
479,2024-01-06 16:03:20,Bulk,13,Saddle Oil,Ranch_Supplies,2,9.99,19.98,201.9
479,2024-01-06 16:03:20,Bulk,25,Riding Spurs,Rodeo_Gear,1,22.99,22.99,201.9
479,2024-01-06 16:03:20,Bulk,20,Cowboy Boots,Western_Apparel,1,89.99,89.99,201.9
480,2024-01-06 16:21:07,Bulk,21,Red Bandana,Western_Apparel,2,4.99,9.98,102.43
480,2024-01-06 16:21:07,Bulk,22,Flannel Shirt,Western_Apparel,2,29.99,59.98,102.43
480,2024-01-06 16:21:07,Bulk,3,Smoky BBQ Sauce,Cowboy_Food,1,4.49,4.49,102.43
480,2024-01-06 16:21:07,Bulk,25,Riding Spurs,Rodeo_Gear,1,22.99,22.99,102.43
480,2024-01-06 16:21:07,Bulk,9,Dried Apple Slices,Cowboy_Food,1,4.99,4.99,102.43
481,2024-01-06 17:51:10,Casual,17,Stock Tank Float,Ranch_Supplies,1,8.49,8.49,143.9
481,2024-01-06 17:51:10,Casual,13,Saddle Oil,Ranch_Supplies,1,9.99,9.99,143.9
481,2024-01-06 17:51:10,Casual,16,Hay Bale Twine,Ranch_Supplies,1,5.99,5.99,143.9
481,2024-01-06 17:51:10,Casual,23,Leather Belt,Western_Apparel,1,19.99,19.99,143.9
481,2024-01-06 17:51:10,Casual,28,Leather Saddlebag,Leather_Goods,1,59.99,59.99,143.9
481,2024-01-06 17:51:10,Casual,11,Lasso Rope,Ranch_Supplies,1,14.99,14.99,143.9
481,2024-01-06 17:51:10,Casual,21,Red Bandana,Western_Apparel,1,4.99,4.99,143.9
481,2024-01-06 17:51:10,Casual,5,Cornbread Mix,Cowboy_Food,1,3.49,3.49,143.9
481,2024-01-06 17:51:10,Casual,15,Fence Wire (50ft),Ranch_Supplies,1,12.99,12.99,143.9
481,2024-01-06 17:51:10,Casual,1,Chuckwagon Beans,Cowboy_Food,1,2.99,2.99,143.9
482,2024-01-06 13:54:06,Regular,3,Smoky BBQ Sauce,Cowboy_Food,1,4.49,4.49,84.46
482,2024-01-06 13:54:06,Regular,30,Leather Journal,Leather_Goods,1,14.99,14.99,84.46
482,2024-01-06 13:54:06,Regular,28,Leather Saddlebag,Leather_Goods,1,59.99,59.99,84.46
482,2024-01-06 13:54:06,Regular,9,Dried Apple Slices,Cowboy_Food,1,4.99,4.99,84.46
483,2024-01-06 16:37:53,Casual,11,Lasso Rope,Ranch_Supplies,1,14.99,14.99,26.47
483,2024-01-06 16:37:53,Casual,7,Prairie Honey,Cowboy_Food,1,6.49,6.49,26.47
483,2024-01-06 16:37:53,Casual,9,Dried Apple Slices,Cowboy_Food,1,4.99,4.99,26.47
484,2024-01-06 16:12:46,Regular,14,Work Gloves,Ranch_Supplies,1,6.99,6.99,51.97
484,2024-01-06 16:12:46,Regular,23,Leather Belt,Western_Apparel,1,19.99,19.99,51.97
484,2024-01-06 16:12:46,Regular,29,Leather Wallet,Leather_Goods,1,24.99,24.99,51.97
485,2024-01-06 17:00:06,Casual,1,Chuckwagon Beans,Cowboy_Food,1,2.99,2.99,57.96
485,2024-01-06 17:00:06,Casual,30,Leather Journal,Leather_Goods,1,14.99,14.99,57.96
485,2024-01-06 17:00:06,Casual,18,Branding Iron,Ranch_Supplies,1,24.99,24.99,57.96
485,2024-01-06 17:00:06,Casual,11,Lasso Rope,Ranch_Supplies,1,14.99,14.99,57.96
486,2024-01-06 17:42:37,Bulk,20,Cowboy Boots,Western_Apparel,1,89.99,89.99,135.42
486,2024-01-06 17:42:37,Bulk,21,Red Bandana,Western_Apparel,1,4.99,4.99,135.42
486,2024-01-06 17:42:37,Bulk,7,Prairie Honey,Cowboy_Food,1,6.49,6.49,135.42
486,2024-01-06 17:42:37,Bulk,5,Cornbread Mix,Cowboy_Food,2,3.49,6.98,135.42
486,2024-01-06 17:42:37,Bulk,6,Campfire Coffee,Cowboy_Food,1,7.99,7.99,135.42
486,2024-01-06 17:42:37,Bulk,15,Fence Wire (50ft),Ranch_Supplies,1,12.99,12.99,135.42
486,2024-01-06 17:42:37,Bulk,4,Trail Beef Jerky,Cowboy_Food,1,5.99,5.99,135.42
487,2024-01-06 16:25:39,Regular,30,Leather Journal,Leather_Goods,1,14.99,14.99,25.47
487,2024-01-06 16:25:39,Regular,8,Hardtack Biscuits,Cowboy_Food,1,2.49,2.49,25.47
487,2024-01-06 16:25:39,Regular,6,Campfire Coffee,Cowboy_Food,1,7.99,7.99,25.47
488,2024-01-07 16:00:31,Bulk,2,Campfire Chili,Cowboy_Food,2,3.99,7.98,104.92
488,2024-01-07 16:00:31,Bulk,29,Leather Wallet,Leather_Goods,2,24.99,49.98,104.92
488,2024-01-07 16:00:31,Bulk,12,Horse Feed Sack,Ranch_Supplies,1,19.99,19.99,104.92
488,2024-01-07 16:00:31,Bulk,10,Smoked Sausage Links,Cowboy_Food,3,8.99,26.97,104.92
489,2024-01-07 16:58:56,Regular,7,Prairie Honey,Cowboy_Food,1,6.49,6.49,47.46
489,2024-01-07 16:58:56,Regular,1,Chuckwagon Beans,Cowboy_Food,1,2.99,2.99,47.46
489,2024-01-07 16:58:56,Regular,6,Campfire Coffee,Cowboy_Food,1,7.99,7.99,47.46
489,2024-01-07 16:58:56,Regular,22,Flannel Shirt,Western_Apparel,1,29.99,29.99,47.46
490,2024-01-07 13:35:07,Regular,30,Leather Journal,Leather_Goods,1,14.99,14.99,44.98
490,2024-01-07 13:35:07,Regular,22,Flannel Shirt,Western_Apparel,1,29.99,29.99,44.98
491,2024-01-07 16:07:19,Casual,29,Leather Wallet,Leather_Goods,1,24.99,24.99,45.46
491,2024-01-07 16:07:19,Casual,17,Stock Tank Float,Ranch_Supplies,2,8.49,16.98,45.46
491,2024-01-07 16:07:19,Casual,5,Cornbread Mix,Cowboy_Food,1,3.49,3.49,45.46
492,2024-01-07 15:11:34,Tourist,17,Stock Tank Float,Ranch_Supplies,1,8.49,8.49,8.49
493,2024-01-07 17:21:51,Regular,3,Smoky BBQ Sauce,Cowboy_Food,1,4.49,4.49,17.46
493,2024-01-07 17:21:51,Regular,5,Cornbread Mix,Cowboy_Food,1,3.49,3.49,17.46
493,2024-01-07 17:21:51,Regular,8,Hardtack Biscuits,Cowboy_Food,1,2.49,2.49,17.46
493,2024-01-07 17:21:51,Regular,14,Work Gloves,Ranch_Supplies,1,6.99,6.99,17.46
494,2024-01-07 15:47:11,Regular,18,Branding Iron,Ranch_Supplies,1,24.99,24.99,84.98
494,2024-01-07 15:47:11,Regular,28,Leather Saddlebag,Leather_Goods,1,59.99,59.99,84.98
495,2024-01-07 12:27:11,Regular,1,Chuckwagon Beans,Cowboy_Food,1,2.99,2.99,22.98
495,2024-01-07 12:27:11,Regular,12,Horse Feed Sack,Ranch_Supplies,1,19.99,19.99,22.98
496,2024-01-07 16:32:22,Regular,13,Saddle Oil,Ranch_Supplies,1,9.99,9.99,157.9
496,2024-01-07 16:32:22,Regular,14,Work Gloves,Ranch_Supplies,1,6.99,6.99,157.9
496,2024-01-07 16:32:22,Regular,6,Campfire Coffee,Cowboy_Food,1,7.99,7.99,157.9
496,2024-01-07 16:32:22,Regular,9,Dried Apple Slices,Cowboy_Food,1,4.99,4.99,157.9
496,2024-01-07 16:32:22,Regular,12,Horse Feed Sack,Ranch_Supplies,1,19.99,19.99,157.9
496,2024-01-07 16:32:22,Regular,18,Branding Iron,Ranch_Supplies,1,24.99,24.99,157.9
496,2024-01-07 16:32:22,Regular,29,Leather Wallet,Leather_Goods,1,24.99,24.99,157.9
496,2024-01-07 16:32:22,Regular,15,Fence Wire (50ft),Ranch_Supplies,1,12.99,12.99,157.9
496,2024-01-07 16:32:22,Regular,21,Red Bandana,Western_Apparel,1,4.99,4.99,157.9
496,2024-01-07 16:32:22,Regular,24,Denim Vest,Western_Apparel,1,39.99,39.99,157.9
497,2024-01-07 17:11:12,Regular,1,Chuckwagon Beans,Cowboy_Food,2,2.99,5.98,142.89
497,2024-01-07 17:11:12,Regular,27,Bull Rope Rosin,Rodeo_Gear,1,7.49,7.49,142.89
497,2024-01-07 17:11:12,Regular,29,Leather Wallet,Leather_Goods,1,24.99,24.99,142.89
497,2024-01-07 17:11:12,Regular,5,Cornbread Mix,Cowboy_Food,3,3.49,10.47,142.89
497,2024-01-07 17:11:12,Regular,23,Leather Belt,Western_Apparel,1,19.99,19.99,142.89
497,2024-01-07 17:11:12,Regular,18,Branding Iron,Ranch_Supplies,1,24.99,24.99,142.89
497,2024-01-07 17:11:12,Regular,24,Denim Vest,Western_Apparel,1,39.99,39.99,142.89
497,2024-01-07 17:11:12,Regular,10,Smoked Sausage Links,Cowboy_Food,1,8.99,8.99,142.89
498,2024-01-07 15:03:16,Tourist,12,Horse Feed Sack,Ranch_Supplies,1,19.99,19.99,34.47
498,2024-01-07 15:03:16,Tourist,27,Bull Rope Rosin,Rodeo_Gear,1,7.49,7.49,34.47
498,2024-01-07 15:03:16,Tourist,14,Work Gloves,Ranch_Supplies,1,6.99,6.99,34.47
499,2024-01-07 18:43:07,Casual,1,Chuckwagon Beans,Cowboy_Food,2,2.99,5.98,11.97
499,2024-01-07 18:43:07,Casual,4,Trail Beef Jerky,Cowboy_Food,1,5.99,5.99,11.97
500,2024-01-07 17:34:49,Regular,14,Work Gloves,Ranch_Supplies,1,6.99,6.99,53.44
500,2024-01-07 17:34:49,Regular,21,Red Bandana,Western_Apparel,2,4.99,9.98,53.44
500,2024-01-07 17:34:49,Regular,5,Cornbread Mix,Cowboy_Food,1,3.49,3.49,53.44
500,2024-01-07 17:34:49,Regular,12,Horse Feed Sack,Ranch_Supplies,1,19.99,19.99,53.44
500,2024-01-07 17:34:49,Regular,15,Fence Wire (50ft),Ranch_Supplies,1,12.99,12.99,53.44
501,2024-01-07 11:38:47,Tourist,15,Fence Wire (50ft),Ranch_Supplies,1,12.99,12.99,106.97
501,2024-01-07 11:38:47,Tourist,2,Campfire Chili,Cowboy_Food,1,3.99,3.99,106.97
501,2024-01-07 11:38:47,Tourist,20,Cowboy Boots,Western_Apparel,1,89.99,89.99,106.97
502,2024-01-07 17:00:08,Regular,10,Smoked Sausage Links,Cowboy_Food,1,8.99,8.99,36.45
502,2024-01-07 17:00:08,Regular,13,Saddle Oil,Ranch_Supplies,1,9.99,9.99,36.45
502,2024-01-07 17:00:08,Regular,4,Trail Beef Jerky,Cowboy_Food,1,5.99,5.99,36.45
502,2024-01-07 17:00:08,Regular,5,Cornbread Mix,Cowboy_Food,1,3.49,3.49,36.45
502,2024-01-07 17:00:08,Regular,6,Campfire Coffee,Cowboy_Food,1,7.99,7.99,36.45
503,2024-01-07 15:59:32,Regular,11,Lasso Rope,Ranch_Supplies,1,14.99,14.99,48.96
503,2024-01-07 15:59:32,Regular,2,Campfire Chili,Cowboy_Food,1,3.99,3.99,48.96
503,2024-01-07 15:59:32,Regular,9,Dried Apple Slices,Cowboy_Food,1,4.99,4.99,48.96
503,2024-01-07 15:59:32,Regular,29,Leather Wallet,Leather_Goods,1,24.99,24.99,48.96
504,2024-01-07 15:34:38,Regular,29,Leather Wallet,Leather_Goods,1,24.99,24.99,39.98
504,2024-01-07 15:34:38,Regular,11,Lasso Rope,Ranch_Supplies,1,14.99,14.99,39.98
505,2024-01-07 15:26:37,Regular,3,Smoky BBQ Sauce,Cowboy_Food,1,4.49,4.49,116.46
505,2024-01-07 15:26:37,Regular,1,Chuckwagon Beans,Cowboy_Food,1,2.99,2.99,116.46
505,2024-01-07 15:26:37,Regular,26,Rodeo Rope,Rodeo_Gear,1,18.99,18.99,116.46
505,2024-01-07 15:26:37,Regular,20,Cowboy Boots,Western_Apparel,1,89.99,89.99,116.46
506,2024-01-07 17:24:59,Casual,25,Riding Spurs,Rodeo_Gear,1,22.99,22.99,92.96
506,2024-01-07 17:24:59,Casual,27,Bull Rope Rosin,Rodeo_Gear,1,7.49,7.49,92.96
506,2024-01-07 17:24:59,Casual,28,Leather Saddlebag,Leather_Goods,1,59.99,59.99,92.96
506,2024-01-07 17:24:59,Casual,8,Hardtack Biscuits,Cowboy_Food,1,2.49,2.49,92.96
507,2024-01-07 16:02:38,Regular,26,Rodeo Rope,Rodeo_Gear,1,18.99,18.99,18.99
508,2024-01-07 15:36:41,Bulk,30,Leather Journal,Leather_Goods,1,14.99,14.99,66.93
508,2024-01-07 15:36:41,Bulk,27,Bull Rope Rosin,Rodeo_Gear,1,7.49,7.49,66.93
508,2024-01-07 15:36:41,Bulk,1,Chuckwagon Beans,Cowboy_Food,2,2.99,5.98,66.93
508,2024-01-07 15:36:41,Bulk,10,Smoked Sausage Links,Cowboy_Food,1,8.99,8.99,66.93
508,2024-01-07 15:36:41,Bulk,7,Prairie Honey,Cowboy_Food,1,6.49,6.49,66.93
508,2024-01-07 15:36:41,Bulk,25,Riding Spurs,Rodeo_Gear,1,22.99,22.99,66.93
509,2024-01-07 10:15:01,Regular,10,Smoked Sausage Links,Cowboy_Food,1,8.99,8.99,140.44
509,2024-01-07 10:15:01,Regular,27,Bull Rope Rosin,Rodeo_Gear,1,7.49,7.49,140.44
509,2024-01-07 10:15:01,Regular,24,Denim Vest,Western_Apparel,2,39.99,79.98,140.44
509,2024-01-07 10:15:01,Regular,18,Branding Iron,Ranch_Supplies,1,24.99,24.99,140.44
509,2024-01-07 10:15:01,Regular,26,Rodeo Rope,Rodeo_Gear,1,18.99,18.99,140.44
510,2024-01-07 14:53:04,Tourist,9,Dried Apple Slices,Cowboy_Food,1,4.99,4.99,324.9
510,2024-01-07 14:53:04,Tourist,27,Bull Rope Rosin,Rodeo_Gear,1,7.49,7.49,324.9
510,2024-01-07 14:53:04,Tourist,22,Flannel Shirt,Western_Apparel,2,29.99,59.98,324.9
510,2024-01-07 14:53:04,Tourist,20,Cowboy Boots,Western_Apparel,2,89.99,179.98,324.9
510,2024-01-07 14:53:04,Tourist,11,Lasso Rope,Ranch_Supplies,2,14.99,29.98,324.9
510,2024-01-07 14:53:04,Tourist,24,Denim Vest,Western_Apparel,1,39.99,39.99,324.9
510,2024-01-07 14:53:04,Tourist,8,Hardtack Biscuits,Cowboy_Food,1,2.49,2.49,324.9
511,2024-01-07 17:48:37,Bulk,3,Smoky BBQ Sauce,Cowboy_Food,2,4.49,8.98,142.85
511,2024-01-07 17:48:37,Bulk,4,Trail Beef Jerky,Cowboy_Food,1,5.99,5.99,142.85
511,2024-01-07 17:48:37,Bulk,11,Lasso Rope,Ranch_Supplies,1,14.99,14.99,142.85
511,2024-01-07 17:48:37,Bulk,2,Campfire Chili,Cowboy_Food,2,3.99,7.98,142.85
511,2024-01-07 17:48:37,Bulk,29,Leather Wallet,Leather_Goods,1,24.99,24.99,142.85
511,2024-01-07 17:48:37,Bulk,27,Bull Rope Rosin,Rodeo_Gear,1,7.49,7.49,142.85
511,2024-01-07 17:48:37,Bulk,25,Riding Spurs,Rodeo_Gear,1,22.99,22.99,142.85
511,2024-01-07 17:48:37,Bulk,14,Work Gloves,Ranch_Supplies,2,6.99,13.98,142.85
511,2024-01-07 17:48:37,Bulk,21,Red Bandana,Western_Apparel,1,4.99,4.99,142.85
511,2024-01-07 17:48:37,Bulk,26,Rodeo Rope,Rodeo_Gear,1,18.99,18.99,142.85
511,2024-01-07 17:48:37,Bulk,17,Stock Tank Float,Ranch_Supplies,1,8.49,8.49,142.85
511,2024-01-07 17:48:37,Bulk,1,Chuckwagon Beans,Cowboy_Food,1,2.99,2.99,142.85
512,2024-01-07 16:35:54,Regular,28,Leather Saddlebag,Leather_Goods,1,59.99,59.99,64.98
512,2024-01-07 16:35:54,Regular,9,Dried Apple Slices,Cowboy_Food,1,4.99,4.99,64.98
513,2024-01-07 10:17:23,Regular,11,Lasso Rope,Ranch_Supplies,1,14.99,14.99,19.98
513,2024-01-07 10:17:23,Regular,9,Dried Apple Slices,Cowboy_Food,1,4.99,4.99,19.98
514,2024-01-07 17:36:38,Tourist,1,Chuckwagon Beans,Cowboy_Food,1,2.99,2.99,10.98
514,2024-01-07 17:36:38,Tourist,6,Campfire Coffee,Cowboy_Food,1,7.99,7.99,10.98
515,2024-01-07 17:14:12,Bulk,14,Work Gloves,Ranch_Supplies,1,6.99,6.99,194.88
515,2024-01-07 17:14:12,Bulk,30,Leather Journal,Leather_Goods,3,14.99,44.97,194.88
515,2024-01-07 17:14:12,Bulk,4,Trail Beef Jerky,Cowboy_Food,1,5.99,5.99,194.88
515,2024-01-07 17:14:12,Bulk,28,Leather Saddlebag,Leather_Goods,1,59.99,59.99,194.88
515,2024-01-07 17:14:12,Bulk,11,Lasso Rope,Ranch_Supplies,1,14.99,14.99,194.88
515,2024-01-07 17:14:12,Bulk,13,Saddle Oil,Ranch_Supplies,1,9.99,9.99,194.88
515,2024-01-07 17:14:12,Bulk,15,Fence Wire (50ft),Ranch_Supplies,1,12.99,12.99,194.88
515,2024-01-07 17:14:12,Bulk,7,Prairie Honey,Cowboy_Food,1,6.49,6.49,194.88
515,2024-01-07 17:14:12,Bulk,29,Leather Wallet,Leather_Goods,1,24.99,24.99,194.88
515,2024-01-07 17:14:12,Bulk,27,Bull Rope Rosin,Rodeo_Gear,1,7.49,7.49,194.88
516,2024-01-07 15:39:27,Regular,25,Riding Spurs,Rodeo_Gear,1,22.99,22.99,29.98
516,2024-01-07 15:39:27,Regular,14,Work Gloves,Ranch_Supplies,1,6.99,6.99,29.98
517,2024-01-07 09:48:45,Casual,12,Horse Feed Sack,Ranch_Supplies,1,19.99,19.99,34.98
517,2024-01-07 09:48:45,Casual,11,Lasso Rope,Ranch_Supplies,1,14.99,14.99,34.98
518,2024-01-07 15:45:39,Regular,17,Stock Tank Float,Ranch_Supplies,1,8.49,8.49,33.46
518,2024-01-07 15:45:39,Regular,4,Trail Beef Jerky,Cowboy_Food,1,5.99,5.99,33.46
518,2024-01-07 15:45:39,Regular,15,Fence Wire (50ft),Ranch_Supplies,1,12.99,12.99,33.46
518,2024-01-07 15:45:39,Regular,16,Hay Bale Twine,Ranch_Supplies,1,5.99,5.99,33.46
519,2024-01-07 10:20:06,Regular,10,Smoked Sausage Links,Cowboy_Food,1,8.99,8.99,118.97
519,2024-01-07 10:20:06,Regular,20,Cowboy Boots,Western_Apparel,1,89.99,89.99,118.97
519,2024-01-07 10:20:06,Regular,12,Horse Feed Sack,Ranch_Supplies,1,19.99,19.99,118.97
520,2024-01-07 12:49:52,Bulk,11,Lasso Rope,Ranch_Supplies,2,14.99,29.98,154.9
520,2024-01-07 12:49:52,Bulk,25,Riding Spurs,Rodeo_Gear,1,22.99,22.99,154.9
520,2024-01-07 12:49:52,Bulk,3,Smoky BBQ Sauce,Cowboy_Food,1,4.49,4.49,154.9
520,2024-01-07 12:49:52,Bulk,7,Prairie Honey,Cowboy_Food,1,6.49,6.49,154.9
520,2024-01-07 12:49:52,Bulk,18,Branding Iron,Ranch_Supplies,1,24.99,24.99,154.9
520,2024-01-07 12:49:52,Bulk,4,Trail Beef Jerky,Cowboy_Food,1,5.99,5.99,154.9
520,2024-01-07 12:49:52,Bulk,19,Cowboy Hat,Western_Apparel,1,34.99,34.99,154.9
520,2024-01-07 12:49:52,Bulk,12,Horse Feed Sack,Ranch_Supplies,1,19.99,19.99,154.9
520,2024-01-07 12:49:52,Bulk,9,Dried Apple Slices,Cowboy_Food,1,4.99,4.99,154.9
521,2024-01-07 16:08:55,Regular,19,Cowboy Hat,Western_Apparel,1,34.99,34.99,181.38
521,2024-01-07 16:08:55,Regular,8,Hardtack Biscuits,Cowboy_Food,1,2.49,2.49,181.38
521,2024-01-07 16:08:55,Regular,24,Denim Vest,Western_Apparel,1,39.99,39.99,181.38
521,2024-01-07 16:08:55,Regular,25,Riding Spurs,Rodeo_Gear,2,22.99,45.98,181.38
521,2024-01-07 16:08:55,Regular,7,Prairie Honey,Cowboy_Food,1,6.49,6.49,181.38
521,2024-01-07 16:08:55,Regular,27,Bull Rope Rosin,Rodeo_Gear,2,7.49,14.98,181.38
521,2024-01-07 16:08:55,Regular,12,Horse Feed Sack,Ranch_Supplies,1,19.99,19.99,181.38
521,2024-01-07 16:08:55,Regular,3,Smoky BBQ Sauce,Cowboy_Food,1,4.49,4.49,181.38
521,2024-01-07 16:08:55,Regular,1,Chuckwagon Beans,Cowboy_Food,1,2.99,2.99,181.38
521,2024-01-07 16:08:55,Regular,10,Smoked Sausage Links,Cowboy_Food,1,8.99,8.99,181.38
522,2024-01-07 17:50:28,Regular,21,Red Bandana,Western_Apparel,1,4.99,4.99,122.95
522,2024-01-07 17:50:28,Regular,10,Smoked Sausage Links,Cowboy_Food,1,8.99,8.99,122.95
522,2024-01-07 17:50:28,Regular,30,Leather Journal,Leather_Goods,1,14.99,14.99,122.95
522,2024-01-07 17:50:28,Regular,20,Cowboy Boots,Western_Apparel,1,89.99,89.99,122.95
522,2024-01-07 17:50:28,Regular,2,Campfire Chili,Cowboy_Food,1,3.99,3.99,122.95
523,2024-01-07 13:26:20,Regular,5,Cornbread Mix,Cowboy_Food,2,3.49,6.98,25.97
523,2024-01-07 13:26:20,Regular,26,Rodeo Rope,Rodeo_Gear,1,18.99,18.99,25.97
524,2024-01-07 17:26:31,Regular,21,Red Bandana,Western_Apparel,2,4.99,9.98,106.41
524,2024-01-07 17:26:31,Regular,14,Work Gloves,Ranch_Supplies,1,6.99,6.99,106.41
524,2024-01-07 17:26:31,Regular,5,Cornbread Mix,Cowboy_Food,1,3.49,3.49,106.41
524,2024-01-07 17:26:31,Regular,11,Lasso Rope,Ranch_Supplies,1,14.99,14.99,106.41
524,2024-01-07 17:26:31,Regular,19,Cowboy Hat,Western_Apparel,1,34.99,34.99,106.41
524,2024-01-07 17:26:31,Regular,6,Campfire Coffee,Cowboy_Food,1,7.99,7.99,106.41
524,2024-01-07 17:26:31,Regular,26,Rodeo Rope,Rodeo_Gear,1,18.99,18.99,106.41
524,2024-01-07 17:26:31,Regular,10,Smoked Sausage Links,Cowboy_Food,1,8.99,8.99,106.41
525,2024-01-07 17:53:48,Regular,20,Cowboy Boots,Western_Apparel,1,89.99,89.99,139.96
525,2024-01-07 17:53:48,Regular,23,Leather Belt,Western_Apparel,1,19.99,19.99,139.96
525,2024-01-07 17:53:48,Regular,9,Dried Apple Slices,Cowboy_Food,1,4.99,4.99,139.96
525,2024-01-07 17:53:48,Regular,29,Leather Wallet,Leather_Goods,1,24.99,24.99,139.96
526,2024-01-07 09:46:27,Regular,16,Hay Bale Twine,Ranch_Supplies,1,5.99,5.99,100.95
526,2024-01-07 09:46:27,Regular,19,Cowboy Hat,Western_Apparel,2,34.99,69.98,100.95
526,2024-01-07 09:46:27,Regular,30,Leather Journal,Leather_Goods,1,14.99,14.99,100.95
526,2024-01-07 09:46:27,Regular,13,Saddle Oil,Ranch_Supplies,1,9.99,9.99,100.95
527,2024-01-07 11:59:01,Tourist,23,Leather Belt,Western_Apparel,1,19.99,19.99,65.97
527,2024-01-07 11:59:01,Tourist,4,Trail Beef Jerky,Cowboy_Food,1,5.99,5.99,65.97
527,2024-01-07 11:59:01,Tourist,24,Denim Vest,Western_Apparel,1,39.99,39.99,65.97
528,2024-01-07 16:34:04,Bulk,20,Cowboy Boots,Western_Apparel,1,89.99,89.99,241.35
528,2024-01-07 16:34:04,Bulk,18,Branding Iron,Ranch_Supplies,2,24.99,49.98,241.35
528,2024-01-07 16:34:04,Bulk,9,Dried Apple Slices,Cowboy_Food,2,4.99,9.98,241.35
528,2024-01-07 16:34:04,Bulk,7,Prairie Honey,Cowboy_Food,3,6.49,19.47,241.35
528,2024-01-07 16:34:04,Bulk,21,Red Bandana,Western_Apparel,1,4.99,4.99,241.35
528,2024-01-07 16:34:04,Bulk,22,Flannel Shirt,Western_Apparel,1,29.99,29.99,241.35
528,2024-01-07 16:34:04,Bulk,26,Rodeo Rope,Rodeo_Gear,1,18.99,18.99,241.35
528,2024-01-07 16:34:04,Bulk,2,Campfire Chili,Cowboy_Food,1,3.99,3.99,241.35
528,2024-01-07 16:34:04,Bulk,3,Smoky BBQ Sauce,Cowboy_Food,1,4.49,4.49,241.35
528,2024-01-07 16:34:04,Bulk,14,Work Gloves,Ranch_Supplies,1,6.99,6.99,241.35
528,2024-01-07 16:34:04,Bulk,8,Hardtack Biscuits,Cowboy_Food,1,2.49,2.49,241.35
529,2024-01-07 16:50:48,Regular,7,Prairie Honey,Cowboy_Food,1,6.49,6.49,37.96
529,2024-01-07 16:50:48,Regular,23,Leather Belt,Western_Apparel,1,19.99,19.99,37.96
529,2024-01-07 16:50:48,Regular,5,Cornbread Mix,Cowboy_Food,1,3.49,3.49,37.96
529,2024-01-07 16:50:48,Regular,6,Campfire Coffee,Cowboy_Food,1,7.99,7.99,37.96
530,2024-01-07 14:08:47,Regular,14,Work Gloves,Ranch_Supplies,1,6.99,6.99,46.97
530,2024-01-07 14:08:47,Regular,22,Flannel Shirt,Western_Apparel,1,29.99,29.99,46.97
530,2024-01-07 14:08:47,Regular,13,Saddle Oil,Ranch_Supplies,1,9.99,9.99,46.97
531,2024-01-07 16:17:46,Casual,2,Campfire Chili,Cowboy_Food,1,3.99,3.99,14.97
531,2024-01-07 16:17:46,Casual,7,Prairie Honey,Cowboy_Food,1,6.49,6.49,14.97
531,2024-01-07 16:17:46,Casual,3,Smoky BBQ Sauce,Cowboy_Food,1,4.49,4.49,14.97
532,2024-01-07 16:02:07,Regular,9,Dried Apple Slices,Cowboy_Food,1,4.99,4.99,33.44
532,2024-01-07 16:02:07,Regular,21,Red Bandana,Western_Apparel,1,4.99,4.99,33.44
532,2024-01-07 16:02:07,Regular,2,Campfire Chili,Cowboy_Food,1,3.99,3.99,33.44
532,2024-01-07 16:02:07,Regular,10,Smoked Sausage Links,Cowboy_Food,1,8.99,8.99,33.44
532,2024-01-07 16:02:07,Regular,8,Hardtack Biscuits,Cowboy_Food,1,2.49,2.49,33.44
532,2024-01-07 16:02:07,Regular,6,Campfire Coffee,Cowboy_Food,1,7.99,7.99,33.44
533,2024-01-07 16:44:10,Regular,4,Trail Beef Jerky,Cowboy_Food,1,5.99,5.99,55.97
533,2024-01-07 16:44:10,Regular,11,Lasso Rope,Ranch_Supplies,1,14.99,14.99,55.97
533,2024-01-07 16:44:10,Regular,19,Cowboy Hat,Western_Apparel,1,34.99,34.99,55.97
534,2024-01-07 16:37:23,Bulk,10,Smoked Sausage Links,Cowboy_Food,2,8.99,17.98,458.8
534,2024-01-07 16:37:23,Bulk,19,Cowboy Hat,Western_Apparel,2,34.99,69.98,458.8
534,2024-01-07 16:37:23,Bulk,29,Leather Wallet,Leather_Goods,2,24.99,49.98,458.8
534,2024-01-07 16:37:23,Bulk,20,Cowboy Boots,Western_Apparel,1,89.99,89.99,458.8
534,2024-01-07 16:37:23,Bulk,5,Cornbread Mix,Cowboy_Food,1,3.49,3.49,458.8
534,2024-01-07 16:37:23,Bulk,24,Denim Vest,Western_Apparel,1,39.99,39.99,458.8
534,2024-01-07 16:37:23,Bulk,14,Work Gloves,Ranch_Supplies,1,6.99,6.99,458.8
534,2024-01-07 16:37:23,Bulk,30,Leather Journal,Leather_Goods,2,14.99,29.98,458.8
534,2024-01-07 16:37:23,Bulk,4,Trail Beef Jerky,Cowboy_Food,1,5.99,5.99,458.8
534,2024-01-07 16:37:23,Bulk,11,Lasso Rope,Ranch_Supplies,1,14.99,14.99,458.8
534,2024-01-07 16:37:23,Bulk,26,Rodeo Rope,Rodeo_Gear,2,18.99,37.98,458.8
534,2024-01-07 16:37:23,Bulk,27,Bull Rope Rosin,Rodeo_Gear,1,7.49,7.49,458.8
534,2024-01-07 16:37:23,Bulk,2,Campfire Chili,Cowboy_Food,1,3.99,3.99,458.8
534,2024-01-07 16:37:23,Bulk,28,Leather Saddlebag,Leather_Goods,1,59.99,59.99,458.8
534,2024-01-07 16:37:23,Bulk,12,Horse Feed Sack,Ranch_Supplies,1,19.99,19.99,458.8
535,2024-01-07 10:41:13,Regular,12,Horse Feed Sack,Ranch_Supplies,1,19.99,19.99,121.45
535,2024-01-07 10:41:13,Regular,1,Chuckwagon Beans,Cowboy_Food,1,2.99,2.99,121.45
535,2024-01-07 10:41:13,Regular,20,Cowboy Boots,Western_Apparel,1,89.99,89.99,121.45
535,2024-01-07 10:41:13,Regular,8,Hardtack Biscuits,Cowboy_Food,1,2.49,2.49,121.45
535,2024-01-07 10:41:13,Regular,16,Hay Bale Twine,Ranch_Supplies,1,5.99,5.99,121.45
536,2024-01-07 11:19:23,Casual,8,Hardtack Biscuits,Cowboy_Food,1,2.49,2.49,2.49
537,2024-01-07 11:06:33,Casual,10,Smoked Sausage Links,Cowboy_Food,1,8.99,8.99,105.97
537,2024-01-07 11:06:33,Casual,20,Cowboy Boots,Western_Apparel,1,89.99,89.99,105.97
537,2024-01-07 11:06:33,Casual,14,Work Gloves,Ranch_Supplies,1,6.99,6.99,105.97
538,2024-01-07 18:01:16,Casual,8,Hardtack Biscuits,Cowboy_Food,1,2.49,2.49,9.98
538,2024-01-07 18:01:16,Casual,27,Bull Rope Rosin,Rodeo_Gear,1,7.49,7.49,9.98
539,2024-01-07 17:50:07,Regular,25,Riding Spurs,Rodeo_Gear,1,22.99,22.99,112.98
539,2024-01-07 17:50:07,Regular,20,Cowboy Boots,Western_Apparel,1,89.99,89.99,112.98
540,2024-01-07 17:03:24,Regular,24,Denim Vest,Western_Apparel,1,39.99,39.99,119.43
540,2024-01-07 17:03:24,Regular,14,Work Gloves,Ranch_Supplies,1,6.99,6.99,119.43
540,2024-01-07 17:03:24,Regular,25,Riding Spurs,Rodeo_Gear,1,22.99,22.99,119.43
540,2024-01-07 17:03:24,Regular,3,Smoky BBQ Sauce,Cowboy_Food,1,4.49,4.49,119.43
540,2024-01-07 17:03:24,Regular,2,Campfire Chili,Cowboy_Food,1,3.99,3.99,119.43
540,2024-01-07 17:03:24,Regular,19,Cowboy Hat,Western_Apparel,1,34.99,34.99,119.43
540,2024-01-07 17:03:24,Regular,4,Trail Beef Jerky,Cowboy_Food,1,5.99,5.99,119.43
541,2024-01-08 16:57:12,Regular,9,Dried Apple Slices,Cowboy_Food,1,4.99,4.99,44.96
541,2024-01-08 16:57:12,Regular,18,Branding Iron,Ranch_Supplies,1,24.99,24.99,44.96
541,2024-01-08 16:57:12,Regular,17,Stock Tank Float,Ranch_Supplies,1,8.49,8.49,44.96
541,2024-01-08 16:57:12,Regular,7,Prairie Honey,Cowboy_Food,1,6.49,6.49,44.96
542,2024-01-08 17:44:50,Regular,26,Rodeo Rope,Rodeo_Gear,2,18.99,37.98,87.96
542,2024-01-08 17:44:50,Regular,19,Cowboy Hat,Western_Apparel,1,34.99,34.99,87.96
542,2024-01-08 17:44:50,Regular,30,Leather Journal,Leather_Goods,1,14.99,14.99,87.96
543,2024-01-08 17:18:34,Tourist,16,Hay Bale Twine,Ranch_Supplies,1,5.99,5.99,13.98
543,2024-01-08 17:18:34,Tourist,6,Campfire Coffee,Cowboy_Food,1,7.99,7.99,13.98
544,2024-01-08 18:17:10,Regular,16,Hay Bale Twine,Ranch_Supplies,1,5.99,5.99,214.38
544,2024-01-08 18:17:10,Regular,15,Fence Wire (50ft),Ranch_Supplies,1,12.99,12.99,214.38
544,2024-01-08 18:17:10,Regular,11,Lasso Rope,Ranch_Supplies,3,14.99,44.97,214.38
544,2024-01-08 18:17:10,Regular,7,Prairie Honey,Cowboy_Food,1,6.49,6.49,214.38
544,2024-01-08 18:17:10,Regular,22,Flannel Shirt,Western_Apparel,1,29.99,29.99,214.38
544,2024-01-08 18:17:10,Regular,14,Work Gloves,Ranch_Supplies,1,6.99,6.99,214.38
544,2024-01-08 18:17:10,Regular,1,Chuckwagon Beans,Cowboy_Food,1,2.99,2.99,214.38
544,2024-01-08 18:17:10,Regular,28,Leather Saddlebag,Leather_Goods,1,59.99,59.99,214.38
544,2024-01-08 18:17:10,Regular,10,Smoked Sausage Links,Cowboy_Food,1,8.99,8.99,214.38
544,2024-01-08 18:17:10,Regular,19,Cowboy Hat,Western_Apparel,1,34.99,34.99,214.38
545,2024-01-08 17:45:01,Regular,27,Bull Rope Rosin,Rodeo_Gear,1,7.49,7.49,49.47
545,2024-01-08 17:45:01,Regular,14,Work Gloves,Ranch_Supplies,1,6.99,6.99,49.47
545,2024-01-08 17:45:01,Regular,19,Cowboy Hat,Western_Apparel,1,34.99,34.99,49.47
546,2024-01-08 14:50:24,Regular,30,Leather Journal,Leather_Goods,1,14.99,14.99,21.48
546,2024-01-08 14:50:24,Regular,7,Prairie Honey,Cowboy_Food,1,6.49,6.49,21.48
547,2024-01-08 14:14:35,Tourist,9,Dried Apple Slices,Cowboy_Food,1,4.99,4.99,39.98
547,2024-01-08 14:14:35,Tourist,19,Cowboy Hat,Western_Apparel,1,34.99,34.99,39.98
548,2024-01-08 17:42:50,Tourist,2,Campfire Chili,Cowboy_Food,1,3.99,3.99,50.46
548,2024-01-08 17:42:50,Tourist,25,Riding Spurs,Rodeo_Gear,1,22.99,22.99,50.46
548,2024-01-08 17:42:50,Tourist,17,Stock Tank Float,Ranch_Supplies,1,8.49,8.49,50.46
548,2024-01-08 17:42:50,Tourist,11,Lasso Rope,Ranch_Supplies,1,14.99,14.99,50.46
549,2024-01-08 17:57:53,Regular,4,Trail Beef Jerky,Cowboy_Food,2,5.99,11.98,126.96
549,2024-01-08 17:57:53,Regular,20,Cowboy Boots,Western_Apparel,1,89.99,89.99,126.96
549,2024-01-08 17:57:53,Regular,29,Leather Wallet,Leather_Goods,1,24.99,24.99,126.96
550,2024-01-08 18:29:27,Bulk,29,Leather Wallet,Leather_Goods,2,24.99,49.98,123.9
550,2024-01-08 18:29:27,Bulk,30,Leather Journal,Leather_Goods,1,14.99,14.99,123.9
550,2024-01-08 18:29:27,Bulk,10,Smoked Sausage Links,Cowboy_Food,1,8.99,8.99,123.9
550,2024-01-08 18:29:27,Bulk,4,Trail Beef Jerky,Cowboy_Food,2,5.99,11.98,123.9
550,2024-01-08 18:29:27,Bulk,2,Campfire Chili,Cowboy_Food,2,3.99,7.98,123.9
550,2024-01-08 18:29:27,Bulk,11,Lasso Rope,Ranch_Supplies,2,14.99,29.98,123.9
551,2024-01-08 16:53:25,Regular,22,Flannel Shirt,Western_Apparel,1,29.99,29.99,89.45
551,2024-01-08 16:53:25,Regular,16,Hay Bale Twine,Ranch_Supplies,1,5.99,5.99,89.45
551,2024-01-08 16:53:25,Regular,10,Smoked Sausage Links,Cowboy_Food,1,8.99,8.99,89.45
551,2024-01-08 16:53:25,Regular,3,Smoky BBQ Sauce,Cowboy_Food,1,4.49,4.49,89.45
551,2024-01-08 16:53:25,Regular,24,Denim Vest,Western_Apparel,1,39.99,39.99,89.45
552,2024-01-08 11:40:55,Bulk,30,Leather Journal,Leather_Goods,1,14.99,14.99,145.43
552,2024-01-08 11:40:55,Bulk,21,Red Bandana,Western_Apparel,1,4.99,4.99,145.43
552,2024-01-08 11:40:55,Bulk,7,Prairie Honey,Cowboy_Food,1,6.49,6.49,145.43
552,2024-01-08 11:40:55,Bulk,10,Smoked Sausage Links,Cowboy_Food,1,8.99,8.99,145.43
552,2024-01-08 11:40:55,Bulk,12,Horse Feed Sack,Ranch_Supplies,1,19.99,19.99,145.43
552,2024-01-08 11:40:55,Bulk,22,Flannel Shirt,Western_Apparel,1,29.99,29.99,145.43
552,2024-01-08 11:40:55,Bulk,28,Leather Saddlebag,Leather_Goods,1,59.99,59.99,145.43
553,2024-01-08 18:08:46,Regular,3,Smoky BBQ Sauce,Cowboy_Food,1,4.49,4.49,25.47
553,2024-01-08 18:08:46,Regular,4,Trail Beef Jerky,Cowboy_Food,1,5.99,5.99,25.47
553,2024-01-08 18:08:46,Regular,11,Lasso Rope,Ranch_Supplies,1,14.99,14.99,25.47
554,2024-01-08 18:10:12,Casual,29,Leather Wallet,Leather_Goods,1,24.99,24.99,34.98
554,2024-01-08 18:10:12,Casual,13,Saddle Oil,Ranch_Supplies,1,9.99,9.99,34.98
555,2024-01-08 16:20:40,Tourist,10,Smoked Sausage Links,Cowboy_Food,1,8.99,8.99,36.96
555,2024-01-08 16:20:40,Tourist,21,Red Bandana,Western_Apparel,1,4.99,4.99,36.96
555,2024-01-08 16:20:40,Tourist,11,Lasso Rope,Ranch_Supplies,1,14.99,14.99,36.96
555,2024-01-08 16:20:40,Tourist,6,Campfire Coffee,Cowboy_Food,1,7.99,7.99,36.96
556,2024-01-08 17:25:42,Regular,9,Dried Apple Slices,Cowboy_Food,1,4.99,4.99,118.92
556,2024-01-08 17:25:42,Regular,5,Cornbread Mix,Cowboy_Food,1,3.49,3.49,118.92
556,2024-01-08 17:25:42,Regular,16,Hay Bale Twine,Ranch_Supplies,1,5.99,5.99,118.92
556,2024-01-08 17:25:42,Regular,28,Leather Saddlebag,Leather_Goods,1,59.99,59.99,118.92
556,2024-01-08 17:25:42,Regular,26,Rodeo Rope,Rodeo_Gear,1,18.99,18.99,118.92
556,2024-01-08 17:25:42,Regular,8,Hardtack Biscuits,Cowboy_Food,1,2.49,2.49,118.92
556,2024-01-08 17:25:42,Regular,12,Horse Feed Sack,Ranch_Supplies,1,19.99,19.99,118.92
556,2024-01-08 17:25:42,Regular,1,Chuckwagon Beans,Cowboy_Food,1,2.99,2.99,118.92
557,2024-01-08 15:45:14,Regular,17,Stock Tank Float,Ranch_Supplies,1,8.49,8.49,268.4
557,2024-01-08 15:45:14,Regular,5,Cornbread Mix,Cowboy_Food,1,3.49,3.49,268.4
557,2024-01-08 15:45:14,Regular,20,Cowboy Boots,Western_Apparel,2,89.99,179.98,268.4
557,2024-01-08 15:45:14,Regular,24,Denim Vest,Western_Apparel,1,39.99,39.99,268.4
557,2024-01-08 15:45:14,Regular,3,Smoky BBQ Sauce,Cowboy_Food,1,4.49,4.49,268.4
557,2024-01-08 15:45:14,Regular,11,Lasso Rope,Ranch_Supplies,1,14.99,14.99,268.4
557,2024-01-08 15:45:14,Regular,21,Red Bandana,Western_Apparel,1,4.99,4.99,268.4
557,2024-01-08 15:45:14,Regular,4,Trail Beef Jerky,Cowboy_Food,1,5.99,5.99,268.4
557,2024-01-08 15:45:14,Regular,16,Hay Bale Twine,Ranch_Supplies,1,5.99,5.99,268.4
558,2024-01-08 18:08:58,Regular,2,Campfire Chili,Cowboy_Food,1,3.99,3.99,70.46
558,2024-01-08 18:08:58,Regular,27,Bull Rope Rosin,Rodeo_Gear,1,7.49,7.49,70.46
558,2024-01-08 18:08:58,Regular,26,Rodeo Rope,Rodeo_Gear,1,18.99,18.99,70.46
558,2024-01-08 18:08:58,Regular,24,Denim Vest,Western_Apparel,1,39.99,39.99,70.46
559,2024-01-08 10:46:17,Regular,27,Bull Rope Rosin,Rodeo_Gear,1,7.49,7.49,48.94
559,2024-01-08 10:46:17,Regular,14,Work Gloves,Ranch_Supplies,1,6.99,6.99,48.94
559,2024-01-08 10:46:17,Regular,10,Smoked Sausage Links,Cowboy_Food,1,8.99,8.99,48.94
559,2024-01-08 10:46:17,Regular,16,Hay Bale Twine,Ranch_Supplies,1,5.99,5.99,48.94
559,2024-01-08 10:46:17,Regular,30,Leather Journal,Leather_Goods,1,14.99,14.99,48.94
559,2024-01-08 10:46:17,Regular,3,Smoky BBQ Sauce,Cowboy_Food,1,4.49,4.49,48.94
560,2024-01-08 17:28:32,Regular,5,Cornbread Mix,Cowboy_Food,1,3.49,3.49,53.47
560,2024-01-08 17:28:32,Regular,11,Lasso Rope,Ranch_Supplies,1,14.99,14.99,53.47
560,2024-01-08 17:28:32,Regular,19,Cowboy Hat,Western_Apparel,1,34.99,34.99,53.47
561,2024-01-08 10:20:29,Regular,9,Dried Apple Slices,Cowboy_Food,1,4.99,4.99,69.44
561,2024-01-08 10:20:29,Regular,4,Trail Beef Jerky,Cowboy_Food,1,5.99,5.99,69.44
561,2024-01-08 10:20:29,Regular,11,Lasso Rope,Ranch_Supplies,1,14.99,14.99,69.44
561,2024-01-08 10:20:29,Regular,30,Leather Journal,Leather_Goods,1,14.99,14.99,69.44
561,2024-01-08 10:20:29,Regular,17,Stock Tank Float,Ranch_Supplies,1,8.49,8.49,69.44
561,2024-01-08 10:20:29,Regular,12,Horse Feed Sack,Ranch_Supplies,1,19.99,19.99,69.44
562,2024-01-08 13:06:41,Tourist,15,Fence Wire (50ft),Ranch_Supplies,1,12.99,12.99,63.96
562,2024-01-08 13:06:41,Tourist,16,Hay Bale Twine,Ranch_Supplies,1,5.99,5.99,63.96
562,2024-01-08 13:06:41,Tourist,22,Flannel Shirt,Western_Apparel,1,29.99,29.99,63.96
562,2024-01-08 13:06:41,Tourist,30,Leather Journal,Leather_Goods,1,14.99,14.99,63.96
563,2024-01-08 11:08:54,Regular,17,Stock Tank Float,Ranch_Supplies,1,8.49,8.49,8.49
564,2024-01-08 15:10:23,Casual,14,Work Gloves,Ranch_Supplies,1,6.99,6.99,113.94
564,2024-01-08 15:10:23,Casual,19,Cowboy Hat,Western_Apparel,1,34.99,34.99,113.94
564,2024-01-08 15:10:23,Casual,8,Hardtack Biscuits,Cowboy_Food,1,2.49,2.49,113.94
564,2024-01-08 15:10:23,Casual,3,Smoky BBQ Sauce,Cowboy_Food,1,4.49,4.49,113.94
564,2024-01-08 15:10:23,Casual,24,Denim Vest,Western_Apparel,1,39.99,39.99,113.94
564,2024-01-08 15:10:23,Casual,29,Leather Wallet,Leather_Goods,1,24.99,24.99,113.94
565,2024-01-08 11:55:23,Regular,8,Hardtack Biscuits,Cowboy_Food,1,2.49,2.49,2.49
566,2024-01-08 18:13:45,Bulk,29,Leather Wallet,Leather_Goods,1,24.99,24.99,58.45
566,2024-01-08 18:13:45,Bulk,17,Stock Tank Float,Ranch_Supplies,1,8.49,8.49,58.45
566,2024-01-08 18:13:45,Bulk,1,Chuckwagon Beans,Cowboy_Food,2,2.99,5.98,58.45
566,2024-01-08 18:13:45,Bulk,26,Rodeo Rope,Rodeo_Gear,1,18.99,18.99,58.45
567,2024-01-08 15:44:57,Regular,9,Dried Apple Slices,Cowboy_Food,1,4.99,4.99,156.43
567,2024-01-08 15:44:57,Regular,11,Lasso Rope,Ranch_Supplies,1,14.99,14.99,156.43
567,2024-01-08 15:44:57,Regular,26,Rodeo Rope,Rodeo_Gear,1,18.99,18.99,156.43
567,2024-01-08 15:44:57,Regular,1,Chuckwagon Beans,Cowboy_Food,1,2.99,2.99,156.43
567,2024-01-08 15:44:57,Regular,12,Horse Feed Sack,Ranch_Supplies,1,19.99,19.99,156.43
567,2024-01-08 15:44:57,Regular,20,Cowboy Boots,Western_Apparel,1,89.99,89.99,156.43
567,2024-01-08 15:44:57,Regular,3,Smoky BBQ Sauce,Cowboy_Food,1,4.49,4.49,156.43
568,2024-01-08 17:43:54,Tourist,4,Trail Beef Jerky,Cowboy_Food,1,5.99,5.99,5.99
569,2024-01-08 12:20:45,Regular,29,Leather Wallet,Leather_Goods,1,24.99,24.99,24.99
570,2024-01-08 09:52:42,Regular,14,Work Gloves,Ranch_Supplies,1,6.99,6.99,79.42
570,2024-01-08 09:52:42,Regular,15,Fence Wire (50ft),Ranch_Supplies,1,12.99,12.99,79.42
570,2024-01-08 09:52:42,Regular,10,Smoked Sausage Links,Cowboy_Food,1,8.99,8.99,79.42
570,2024-01-08 09:52:42,Regular,13,Saddle Oil,Ranch_Supplies,1,9.99,9.99,79.42
570,2024-01-08 09:52:42,Regular,23,Leather Belt,Western_Apparel,1,19.99,19.99,79.42
570,2024-01-08 09:52:42,Regular,11,Lasso Rope,Ranch_Supplies,1,14.99,14.99,79.42
570,2024-01-08 09:52:42,Regular,1,Chuckwagon Beans,Cowboy_Food,1,2.99,2.99,79.42
570,2024-01-08 09:52:42,Regular,8,Hardtack Biscuits,Cowboy_Food,1,2.49,2.49,79.42
571,2024-01-08 16:56:46,Casual,24,Denim Vest,Western_Apparel,1,39.99,39.99,113.95
571,2024-01-08 16:56:46,Casual,16,Hay Bale Twine,Ranch_Supplies,1,5.99,5.99,113.95
571,2024-01-08 16:56:46,Casual,23,Leather Belt,Western_Apparel,1,19.99,19.99,113.95
571,2024-01-08 16:56:46,Casual,25,Riding Spurs,Rodeo_Gear,1,22.99,22.99,113.95
571,2024-01-08 16:56:46,Casual,29,Leather Wallet,Leather_Goods,1,24.99,24.99,113.95
572,2024-01-08 16:32:56,Casual,15,Fence Wire (50ft),Ranch_Supplies,1,12.99,12.99,90.94
572,2024-01-08 16:32:56,Casual,4,Trail Beef Jerky,Cowboy_Food,1,5.99,5.99,90.94
572,2024-01-08 16:32:56,Casual,28,Leather Saddlebag,Leather_Goods,1,59.99,59.99,90.94
572,2024-01-08 16:32:56,Casual,16,Hay Bale Twine,Ranch_Supplies,1,5.99,5.99,90.94
572,2024-01-08 16:32:56,Casual,1,Chuckwagon Beans,Cowboy_Food,2,2.99,5.98,90.94
573,2024-01-08 15:39:00,Bulk,15,Fence Wire (50ft),Ranch_Supplies,1,12.99,12.99,137.92
573,2024-01-08 15:39:00,Bulk,14,Work Gloves,Ranch_Supplies,1,6.99,6.99,137.92
573,2024-01-08 15:39:00,Bulk,29,Leather Wallet,Leather_Goods,1,24.99,24.99,137.92
573,2024-01-08 15:39:00,Bulk,11,Lasso Rope,Ranch_Supplies,1,14.99,14.99,137.92
573,2024-01-08 15:39:00,Bulk,16,Hay Bale Twine,Ranch_Supplies,2,5.99,11.98,137.92
573,2024-01-08 15:39:00,Bulk,28,Leather Saddlebag,Leather_Goods,1,59.99,59.99,137.92
573,2024-01-08 15:39:00,Bulk,4,Trail Beef Jerky,Cowboy_Food,1,5.99,5.99,137.92
574,2024-01-08 17:10:35,Regular,22,Flannel Shirt,Western_Apparel,2,29.99,59.98,167.93
574,2024-01-08 17:10:35,Regular,7,Prairie Honey,Cowboy_Food,1,6.49,6.49,167.93
574,2024-01-08 17:10:35,Regular,19,Cowboy Hat,Western_Apparel,1,34.99,34.99,167.93
574,2024-01-08 17:10:35,Regular,1,Chuckwagon Beans,Cowboy_Food,1,2.99,2.99,167.93
574,2024-01-08 17:10:35,Regular,5,Cornbread Mix,Cowboy_Food,1,3.49,3.49,167.93
574,2024-01-08 17:10:35,Regular,28,Leather Saddlebag,Leather_Goods,1,59.99,59.99,167.93
575,2024-01-08 17:19:02,Regular,7,Prairie Honey,Cowboy_Food,1,6.49,6.49,380.81
575,2024-01-08 17:19:02,Regular,5,Cornbread Mix,Cowboy_Food,1,3.49,3.49,380.81
575,2024-01-08 17:19:02,Regular,1,Chuckwagon Beans,Cowboy_Food,1,2.99,2.99,380.81
575,2024-01-08 17:19:02,Regular,9,Dried Apple Slices,Cowboy_Food,1,4.99,4.99,380.81
575,2024-01-08 17:19:02,Regular,30,Leather Journal,Leather_Goods,1,14.99,14.99,380.81
575,2024-01-08 17:19:02,Regular,10,Smoked Sausage Links,Cowboy_Food,1,8.99,8.99,380.81
575,2024-01-08 17:19:02,Regular,14,Work Gloves,Ranch_Supplies,1,6.99,6.99,380.81
575,2024-01-08 17:19:02,Regular,22,Flannel Shirt,Western_Apparel,3,29.99,89.97,380.81
575,2024-01-08 17:19:02,Regular,16,Hay Bale Twine,Ranch_Supplies,1,5.99,5.99,380.81
575,2024-01-08 17:19:02,Regular,19,Cowboy Hat,Western_Apparel,2,34.99,69.98,380.81
575,2024-01-08 17:19:02,Regular,18,Branding Iron,Ranch_Supplies,1,24.99,24.99,380.81
575,2024-01-08 17:19:02,Regular,23,Leather Belt,Western_Apparel,2,19.99,39.98,380.81
575,2024-01-08 17:19:02,Regular,21,Red Bandana,Western_Apparel,1,4.99,4.99,380.81
575,2024-01-08 17:19:02,Regular,4,Trail Beef Jerky,Cowboy_Food,1,5.99,5.99,380.81
575,2024-01-08 17:19:02,Regular,20,Cowboy Boots,Western_Apparel,1,89.99,89.99,380.81
576,2024-01-08 15:54:34,Casual,26,Rodeo Rope,Rodeo_Gear,1,18.99,18.99,26.98
576,2024-01-08 15:54:34,Casual,6,Campfire Coffee,Cowboy_Food,1,7.99,7.99,26.98
577,2024-01-08 18:23:23,Bulk,19,Cowboy Hat,Western_Apparel,2,34.99,69.98,174.38
577,2024-01-08 18:23:23,Bulk,4,Trail Beef Jerky,Cowboy_Food,2,5.99,11.98,174.38
577,2024-01-08 18:23:23,Bulk,17,Stock Tank Float,Ranch_Supplies,1,8.49,8.49,174.38
577,2024-01-08 18:23:23,Bulk,10,Smoked Sausage Links,Cowboy_Food,2,8.99,17.98,174.38
577,2024-01-08 18:23:23,Bulk,15,Fence Wire (50ft),Ranch_Supplies,1,12.99,12.99,174.38
577,2024-01-08 18:23:23,Bulk,1,Chuckwagon Beans,Cowboy_Food,1,2.99,2.99,174.38
577,2024-01-08 18:23:23,Bulk,25,Riding Spurs,Rodeo_Gear,1,22.99,22.99,174.38
577,2024-01-08 18:23:23,Bulk,12,Horse Feed Sack,Ranch_Supplies,1,19.99,19.99,174.38
577,2024-01-08 18:23:23,Bulk,14,Work Gloves,Ranch_Supplies,1,6.99,6.99,174.38
578,2024-01-08 16:37:18,Bulk,8,Hardtack Biscuits,Cowboy_Food,1,2.49,2.49,188.9
578,2024-01-08 16:37:18,Bulk,30,Leather Journal,Leather_Goods,1,14.99,14.99,188.9
578,2024-01-08 16:37:18,Bulk,20,Cowboy Boots,Western_Apparel,1,89.99,89.99,188.9
578,2024-01-08 16:37:18,Bulk,12,Horse Feed Sack,Ranch_Supplies,1,19.99,19.99,188.9
578,2024-01-08 16:37:18,Bulk,6,Campfire Coffee,Cowboy_Food,1,7.99,7.99,188.9
578,2024-01-08 16:37:18,Bulk,22,Flannel Shirt,Western_Apparel,1,29.99,29.99,188.9
578,2024-01-08 16:37:18,Bulk,7,Prairie Honey,Cowboy_Food,1,6.49,6.49,188.9
578,2024-01-08 16:37:18,Bulk,4,Trail Beef Jerky,Cowboy_Food,2,5.99,11.98,188.9
578,2024-01-08 16:37:18,Bulk,21,Red Bandana,Western_Apparel,1,4.99,4.99,188.9
579,2024-01-08 16:24:53,Regular,21,Red Bandana,Western_Apparel,1,4.99,4.99,183.45
579,2024-01-08 16:24:53,Regular,28,Leather Saddlebag,Leather_Goods,1,59.99,59.99,183.45
579,2024-01-08 16:24:53,Regular,18,Branding Iron,Ranch_Supplies,1,24.99,24.99,183.45
579,2024-01-08 16:24:53,Regular,5,Cornbread Mix,Cowboy_Food,1,3.49,3.49,183.45
579,2024-01-08 16:24:53,Regular,20,Cowboy Boots,Western_Apparel,1,89.99,89.99,183.45
580,2024-01-08 13:31:42,Regular,19,Cowboy Hat,Western_Apparel,1,34.99,34.99,83.93
580,2024-01-08 13:31:42,Regular,3,Smoky BBQ Sauce,Cowboy_Food,1,4.49,4.49,83.93
580,2024-01-08 13:31:42,Regular,14,Work Gloves,Ranch_Supplies,1,6.99,6.99,83.93
580,2024-01-08 13:31:42,Regular,7,Prairie Honey,Cowboy_Food,1,6.49,6.49,83.93
580,2024-01-08 13:31:42,Regular,11,Lasso Rope,Ranch_Supplies,1,14.99,14.99,83.93
580,2024-01-08 13:31:42,Regular,15,Fence Wire (50ft),Ranch_Supplies,1,12.99,12.99,83.93
580,2024-01-08 13:31:42,Regular,1,Chuckwagon Beans,Cowboy_Food,1,2.99,2.99,83.93
581,2024-01-08 09:08:34,Tourist,9,Dried Apple Slices,Cowboy_Food,1,4.99,4.99,13.98
581,2024-01-08 09:08:34,Tourist,10,Smoked Sausage Links,Cowboy_Food,1,8.99,8.99,13.98
582,2024-01-08 12:00:52,Casual,9,Dried Apple Slices,Cowboy_Food,1,4.99,4.99,29.98
582,2024-01-08 12:00:52,Casual,29,Leather Wallet,Leather_Goods,1,24.99,24.99,29.98
583,2024-01-08 16:52:05,Regular,8,Hardtack Biscuits,Cowboy_Food,1,2.49,2.49,216.43
583,2024-01-08 16:52:05,Regular,30,Leather Journal,Leather_Goods,1,14.99,14.99,216.43
583,2024-01-08 16:52:05,Regular,28,Leather Saddlebag,Leather_Goods,1,59.99,59.99,216.43
583,2024-01-08 16:52:05,Regular,2,Campfire Chili,Cowboy_Food,1,3.99,3.99,216.43
583,2024-01-08 16:52:05,Regular,19,Cowboy Hat,Western_Apparel,1,34.99,34.99,216.43
583,2024-01-08 16:52:05,Regular,13,Saddle Oil,Ranch_Supplies,1,9.99,9.99,216.43
583,2024-01-08 16:52:05,Regular,20,Cowboy Boots,Western_Apparel,1,89.99,89.99,216.43
584,2024-01-08 16:34:38,Tourist,10,Smoked Sausage Links,Cowboy_Food,1,8.99,8.99,8.99
585,2024-01-08 12:58:09,Bulk,18,Branding Iron,Ranch_Supplies,1,24.99,24.99,102.93
585,2024-01-08 12:58:09,Bulk,23,Leather Belt,Western_Apparel,2,19.99,39.98,102.93
585,2024-01-08 12:58:09,Bulk,26,Rodeo Rope,Rodeo_Gear,1,18.99,18.99,102.93
585,2024-01-08 12:58:09,Bulk,6,Campfire Coffee,Cowboy_Food,1,7.99,7.99,102.93
585,2024-01-08 12:58:09,Bulk,3,Smoky BBQ Sauce,Cowboy_Food,1,4.49,4.49,102.93
585,2024-01-08 12:58:09,Bulk,7,Prairie Honey,Cowboy_Food,1,6.49,6.49,102.93
586,2024-01-08 16:07:13,Regular,1,Chuckwagon Beans,Cowboy_Food,1,2.99,2.99,29.97
586,2024-01-08 16:07:13,Regular,23,Leather Belt,Western_Apparel,1,19.99,19.99,29.97
586,2024-01-08 16:07:13,Regular,14,Work Gloves,Ranch_Supplies,1,6.99,6.99,29.97
587,2024-01-08 11:37:11,Regular,16,Hay Bale Twine,Ranch_Supplies,1,5.99,5.99,18.47
587,2024-01-08 11:37:11,Regular,5,Cornbread Mix,Cowboy_Food,1,3.49,3.49,18.47
587,2024-01-08 11:37:11,Regular,10,Smoked Sausage Links,Cowboy_Food,1,8.99,8.99,18.47
588,2024-01-08 12:12:32,Casual,1,Chuckwagon Beans,Cowboy_Food,1,2.99,2.99,11.98
588,2024-01-08 12:12:32,Casual,10,Smoked Sausage Links,Cowboy_Food,1,8.99,8.99,11.98
589,2024-01-08 18:10:37,Regular,1,Chuckwagon Beans,Cowboy_Food,1,2.99,2.99,10.47
589,2024-01-08 18:10:37,Regular,5,Cornbread Mix,Cowboy_Food,1,3.49,3.49,10.47
589,2024-01-08 18:10:37,Regular,2,Campfire Chili,Cowboy_Food,1,3.99,3.99,10.47
590,2024-01-08 14:28:45,Bulk,6,Campfire Coffee,Cowboy_Food,1,7.99,7.99,146.4
590,2024-01-08 14:28:45,Bulk,15,Fence Wire (50ft),Ranch_Supplies,2,12.99,25.98,146.4
590,2024-01-08 14:28:45,Bulk,10,Smoked Sausage Links,Cowboy_Food,1,8.99,8.99,146.4
590,2024-01-08 14:28:45,Bulk,14,Work Gloves,Ranch_Supplies,1,6.99,6.99,146.4
590,2024-01-08 14:28:45,Bulk,22,Flannel Shirt,Western_Apparel,1,29.99,29.99,146.4
590,2024-01-08 14:28:45,Bulk,7,Prairie Honey,Cowboy_Food,1,6.49,6.49,146.4
590,2024-01-08 14:28:45,Bulk,9,Dried Apple Slices,Cowboy_Food,1,4.99,4.99,146.4
590,2024-01-08 14:28:45,Bulk,23,Leather Belt,Western_Apparel,1,19.99,19.99,146.4
590,2024-01-08 14:28:45,Bulk,19,Cowboy Hat,Western_Apparel,1,34.99,34.99,146.4
591,2024-01-08 12:02:26,Casual,11,Lasso Rope,Ranch_Supplies,1,14.99,14.99,127.97
591,2024-01-08 12:02:26,Casual,20,Cowboy Boots,Western_Apparel,1,89.99,89.99,127.97
591,2024-01-08 12:02:26,Casual,25,Riding Spurs,Rodeo_Gear,1,22.99,22.99,127.97
592,2024-01-08 15:14:56,Regular,6,Campfire Coffee,Cowboy_Food,1,7.99,7.99,38.95
592,2024-01-08 15:14:56,Regular,7,Prairie Honey,Cowboy_Food,1,6.49,6.49,38.95
592,2024-01-08 15:14:56,Regular,4,Trail Beef Jerky,Cowboy_Food,1,5.99,5.99,38.95
592,2024-01-08 15:14:56,Regular,11,Lasso Rope,Ranch_Supplies,1,14.99,14.99,38.95
592,2024-01-08 15:14:56,Regular,5,Cornbread Mix,Cowboy_Food,1,3.49,3.49,38.95
593,2024-01-08 14:02:22,Tourist,3,Smoky BBQ Sauce,Cowboy_Food,1,4.49,4.49,272.92
593,2024-01-08 14:02:22,Tourist,29,Leather Wallet,Leather_Goods,1,24.99,24.99,272.92
593,2024-01-08 14:02:22,Tourist,20,Cowboy Boots,Western_Apparel,2,89.99,179.98,272.92
593,2024-01-08 14:02:22,Tourist,22,Flannel Shirt,Western_Apparel,1,29.99,29.99,272.92
593,2024-01-08 14:02:22,Tourist,5,Cornbread Mix,Cowboy_Food,1,3.49,3.49,272.92
593,2024-01-08 14:02:22,Tourist,13,Saddle Oil,Ranch_Supplies,1,9.99,9.99,272.92
593,2024-01-08 14:02:22,Tourist,23,Leather Belt,Western_Apparel,1,19.99,19.99,272.92
594,2024-01-08 16:41:09,Regular,29,Leather Wallet,Leather_Goods,1,24.99,24.99,31.48
594,2024-01-08 16:41:09,Regular,7,Prairie Honey,Cowboy_Food,1,6.49,6.49,31.48
595,2024-01-08 18:20:02,Regular,11,Lasso Rope,Ranch_Supplies,1,14.99,14.99,159.37
595,2024-01-08 18:20:02,Regular,5,Cornbread Mix,Cowboy_Food,2,3.49,6.98,159.37
595,2024-01-08 18:20:02,Regular,8,Hardtack Biscuits,Cowboy_Food,1,2.49,2.49,159.37
595,2024-01-08 18:20:02,Regular,3,Smoky BBQ Sauce,Cowboy_Food,1,4.49,4.49,159.37
595,2024-01-08 18:20:02,Regular,23,Leather Belt,Western_Apparel,2,19.99,39.98,159.37
595,2024-01-08 18:20:02,Regular,16,Hay Bale Twine,Ranch_Supplies,1,5.99,5.99,159.37
595,2024-01-08 18:20:02,Regular,1,Chuckwagon Beans,Cowboy_Food,1,2.99,2.99,159.37
595,2024-01-08 18:20:02,Regular,27,Bull Rope Rosin,Rodeo_Gear,1,7.49,7.49,159.37
595,2024-01-08 18:20:02,Regular,26,Rodeo Rope,Rodeo_Gear,1,18.99,18.99,159.37
595,2024-01-08 18:20:02,Regular,24,Denim Vest,Western_Apparel,1,39.99,39.99,159.37
595,2024-01-08 18:20:02,Regular,30,Leather Journal,Leather_Goods,1,14.99,14.99,159.37
596,2024-01-08 15:55:07,Bulk,25,Riding Spurs,Rodeo_Gear,1,22.99,22.99,301.3
596,2024-01-08 15:55:07,Bulk,23,Leather Belt,Western_Apparel,2,19.99,39.98,301.3
596,2024-01-08 15:55:07,Bulk,27,Bull Rope Rosin,Rodeo_Gear,1,7.49,7.49,301.3
596,2024-01-08 15:55:07,Bulk,11,Lasso Rope,Ranch_Supplies,3,14.99,44.97,301.3
596,2024-01-08 15:55:07,Bulk,19,Cowboy Hat,Western_Apparel,1,34.99,34.99,301.3
596,2024-01-08 15:55:07,Bulk,22,Flannel Shirt,Western_Apparel,1,29.99,29.99,301.3
596,2024-01-08 15:55:07,Bulk,26,Rodeo Rope,Rodeo_Gear,2,18.99,37.98,301.3
596,2024-01-08 15:55:07,Bulk,21,Red Bandana,Western_Apparel,1,4.99,4.99,301.3
596,2024-01-08 15:55:07,Bulk,29,Leather Wallet,Leather_Goods,2,24.99,49.98,301.3
596,2024-01-08 15:55:07,Bulk,5,Cornbread Mix,Cowboy_Food,1,3.49,3.49,301.3
596,2024-01-08 15:55:07,Bulk,2,Campfire Chili,Cowboy_Food,2,3.99,7.98,301.3
596,2024-01-08 15:55:07,Bulk,16,Hay Bale Twine,Ranch_Supplies,2,5.99,11.98,301.3
596,2024-01-08 15:55:07,Bulk,3,Smoky BBQ Sauce,Cowboy_Food,1,4.49,4.49,301.3
597,2024-01-08 15:55:26,Bulk,18,Branding Iron,Ranch_Supplies,1,24.99,24.99,129.43
597,2024-01-08 15:55:26,Bulk,24,Denim Vest,Western_Apparel,1,39.99,39.99,129.43
597,2024-01-08 15:55:26,Bulk,17,Stock Tank Float,Ranch_Supplies,1,8.49,8.49,129.43
597,2024-01-08 15:55:26,Bulk,23,Leather Belt,Western_Apparel,1,19.99,19.99,129.43
597,2024-01-08 15:55:26,Bulk,30,Leather Journal,Leather_Goods,1,14.99,14.99,129.43
597,2024-01-08 15:55:26,Bulk,11,Lasso Rope,Ranch_Supplies,1,14.99,14.99,129.43
597,2024-01-08 15:55:26,Bulk,4,Trail Beef Jerky,Cowboy_Food,1,5.99,5.99,129.43
598,2024-01-08 13:35:24,Regular,5,Cornbread Mix,Cowboy_Food,1,3.49,3.49,57.95
598,2024-01-08 13:35:24,Regular,6,Campfire Coffee,Cowboy_Food,1,7.99,7.99,57.95
598,2024-01-08 13:35:24,Regular,11,Lasso Rope,Ranch_Supplies,1,14.99,14.99,57.95
598,2024-01-08 13:35:24,Regular,25,Riding Spurs,Rodeo_Gear,1,22.99,22.99,57.95
598,2024-01-08 13:35:24,Regular,17,Stock Tank Float,Ranch_Supplies,1,8.49,8.49,57.95
599,2024-01-08 15:46:51,Bulk,11,Lasso Rope,Ranch_Supplies,1,14.99,14.99,97.94
599,2024-01-08 15:46:51,Bulk,19,Cowboy Hat,Western_Apparel,1,34.99,34.99,97.94
599,2024-01-08 15:46:51,Bulk,16,Hay Bale Twine,Ranch_Supplies,1,5.99,5.99,97.94
599,2024-01-08 15:46:51,Bulk,26,Rodeo Rope,Rodeo_Gear,1,18.99,18.99,97.94
599,2024-01-08 15:46:51,Bulk,1,Chuckwagon Beans,Cowboy_Food,1,2.99,2.99,97.94
599,2024-01-08 15:46:51,Bulk,23,Leather Belt,Western_Apparel,1,19.99,19.99,97.94
600,2024-01-08 12:49:07,Tourist,1,Chuckwagon Beans,Cowboy_Food,2,2.99,5.98,67.93
600,2024-01-08 12:49:07,Tourist,14,Work Gloves,Ranch_Supplies,1,6.99,6.99,67.93
600,2024-01-08 12:49:07,Tourist,4,Trail Beef Jerky,Cowboy_Food,1,5.99,5.99,67.93
600,2024-01-08 12:49:07,Tourist,2,Campfire Chili,Cowboy_Food,1,3.99,3.99,67.93
600,2024-01-08 12:49:07,Tourist,18,Branding Iron,Ranch_Supplies,1,24.99,24.99,67.93
600,2024-01-08 12:49:07,Tourist,23,Leather Belt,Western_Apparel,1,19.99,19.99,67.93
601,2024-01-08 09:04:15,Casual,6,Campfire Coffee,Cowboy_Food,1,7.99,7.99,21.46
601,2024-01-08 09:04:15,Casual,8,Hardtack Biscuits,Cowboy_Food,1,2.49,2.49,21.46
601,2024-01-08 09:04:15,Casual,9,Dried Apple Slices,Cowboy_Food,1,4.99,4.99,21.46
601,2024-01-08 09:04:15,Casual,4,Trail Beef Jerky,Cowboy_Food,1,5.99,5.99,21.46
602,2024-01-08 17:29:58,Casual,11,Lasso Rope,Ranch_Supplies,1,14.99,14.99,82.96
602,2024-01-08 17:29:58,Casual,24,Denim Vest,Western_Apparel,1,39.99,39.99,82.96
602,2024-01-08 17:29:58,Casual,12,Horse Feed Sack,Ranch_Supplies,1,19.99,19.99,82.96
602,2024-01-08 17:29:58,Casual,6,Campfire Coffee,Cowboy_Food,1,7.99,7.99,82.96
603,2024-01-08 14:40:01,Regular,7,Prairie Honey,Cowboy_Food,1,6.49,6.49,27.47
603,2024-01-08 14:40:01,Regular,15,Fence Wire (50ft),Ranch_Supplies,1,12.99,12.99,27.47
603,2024-01-08 14:40:01,Regular,6,Campfire Coffee,Cowboy_Food,1,7.99,7.99,27.47
604,2024-01-08 15:16:25,Regular,10,Smoked Sausage Links,Cowboy_Food,1,8.99,8.99,38.97
604,2024-01-08 15:16:25,Regular,12,Horse Feed Sack,Ranch_Supplies,1,19.99,19.99,38.97
604,2024-01-08 15:16:25,Regular,13,Saddle Oil,Ranch_Supplies,1,9.99,9.99,38.97
605,2024-01-08 10:39:11,Bulk,18,Branding Iron,Ranch_Supplies,1,24.99,24.99,368.84
605,2024-01-08 10:39:11,Bulk,8,Hardtack Biscuits,Cowboy_Food,1,2.49,2.49,368.84
605,2024-01-08 10:39:11,Bulk,4,Trail Beef Jerky,Cowboy_Food,2,5.99,11.98,368.84
605,2024-01-08 10:39:11,Bulk,29,Leather Wallet,Leather_Goods,2,24.99,49.98,368.84
605,2024-01-08 10:39:11,Bulk,24,Denim Vest,Western_Apparel,1,39.99,39.99,368.84
605,2024-01-08 10:39:11,Bulk,6,Campfire Coffee,Cowboy_Food,1,7.99,7.99,368.84
605,2024-01-08 10:39:11,Bulk,1,Chuckwagon Beans,Cowboy_Food,1,2.99,2.99,368.84
605,2024-01-08 10:39:11,Bulk,12,Horse Feed Sack,Ranch_Supplies,1,19.99,19.99,368.84
605,2024-01-08 10:39:11,Bulk,28,Leather Saddlebag,Leather_Goods,1,59.99,59.99,368.84
605,2024-01-08 10:39:11,Bulk,3,Smoky BBQ Sauce,Cowboy_Food,1,4.49,4.49,368.84
605,2024-01-08 10:39:11,Bulk,2,Campfire Chili,Cowboy_Food,1,3.99,3.99,368.84
605,2024-01-08 10:39:11,Bulk,22,Flannel Shirt,Western_Apparel,1,29.99,29.99,368.84
605,2024-01-08 10:39:11,Bulk,23,Leather Belt,Western_Apparel,1,19.99,19.99,368.84
605,2024-01-08 10:39:11,Bulk,20,Cowboy Boots,Western_Apparel,1,89.99,89.99,368.84
606,2024-01-09 12:31:32,Regular,16,Hay Bale Twine,Ranch_Supplies,1,5.99,5.99,164.92
606,2024-01-09 12:31:32,Regular,19,Cowboy Hat,Western_Apparel,1,34.99,34.99,164.92
606,2024-01-09 12:31:32,Regular,25,Riding Spurs,Rodeo_Gear,2,22.99,45.98,164.92
606,2024-01-09 12:31:32,Regular,18,Branding Iron,Ranch_Supplies,1,24.99,24.99,164.92
606,2024-01-09 12:31:32,Regular,29,Leather Wallet,Leather_Goods,1,24.99,24.99,164.92
606,2024-01-09 12:31:32,Regular,26,Rodeo Rope,Rodeo_Gear,1,18.99,18.99,164.92
606,2024-01-09 12:31:32,Regular,10,Smoked Sausage Links,Cowboy_Food,1,8.99,8.99,164.92
607,2024-01-09 15:20:03,Regular,1,Chuckwagon Beans,Cowboy_Food,1,2.99,2.99,165.93
607,2024-01-09 15:20:03,Regular,20,Cowboy Boots,Western_Apparel,1,89.99,89.99,165.93
607,2024-01-09 15:20:03,Regular,14,Work Gloves,Ranch_Supplies,1,6.99,6.99,165.93
607,2024-01-09 15:20:03,Regular,19,Cowboy Hat,Western_Apparel,1,34.99,34.99,165.93
607,2024-01-09 15:20:03,Regular,9,Dried Apple Slices,Cowboy_Food,1,4.99,4.99,165.93
607,2024-01-09 15:20:03,Regular,4,Trail Beef Jerky,Cowboy_Food,1,5.99,5.99,165.93
607,2024-01-09 15:20:03,Regular,12,Horse Feed Sack,Ranch_Supplies,1,19.99,19.99,165.93
608,2024-01-09 12:57:17,Regular,10,Smoked Sausage Links,Cowboy_Food,3,8.99,26.97,44.45
608,2024-01-09 12:57:17,Regular,3,Smoky BBQ Sauce,Cowboy_Food,1,4.49,4.49,44.45
608,2024-01-09 12:57:17,Regular,15,Fence Wire (50ft),Ranch_Supplies,1,12.99,12.99,44.45
609,2024-01-09 18:26:13,Regular,26,Rodeo Rope,Rodeo_Gear,1,18.99,18.99,164.44
609,2024-01-09 18:26:13,Regular,20,Cowboy Boots,Western_Apparel,1,89.99,89.99,164.44
609,2024-01-09 18:26:13,Regular,17,Stock Tank Float,Ranch_Supplies,1,8.49,8.49,164.44
609,2024-01-09 18:26:13,Regular,14,Work Gloves,Ranch_Supplies,1,6.99,6.99,164.44
609,2024-01-09 18:26:13,Regular,11,Lasso Rope,Ranch_Supplies,1,14.99,14.99,164.44
609,2024-01-09 18:26:13,Regular,18,Branding Iron,Ranch_Supplies,1,24.99,24.99,164.44
610,2024-01-09 15:07:58,Tourist,20,Cowboy Boots,Western_Apparel,1,89.99,89.99,89.99
611,2024-01-09 13:44:09,Regular,12,Horse Feed Sack,Ranch_Supplies,1,19.99,19.99,99.44
611,2024-01-09 13:44:09,Regular,3,Smoky BBQ Sauce,Cowboy_Food,1,4.49,4.49,99.44
611,2024-01-09 13:44:09,Regular,11,Lasso Rope,Ranch_Supplies,1,14.99,14.99,99.44
611,2024-01-09 13:44:09,Regular,30,Leather Journal,Leather_Goods,2,14.99,29.98,99.44
611,2024-01-09 13:44:09,Regular,22,Flannel Shirt,Western_Apparel,1,29.99,29.99,99.44
612,2024-01-09 16:23:50,Regular,15,Fence Wire (50ft),Ranch_Supplies,1,12.99,12.99,32.46
612,2024-01-09 16:23:50,Regular,7,Prairie Honey,Cowboy_Food,1,6.49,6.49,32.46
612,2024-01-09 16:23:50,Regular,14,Work Gloves,Ranch_Supplies,1,6.99,6.99,32.46
612,2024-01-09 16:23:50,Regular,4,Trail Beef Jerky,Cowboy_Food,1,5.99,5.99,32.46
613,2024-01-09 16:15:13,Bulk,11,Lasso Rope,Ranch_Supplies,2,14.99,29.98,136.41
613,2024-01-09 16:15:13,Bulk,6,Campfire Coffee,Cowboy_Food,1,7.99,7.99,136.41
613,2024-01-09 16:15:13,Bulk,22,Flannel Shirt,Western_Apparel,2,29.99,59.98,136.41
613,2024-01-09 16:15:13,Bulk,29,Leather Wallet,Leather_Goods,1,24.99,24.99,136.41
613,2024-01-09 16:15:13,Bulk,4,Trail Beef Jerky,Cowboy_Food,1,5.99,5.99,136.41
613,2024-01-09 16:15:13,Bulk,3,Smoky BBQ Sauce,Cowboy_Food,1,4.49,4.49,136.41
613,2024-01-09 16:15:13,Bulk,1,Chuckwagon Beans,Cowboy_Food,1,2.99,2.99,136.41
614,2024-01-09 09:09:39,Tourist,24,Denim Vest,Western_Apparel,1,39.99,39.99,133.93
614,2024-01-09 09:09:39,Tourist,30,Leather Journal,Leather_Goods,1,14.99,14.99,133.93
614,2024-01-09 09:09:39,Tourist,23,Leather Belt,Western_Apparel,3,19.99,59.97,133.93
614,2024-01-09 09:09:39,Tourist,11,Lasso Rope,Ranch_Supplies,1,14.99,14.99,133.93
614,2024-01-09 09:09:39,Tourist,2,Campfire Chili,Cowboy_Food,1,3.99,3.99,133.93
615,2024-01-09 16:05:05,Casual,10,Smoked Sausage Links,Cowboy_Food,1,8.99,8.99,98.98
615,2024-01-09 16:05:05,Casual,20,Cowboy Boots,Western_Apparel,1,89.99,89.99,98.98
616,2024-01-09 12:01:23,Casual,7,Prairie Honey,Cowboy_Food,1,6.49,6.49,23.97
616,2024-01-09 12:01:23,Casual,10,Smoked Sausage Links,Cowboy_Food,1,8.99,8.99,23.97
616,2024-01-09 12:01:23,Casual,17,Stock Tank Float,Ranch_Supplies,1,8.49,8.49,23.97
617,2024-01-09 13:48:37,Tourist,15,Fence Wire (50ft),Ranch_Supplies,1,12.99,12.99,102.92
617,2024-01-09 13:48:37,Tourist,27,Bull Rope Rosin,Rodeo_Gear,1,7.49,7.49,102.92
617,2024-01-09 13:48:37,Tourist,11,Lasso Rope,Ranch_Supplies,1,14.99,14.99,102.92
617,2024-01-09 13:48:37,Tourist,12,Horse Feed Sack,Ranch_Supplies,1,19.99,19.99,102.92
617,2024-01-09 13:48:37,Tourist,30,Leather Journal,Leather_Goods,1,14.99,14.99,102.92
617,2024-01-09 13:48:37,Tourist,3,Smoky BBQ Sauce,Cowboy_Food,1,4.49,4.49,102.92
617,2024-01-09 13:48:37,Tourist,21,Red Bandana,Western_Apparel,1,4.99,4.99,102.92
617,2024-01-09 13:48:37,Tourist,25,Riding Spurs,Rodeo_Gear,1,22.99,22.99,102.92
618,2024-01-09 16:33:42,Bulk,25,Riding Spurs,Rodeo_Gear,1,22.99,22.99,156.9
618,2024-01-09 16:33:42,Bulk,2,Campfire Chili,Cowboy_Food,1,3.99,3.99,156.9
618,2024-01-09 16:33:42,Bulk,9,Dried Apple Slices,Cowboy_Food,1,4.99,4.99,156.9
618,2024-01-09 16:33:42,Bulk,28,Leather Saddlebag,Leather_Goods,1,59.99,59.99,156.9
618,2024-01-09 16:33:42,Bulk,29,Leather Wallet,Leather_Goods,1,24.99,24.99,156.9
618,2024-01-09 16:33:42,Bulk,30,Leather Journal,Leather_Goods,1,14.99,14.99,156.9
618,2024-01-09 16:33:42,Bulk,13,Saddle Oil,Ranch_Supplies,1,9.99,9.99,156.9
618,2024-01-09 16:33:42,Bulk,5,Cornbread Mix,Cowboy_Food,1,3.49,3.49,156.9
618,2024-01-09 16:33:42,Bulk,14,Work Gloves,Ranch_Supplies,1,6.99,6.99,156.9
618,2024-01-09 16:33:42,Bulk,3,Smoky BBQ Sauce,Cowboy_Food,1,4.49,4.49,156.9
619,2024-01-09 15:43:52,Tourist,4,Trail Beef Jerky,Cowboy_Food,1,5.99,5.99,124.94
619,2024-01-09 15:43:52,Tourist,11,Lasso Rope,Ranch_Supplies,1,14.99,14.99,124.94
619,2024-01-09 15:43:52,Tourist,3,Smoky BBQ Sauce,Cowboy_Food,2,4.49,8.98,124.94
619,2024-01-09 15:43:52,Tourist,28,Leather Saddlebag,Leather_Goods,1,59.99,59.99,124.94
619,2024-01-09 15:43:52,Tourist,19,Cowboy Hat,Western_Apparel,1,34.99,34.99,124.94
620,2024-01-09 13:40:48,Regular,13,Saddle Oil,Ranch_Supplies,1,9.99,9.99,92.97
620,2024-01-09 13:40:48,Regular,25,Riding Spurs,Rodeo_Gear,1,22.99,22.99,92.97
620,2024-01-09 13:40:48,Regular,28,Leather Saddlebag,Leather_Goods,1,59.99,59.99,92.97
621,2024-01-09 11:24:31,Casual,16,Hay Bale Twine,Ranch_Supplies,1,5.99,5.99,5.99
622,2024-01-09 15:22:18,Casual,23,Leather Belt,Western_Apparel,1,19.99,19.99,56.96
622,2024-01-09 15:22:18,Casual,3,Smoky BBQ Sauce,Cowboy_Food,1,4.49,4.49,56.96
622,2024-01-09 15:22:18,Casual,22,Flannel Shirt,Western_Apparel,1,29.99,29.99,56.96
622,2024-01-09 15:22:18,Casual,8,Hardtack Biscuits,Cowboy_Food,1,2.49,2.49,56.96
623,2024-01-09 12:49:15,Tourist,2,Campfire Chili,Cowboy_Food,2,3.99,7.98,67.96
623,2024-01-09 12:49:15,Tourist,18,Branding Iron,Ranch_Supplies,1,24.99,24.99,67.96
623,2024-01-09 12:49:15,Tourist,19,Cowboy Hat,Western_Apparel,1,34.99,34.99,67.96
624,2024-01-09 17:50:59,Regular,2,Campfire Chili,Cowboy_Food,1,3.99,3.99,76.94
624,2024-01-09 17:50:59,Regular,1,Chuckwagon Beans,Cowboy_Food,1,2.99,2.99,76.94
624,2024-01-09 17:50:59,Regular,25,Riding Spurs,Rodeo_Gear,1,22.99,22.99,76.94
624,2024-01-09 17:50:59,Regular,5,Cornbread Mix,Cowboy_Food,1,3.49,3.49,76.94
624,2024-01-09 17:50:59,Regular,19,Cowboy Hat,Western_Apparel,1,34.99,34.99,76.94
624,2024-01-09 17:50:59,Regular,17,Stock Tank Float,Ranch_Supplies,1,8.49,8.49,76.94
625,2024-01-09 15:34:36,Casual,23,Leather Belt,Western_Apparel,1,19.99,19.99,26.98
625,2024-01-09 15:34:36,Casual,14,Work Gloves,Ranch_Supplies,1,6.99,6.99,26.98
626,2024-01-09 17:29:54,Regular,18,Branding Iron,Ranch_Supplies,1,24.99,24.99,41.46
626,2024-01-09 17:29:54,Regular,2,Campfire Chili,Cowboy_Food,1,3.99,3.99,41.46
626,2024-01-09 17:29:54,Regular,8,Hardtack Biscuits,Cowboy_Food,1,2.49,2.49,41.46
626,2024-01-09 17:29:54,Regular,13,Saddle Oil,Ranch_Supplies,1,9.99,9.99,41.46
627,2024-01-09 14:05:26,Bulk,9,Dried Apple Slices,Cowboy_Food,1,4.99,4.99,249.86
627,2024-01-09 14:05:26,Bulk,4,Trail Beef Jerky,Cowboy_Food,1,5.99,5.99,249.86
627,2024-01-09 14:05:26,Bulk,13,Saddle Oil,Ranch_Supplies,1,9.99,9.99,249.86
627,2024-01-09 14:05:26,Bulk,12,Horse Feed Sack,Ranch_Supplies,1,19.99,19.99,249.86
627,2024-01-09 14:05:26,Bulk,14,Work Gloves,Ranch_Supplies,3,6.99,20.97,249.86
627,2024-01-09 14:05:26,Bulk,28,Leather Saddlebag,Leather_Goods,1,59.99,59.99,249.86
627,2024-01-09 14:05:26,Bulk,26,Rodeo Rope,Rodeo_Gear,1,18.99,18.99,249.86
627,2024-01-09 14:05:26,Bulk,24,Denim Vest,Western_Apparel,1,39.99,39.99,249.86
627,2024-01-09 14:05:26,Bulk,6,Campfire Coffee,Cowboy_Food,1,7.99,7.99,249.86
627,2024-01-09 14:05:26,Bulk,1,Chuckwagon Beans,Cowboy_Food,1,2.99,2.99,249.86
627,2024-01-09 14:05:26,Bulk,19,Cowboy Hat,Western_Apparel,1,34.99,34.99,249.86
627,2024-01-09 14:05:26,Bulk,25,Riding Spurs,Rodeo_Gear,1,22.99,22.99,249.86
628,2024-01-09 17:14:29,Regular,15,Fence Wire (50ft),Ranch_Supplies,1,12.99,12.99,104.42
628,2024-01-09 17:14:29,Regular,13,Saddle Oil,Ranch_Supplies,1,9.99,9.99,104.42
628,2024-01-09 17:14:29,Regular,21,Red Bandana,Western_Apparel,2,4.99,9.98,104.42
628,2024-01-09 17:14:29,Regular,18,Branding Iron,Ranch_Supplies,1,24.99,24.99,104.42
628,2024-01-09 17:14:29,Regular,14,Work Gloves,Ranch_Supplies,1,6.99,6.99,104.42
628,2024-01-09 17:14:29,Regular,3,Smoky BBQ Sauce,Cowboy_Food,1,4.49,4.49,104.42
628,2024-01-09 17:14:29,Regular,19,Cowboy Hat,Western_Apparel,1,34.99,34.99,104.42
629,2024-01-09 10:21:49,Bulk,22,Flannel Shirt,Western_Apparel,1,29.99,29.99,64.95
629,2024-01-09 10:21:49,Bulk,15,Fence Wire (50ft),Ranch_Supplies,1,12.99,12.99,64.95
629,2024-01-09 10:21:49,Bulk,30,Leather Journal,Leather_Goods,1,14.99,14.99,64.95
629,2024-01-09 10:21:49,Bulk,2,Campfire Chili,Cowboy_Food,1,3.99,3.99,64.95
629,2024-01-09 10:21:49,Bulk,1,Chuckwagon Beans,Cowboy_Food,1,2.99,2.99,64.95
630,2024-01-09 12:33:43,Bulk,14,Work Gloves,Ranch_Supplies,1,6.99,6.99,64.94
630,2024-01-09 12:33:43,Bulk,5,Cornbread Mix,Cowboy_Food,1,3.49,3.49,64.94
630,2024-01-09 12:33:43,Bulk,17,Stock Tank Float,Ranch_Supplies,1,8.49,8.49,64.94
630,2024-01-09 12:33:43,Bulk,13,Saddle Oil,Ranch_Supplies,1,9.99,9.99,64.94
630,2024-01-09 12:33:43,Bulk,22,Flannel Shirt,Western_Apparel,1,29.99,29.99,64.94
630,2024-01-09 12:33:43,Bulk,16,Hay Bale Twine,Ranch_Supplies,1,5.99,5.99,64.94
631,2024-01-09 10:36:12,Regular,29,Leather Wallet,Leather_Goods,1,24.99,24.99,32.47
631,2024-01-09 10:36:12,Regular,21,Red Bandana,Western_Apparel,1,4.99,4.99,32.47
631,2024-01-09 10:36:12,Regular,8,Hardtack Biscuits,Cowboy_Food,1,2.49,2.49,32.47
632,2024-01-09 09:59:31,Regular,10,Smoked Sausage Links,Cowboy_Food,1,8.99,8.99,40.47
632,2024-01-09 09:59:31,Regular,29,Leather Wallet,Leather_Goods,1,24.99,24.99,40.47
632,2024-01-09 09:59:31,Regular,7,Prairie Honey,Cowboy_Food,1,6.49,6.49,40.47
633,2024-01-09 17:53:12,Regular,17,Stock Tank Float,Ranch_Supplies,1,8.49,8.49,45.46
633,2024-01-09 17:53:12,Regular,30,Leather Journal,Leather_Goods,1,14.99,14.99,45.46
633,2024-01-09 17:53:12,Regular,26,Rodeo Rope,Rodeo_Gear,1,18.99,18.99,45.46
633,2024-01-09 17:53:12,Regular,1,Chuckwagon Beans,Cowboy_Food,1,2.99,2.99,45.46
634,2024-01-09 16:37:45,Bulk,1,Chuckwagon Beans,Cowboy_Food,1,2.99,2.99,77.42
634,2024-01-09 16:37:45,Bulk,3,Smoky BBQ Sauce,Cowboy_Food,1,4.49,4.49,77.42
634,2024-01-09 16:37:45,Bulk,10,Smoked Sausage Links,Cowboy_Food,1,8.99,8.99,77.42
634,2024-01-09 16:37:45,Bulk,30,Leather Journal,Leather_Goods,1,14.99,14.99,77.42
634,2024-01-09 16:37:45,Bulk,16,Hay Bale Twine,Ranch_Supplies,1,5.99,5.99,77.42
634,2024-01-09 16:37:45,Bulk,22,Flannel Shirt,Western_Apparel,1,29.99,29.99,77.42
634,2024-01-09 16:37:45,Bulk,9,Dried Apple Slices,Cowboy_Food,1,4.99,4.99,77.42
634,2024-01-09 16:37:45,Bulk,21,Red Bandana,Western_Apparel,1,4.99,4.99,77.42
635,2024-01-09 16:07:01,Bulk,19,Cowboy Hat,Western_Apparel,4,34.99,139.96,385.8
635,2024-01-09 16:07:01,Bulk,14,Work Gloves,Ranch_Supplies,1,6.99,6.99,385.8
635,2024-01-09 16:07:01,Bulk,29,Leather Wallet,Leather_Goods,2,24.99,49.98,385.8
635,2024-01-09 16:07:01,Bulk,27,Bull Rope Rosin,Rodeo_Gear,1,7.49,7.49,385.8
635,2024-01-09 16:07:01,Bulk,11,Lasso Rope,Ranch_Supplies,1,14.99,14.99,385.8
635,2024-01-09 16:07:01,Bulk,26,Rodeo Rope,Rodeo_Gear,1,18.99,18.99,385.8
635,2024-01-09 16:07:01,Bulk,17,Stock Tank Float,Ranch_Supplies,2,8.49,16.98,385.8
635,2024-01-09 16:07:01,Bulk,2,Campfire Chili,Cowboy_Food,2,3.99,7.98,385.8
635,2024-01-09 16:07:01,Bulk,4,Trail Beef Jerky,Cowboy_Food,1,5.99,5.99,385.8
635,2024-01-09 16:07:01,Bulk,3,Smoky BBQ Sauce,Cowboy_Food,1,4.49,4.49,385.8
635,2024-01-09 16:07:01,Bulk,30,Leather Journal,Leather_Goods,1,14.99,14.99,385.8
635,2024-01-09 16:07:01,Bulk,5,Cornbread Mix,Cowboy_Food,2,3.49,6.98,385.8
635,2024-01-09 16:07:01,Bulk,20,Cowboy Boots,Western_Apparel,1,89.99,89.99,385.8
636,2024-01-09 15:33:49,Casual,17,Stock Tank Float,Ranch_Supplies,1,8.49,8.49,28.48
636,2024-01-09 15:33:49,Casual,12,Horse Feed Sack,Ranch_Supplies,1,19.99,19.99,28.48
637,2024-01-09 15:48:55,Regular,4,Trail Beef Jerky,Cowboy_Food,1,5.99,5.99,110.95
637,2024-01-09 15:48:55,Regular,28,Leather Saddlebag,Leather_Goods,1,59.99,59.99,110.95
637,2024-01-09 15:48:55,Regular,19,Cowboy Hat,Western_Apparel,1,34.99,34.99,110.95
637,2024-01-09 15:48:55,Regular,1,Chuckwagon Beans,Cowboy_Food,1,2.99,2.99,110.95
637,2024-01-09 15:48:55,Regular,14,Work Gloves,Ranch_Supplies,1,6.99,6.99,110.95
638,2024-01-09 16:11:01,Casual,24,Denim Vest,Western_Apparel,1,39.99,39.99,46.48
638,2024-01-09 16:11:01,Casual,7,Prairie Honey,Cowboy_Food,1,6.49,6.49,46.48
639,2024-01-09 17:14:37,Bulk,28,Leather Saddlebag,Leather_Goods,2,59.99,119.98,516.8
639,2024-01-09 17:14:37,Bulk,10,Smoked Sausage Links,Cowboy_Food,1,8.99,8.99,516.8
639,2024-01-09 17:14:37,Bulk,25,Riding Spurs,Rodeo_Gear,1,22.99,22.99,516.8
639,2024-01-09 17:14:37,Bulk,6,Campfire Coffee,Cowboy_Food,1,7.99,7.99,516.8
639,2024-01-09 17:14:37,Bulk,21,Red Bandana,Western_Apparel,1,4.99,4.99,516.8
639,2024-01-09 17:14:37,Bulk,3,Smoky BBQ Sauce,Cowboy_Food,3,4.49,13.47,516.8
639,2024-01-09 17:14:37,Bulk,30,Leather Journal,Leather_Goods,1,14.99,14.99,516.8
639,2024-01-09 17:14:37,Bulk,29,Leather Wallet,Leather_Goods,1,24.99,24.99,516.8
639,2024-01-09 17:14:37,Bulk,12,Horse Feed Sack,Ranch_Supplies,1,19.99,19.99,516.8
639,2024-01-09 17:14:37,Bulk,15,Fence Wire (50ft),Ranch_Supplies,2,12.99,25.98,516.8
639,2024-01-09 17:14:37,Bulk,18,Branding Iron,Ranch_Supplies,1,24.99,24.99,516.8
639,2024-01-09 17:14:37,Bulk,7,Prairie Honey,Cowboy_Food,1,6.49,6.49,516.8
639,2024-01-09 17:14:37,Bulk,20,Cowboy Boots,Western_Apparel,2,89.99,179.98,516.8
639,2024-01-09 17:14:37,Bulk,4,Trail Beef Jerky,Cowboy_Food,1,5.99,5.99,516.8
639,2024-01-09 17:14:37,Bulk,19,Cowboy Hat,Western_Apparel,1,34.99,34.99,516.8
640,2024-01-09 15:57:04,Regular,4,Trail Beef Jerky,Cowboy_Food,1,5.99,5.99,85.95
640,2024-01-09 15:57:04,Regular,2,Campfire Chili,Cowboy_Food,1,3.99,3.99,85.95
640,2024-01-09 15:57:04,Regular,19,Cowboy Hat,Western_Apparel,2,34.99,69.98,85.95
640,2024-01-09 15:57:04,Regular,16,Hay Bale Twine,Ranch_Supplies,1,5.99,5.99,85.95
641,2024-01-09 16:47:21,Regular,16,Hay Bale Twine,Ranch_Supplies,1,5.99,5.99,119.43
641,2024-01-09 16:47:21,Regular,4,Trail Beef Jerky,Cowboy_Food,1,5.99,5.99,119.43
641,2024-01-09 16:47:21,Regular,20,Cowboy Boots,Western_Apparel,1,89.99,89.99,119.43
641,2024-01-09 16:47:21,Regular,3,Smoky BBQ Sauce,Cowboy_Food,1,4.49,4.49,119.43
641,2024-01-09 16:47:21,Regular,2,Campfire Chili,Cowboy_Food,2,3.99,7.98,119.43
641,2024-01-09 16:47:21,Regular,21,Red Bandana,Western_Apparel,1,4.99,4.99,119.43
642,2024-01-09 12:22:20,Regular,28,Leather Saddlebag,Leather_Goods,1,59.99,59.99,139.42
642,2024-01-09 12:22:20,Regular,19,Cowboy Hat,Western_Apparel,1,34.99,34.99,139.42
642,2024-01-09 12:22:20,Regular,14,Work Gloves,Ranch_Supplies,2,6.99,13.98,139.42
642,2024-01-09 12:22:20,Regular,5,Cornbread Mix,Cowboy_Food,1,3.49,3.49,139.42
642,2024-01-09 12:22:20,Regular,10,Smoked Sausage Links,Cowboy_Food,1,8.99,8.99,139.42
642,2024-01-09 12:22:20,Regular,21,Red Bandana,Western_Apparel,1,4.99,4.99,139.42
642,2024-01-09 12:22:20,Regular,15,Fence Wire (50ft),Ranch_Supplies,1,12.99,12.99,139.42
643,2024-01-09 18:32:31,Regular,15,Fence Wire (50ft),Ranch_Supplies,1,12.99,12.99,151.95
643,2024-01-09 18:32:31,Regular,30,Leather Journal,Leather_Goods,1,14.99,14.99,151.95
643,2024-01-09 18:32:31,Regular,10,Smoked Sausage Links,Cowboy_Food,1,8.99,8.99,151.95
643,2024-01-09 18:32:31,Regular,29,Leather Wallet,Leather_Goods,1,24.99,24.99,151.95
643,2024-01-09 18:32:31,Regular,20,Cowboy Boots,Western_Apparel,1,89.99,89.99,151.95
644,2024-01-09 09:59:55,Regular,1,Chuckwagon Beans,Cowboy_Food,1,2.99,2.99,6.98
644,2024-01-09 09:59:55,Regular,2,Campfire Chili,Cowboy_Food,1,3.99,3.99,6.98
645,2024-01-09 14:01:27,Regular,29,Leather Wallet,Leather_Goods,1,24.99,24.99,54.98
645,2024-01-09 14:01:27,Regular,22,Flannel Shirt,Western_Apparel,1,29.99,29.99,54.98
646,2024-01-09 17:36:23,Regular,23,Leather Belt,Western_Apparel,1,19.99,19.99,57.96
646,2024-01-09 17:36:23,Regular,29,Leather Wallet,Leather_Goods,1,24.99,24.99,57.96
646,2024-01-09 17:36:23,Regular,6,Campfire Coffee,Cowboy_Food,1,7.99,7.99,57.96
646,2024-01-09 17:36:23,Regular,9,Dried Apple Slices,Cowboy_Food,1,4.99,4.99,57.96
647,2024-01-09 11:30:05,Regular,27,Bull Rope Rosin,Rodeo_Gear,1,7.49,7.49,68.94
647,2024-01-09 11:30:05,Regular,3,Smoky BBQ Sauce,Cowboy_Food,1,4.49,4.49,68.94
647,2024-01-09 11:30:05,Regular,25,Riding Spurs,Rodeo_Gear,1,22.99,22.99,68.94
647,2024-01-09 11:30:05,Regular,14,Work Gloves,Ranch_Supplies,2,6.99,13.98,68.94
647,2024-01-09 11:30:05,Regular,12,Horse Feed Sack,Ranch_Supplies,1,19.99,19.99,68.94
648,2024-01-09 11:11:53,Regular,20,Cowboy Boots,Western_Apparel,1,89.99,89.99,152.97
648,2024-01-09 11:11:53,Regular,25,Riding Spurs,Rodeo_Gear,1,22.99,22.99,152.97
648,2024-01-09 11:11:53,Regular,24,Denim Vest,Western_Apparel,1,39.99,39.99,152.97
649,2024-01-09 13:36:18,Casual,25,Riding Spurs,Rodeo_Gear,1,22.99,22.99,96.95
649,2024-01-09 13:36:18,Casual,2,Campfire Chili,Cowboy_Food,1,3.99,3.99,96.95
649,2024-01-09 13:36:18,Casual,22,Flannel Shirt,Western_Apparel,1,29.99,29.99,96.95
649,2024-01-09 13:36:18,Casual,29,Leather Wallet,Leather_Goods,1,24.99,24.99,96.95
649,2024-01-09 13:36:18,Casual,30,Leather Journal,Leather_Goods,1,14.99,14.99,96.95
650,2024-01-09 14:39:27,Bulk,29,Leather Wallet,Leather_Goods,1,24.99,24.99,140.38
650,2024-01-09 14:39:27,Bulk,8,Hardtack Biscuits,Cowboy_Food,1,2.49,2.49,140.38
650,2024-01-09 14:39:27,Bulk,4,Trail Beef Jerky,Cowboy_Food,2,5.99,11.98,140.38
650,2024-01-09 14:39:27,Bulk,1,Chuckwagon Beans,Cowboy_Food,1,2.99,2.99,140.38
650,2024-01-09 14:39:27,Bulk,25,Riding Spurs,Rodeo_Gear,2,22.99,45.98,140.38
650,2024-01-09 14:39:27,Bulk,3,Smoky BBQ Sauce,Cowboy_Food,1,4.49,4.49,140.38
650,2024-01-09 14:39:27,Bulk,13,Saddle Oil,Ranch_Supplies,1,9.99,9.99,140.38
650,2024-01-09 14:39:27,Bulk,5,Cornbread Mix,Cowboy_Food,1,3.49,3.49,140.38
650,2024-01-09 14:39:27,Bulk,22,Flannel Shirt,Western_Apparel,1,29.99,29.99,140.38
650,2024-01-09 14:39:27,Bulk,2,Campfire Chili,Cowboy_Food,1,3.99,3.99,140.38
651,2024-01-09 18:01:05,Regular,6,Campfire Coffee,Cowboy_Food,1,7.99,7.99,16.47
651,2024-01-09 18:01:05,Regular,2,Campfire Chili,Cowboy_Food,1,3.99,3.99,16.47
651,2024-01-09 18:01:05,Regular,3,Smoky BBQ Sauce,Cowboy_Food,1,4.49,4.49,16.47
652,2024-01-09 17:17:17,Bulk,22,Flannel Shirt,Western_Apparel,1,29.99,29.99,249.39
652,2024-01-09 17:17:17,Bulk,28,Leather Saddlebag,Leather_Goods,1,59.99,59.99,249.39
652,2024-01-09 17:17:17,Bulk,23,Leather Belt,Western_Apparel,2,19.99,39.98,249.39
652,2024-01-09 17:17:17,Bulk,18,Branding Iron,Ranch_Supplies,1,24.99,24.99,249.39
652,2024-01-09 17:17:17,Bulk,24,Denim Vest,Western_Apparel,1,39.99,39.99,249.39
652,2024-01-09 17:17:17,Bulk,11,Lasso Rope,Ranch_Supplies,1,14.99,14.99,249.39
652,2024-01-09 17:17:17,Bulk,25,Riding Spurs,Rodeo_Gear,1,22.99,22.99,249.39
652,2024-01-09 17:17:17,Bulk,1,Chuckwagon Beans,Cowboy_Food,1,2.99,2.99,249.39
652,2024-01-09 17:17:17,Bulk,14,Work Gloves,Ranch_Supplies,1,6.99,6.99,249.39
652,2024-01-09 17:17:17,Bulk,7,Prairie Honey,Cowboy_Food,1,6.49,6.49,249.39
653,2024-01-09 15:02:33,Bulk,21,Red Bandana,Western_Apparel,1,4.99,4.99,4.99
654,2024-01-09 18:29:54,Regular,10,Smoked Sausage Links,Cowboy_Food,1,8.99,8.99,81.42
654,2024-01-09 18:29:54,Regular,30,Leather Journal,Leather_Goods,1,14.99,14.99,81.42
654,2024-01-09 18:29:54,Regular,5,Cornbread Mix,Cowboy_Food,2,3.49,6.98,81.42
654,2024-01-09 18:29:54,Regular,2,Campfire Chili,Cowboy_Food,1,3.99,3.99,81.42
654,2024-01-09 18:29:54,Regular,17,Stock Tank Float,Ranch_Supplies,1,8.49,8.49,81.42
654,2024-01-09 18:29:54,Regular,1,Chuckwagon Beans,Cowboy_Food,1,2.99,2.99,81.42
654,2024-01-09 18:29:54,Regular,19,Cowboy Hat,Western_Apparel,1,34.99,34.99,81.42
655,2024-01-09 16:13:19,Regular,29,Leather Wallet,Leather_Goods,1,24.99,24.99,132.41
655,2024-01-09 16:13:19,Regular,27,Bull Rope Rosin,Rodeo_Gear,1,7.49,7.49,132.41
655,2024-01-09 16:13:19,Regular,9,Dried Apple Slices,Cowboy_Food,1,4.99,4.99,132.41
655,2024-01-09 16:13:19,Regular,1,Chuckwagon Beans,Cowboy_Food,1,2.99,2.99,132.41
655,2024-01-09 16:13:19,Regular,18,Branding Iron,Ranch_Supplies,1,24.99,24.99,132.41
655,2024-01-09 16:13:19,Regular,12,Horse Feed Sack,Ranch_Supplies,1,19.99,19.99,132.41
655,2024-01-09 16:13:19,Regular,22,Flannel Shirt,Western_Apparel,1,29.99,29.99,132.41
655,2024-01-09 16:13:19,Regular,15,Fence Wire (50ft),Ranch_Supplies,1,12.99,12.99,132.41
655,2024-01-09 16:13:19,Regular,2,Campfire Chili,Cowboy_Food,1,3.99,3.99,132.41
656,2024-01-09 17:32:33,Regular,20,Cowboy Boots,Western_Apparel,1,89.99,89.99,171.43
656,2024-01-09 17:32:33,Regular,3,Smoky BBQ Sauce,Cowboy_Food,1,4.49,4.49,171.43
656,2024-01-09 17:32:33,Regular,10,Smoked Sausage Links,Cowboy_Food,1,8.99,8.99,171.43
656,2024-01-09 17:32:33,Regular,22,Flannel Shirt,Western_Apparel,1,29.99,29.99,171.43
656,2024-01-09 17:32:33,Regular,21,Red Bandana,Western_Apparel,1,4.99,4.99,171.43
656,2024-01-09 17:32:33,Regular,15,Fence Wire (50ft),Ranch_Supplies,1,12.99,12.99,171.43
656,2024-01-09 17:32:33,Regular,23,Leather Belt,Western_Apparel,1,19.99,19.99,171.43
657,2024-01-09 12:02:52,Bulk,24,Denim Vest,Western_Apparel,1,39.99,39.99,215.83
657,2024-01-09 12:02:52,Bulk,5,Cornbread Mix,Cowboy_Food,2,3.49,6.98,215.83
657,2024-01-09 12:02:52,Bulk,14,Work Gloves,Ranch_Supplies,2,6.99,13.98,215.83
657,2024-01-09 12:02:52,Bulk,19,Cowboy Hat,Western_Apparel,2,34.99,69.98,215.83
657,2024-01-09 12:02:52,Bulk,6,Campfire Coffee,Cowboy_Food,4,7.99,31.96,215.83
657,2024-01-09 12:02:52,Bulk,10,Smoked Sausage Links,Cowboy_Food,1,8.99,8.99,215.83
657,2024-01-09 12:02:52,Bulk,27,Bull Rope Rosin,Rodeo_Gear,1,7.49,7.49,215.83
657,2024-01-09 12:02:52,Bulk,3,Smoky BBQ Sauce,Cowboy_Food,1,4.49,4.49,215.83
657,2024-01-09 12:02:52,Bulk,1,Chuckwagon Beans,Cowboy_Food,1,2.99,2.99,215.83
657,2024-01-09 12:02:52,Bulk,2,Campfire Chili,Cowboy_Food,1,3.99,3.99,215.83
657,2024-01-09 12:02:52,Bulk,18,Branding Iron,Ranch_Supplies,1,24.99,24.99,215.83
658,2024-01-09 15:15:21,Regular,2,Campfire Chili,Cowboy_Food,1,3.99,3.99,28.98
658,2024-01-09 15:15:21,Regular,18,Branding Iron,Ranch_Supplies,1,24.99,24.99,28.98
659,2024-01-09 09:57:17,Regular,12,Horse Feed Sack,Ranch_Supplies,1,19.99,19.99,69.96
659,2024-01-09 09:57:17,Regular,22,Flannel Shirt,Western_Apparel,1,29.99,29.99,69.96
659,2024-01-09 09:57:17,Regular,9,Dried Apple Slices,Cowboy_Food,1,4.99,4.99,69.96
659,2024-01-09 09:57:17,Regular,11,Lasso Rope,Ranch_Supplies,1,14.99,14.99,69.96
660,2024-01-09 09:26:02,Bulk,11,Lasso Rope,Ranch_Supplies,1,14.99,14.99,133.96
660,2024-01-09 09:26:02,Bulk,26,Rodeo Rope,Rodeo_Gear,1,18.99,18.99,133.96
660,2024-01-09 09:26:02,Bulk,24,Denim Vest,Western_Apparel,1,39.99,39.99,133.96
660,2024-01-09 09:26:02,Bulk,28,Leather Saddlebag,Leather_Goods,1,59.99,59.99,133.96
661,2024-01-09 16:33:54,Tourist,27,Bull Rope Rosin,Rodeo_Gear,1,7.49,7.49,14.48
661,2024-01-09 16:33:54,Tourist,14,Work Gloves,Ranch_Supplies,1,6.99,6.99,14.48
662,2024-01-09 10:59:06,Regular,13,Saddle Oil,Ranch_Supplies,1,9.99,9.99,108.43
662,2024-01-09 10:59:06,Regular,25,Riding Spurs,Rodeo_Gear,1,22.99,22.99,108.43
662,2024-01-09 10:59:06,Regular,29,Leather Wallet,Leather_Goods,1,24.99,24.99,108.43
662,2024-01-09 10:59:06,Regular,17,Stock Tank Float,Ranch_Supplies,1,8.49,8.49,108.43
662,2024-01-09 10:59:06,Regular,5,Cornbread Mix,Cowboy_Food,2,3.49,6.98,108.43
662,2024-01-09 10:59:06,Regular,19,Cowboy Hat,Western_Apparel,1,34.99,34.99,108.43
663,2024-01-09 15:39:12,Bulk,7,Prairie Honey,Cowboy_Food,1,6.49,6.49,111.46
663,2024-01-09 15:39:12,Bulk,20,Cowboy Boots,Western_Apparel,1,89.99,89.99,111.46
663,2024-01-09 15:39:12,Bulk,10,Smoked Sausage Links,Cowboy_Food,1,8.99,8.99,111.46
663,2024-01-09 15:39:12,Bulk,4,Trail Beef Jerky,Cowboy_Food,1,5.99,5.99,111.46
664,2024-01-09 16:30:08,Regular,28,Leather Saddlebag,Leather_Goods,2,59.99,119.98,172.93
664,2024-01-09 16:30:08,Regular,2,Campfire Chili,Cowboy_Food,1,3.99,3.99,172.93
664,2024-01-09 16:30:08,Regular,12,Horse Feed Sack,Ranch_Supplies,1,19.99,19.99,172.93
664,2024-01-09 16:30:08,Regular,1,Chuckwagon Beans,Cowboy_Food,1,2.99,2.99,172.93
664,2024-01-09 16:30:08,Regular,23,Leather Belt,Western_Apparel,1,19.99,19.99,172.93
664,2024-01-09 16:30:08,Regular,4,Trail Beef Jerky,Cowboy_Food,1,5.99,5.99,172.93
665,2024-01-09 09:59:42,Casual,5,Cornbread Mix,Cowboy_Food,1,3.49,3.49,12.48
665,2024-01-09 09:59:42,Casual,10,Smoked Sausage Links,Cowboy_Food,1,8.99,8.99,12.48
666,2024-01-09 14:53:21,Casual,3,Smoky BBQ Sauce,Cowboy_Food,1,4.49,4.49,48.47
666,2024-01-09 14:53:21,Casual,19,Cowboy Hat,Western_Apparel,1,34.99,34.99,48.47
666,2024-01-09 14:53:21,Casual,10,Smoked Sausage Links,Cowboy_Food,1,8.99,8.99,48.47
667,2024-01-09 16:26:42,Casual,28,Leather Saddlebag,Leather_Goods,1,59.99,59.99,75.47
667,2024-01-09 16:26:42,Casual,17,Stock Tank Float,Ranch_Supplies,1,8.49,8.49,75.47
667,2024-01-09 16:26:42,Casual,14,Work Gloves,Ranch_Supplies,1,6.99,6.99,75.47
668,2024-01-09 17:39:36,Regular,21,Red Bandana,Western_Apparel,2,4.99,9.98,95.92
668,2024-01-09 17:39:36,Regular,14,Work Gloves,Ranch_Supplies,1,6.99,6.99,95.92
668,2024-01-09 17:39:36,Regular,18,Branding Iron,Ranch_Supplies,1,24.99,24.99,95.92
668,2024-01-09 17:39:36,Regular,16,Hay Bale Twine,Ranch_Supplies,1,5.99,5.99,95.92
668,2024-01-09 17:39:36,Regular,23,Leather Belt,Western_Apparel,1,19.99,19.99,95.92
668,2024-01-09 17:39:36,Regular,9,Dried Apple Slices,Cowboy_Food,1,4.99,4.99,95.92
668,2024-01-09 17:39:36,Regular,25,Riding Spurs,Rodeo_Gear,1,22.99,22.99,95.92
669,2024-01-10 17:39:47,Regular,1,Chuckwagon Beans,Cowboy_Food,1,2.99,2.99,17.98
669,2024-01-10 17:39:47,Regular,11,Lasso Rope,Ranch_Supplies,1,14.99,14.99,17.98
670,2024-01-10 12:06:10,Regular,28,Leather Saddlebag,Leather_Goods,1,59.99,59.99,99.97
670,2024-01-10 12:06:10,Regular,11,Lasso Rope,Ranch_Supplies,1,14.99,14.99,99.97
670,2024-01-10 12:06:10,Regular,29,Leather Wallet,Leather_Goods,1,24.99,24.99,99.97
671,2024-01-10 12:55:11,Regular,23,Leather Belt,Western_Apparel,1,19.99,19.99,55.97
671,2024-01-10 12:55:11,Regular,4,Trail Beef Jerky,Cowboy_Food,1,5.99,5.99,55.97
671,2024-01-10 12:55:11,Regular,22,Flannel Shirt,Western_Apparel,1,29.99,29.99,55.97
672,2024-01-10 12:38:31,Regular,29,Leather Wallet,Leather_Goods,1,24.99,24.99,229.95
672,2024-01-10 12:38:31,Regular,19,Cowboy Hat,Western_Apparel,1,34.99,34.99,229.95
672,2024-01-10 12:38:31,Regular,24,Denim Vest,Western_Apparel,2,39.99,79.98,229.95
672,2024-01-10 12:38:31,Regular,20,Cowboy Boots,Western_Apparel,1,89.99,89.99,229.95
673,2024-01-10 15:46:52,Casual,4,Trail Beef Jerky,Cowboy_Food,1,5.99,5.99,40.98
673,2024-01-10 15:46:52,Casual,19,Cowboy Hat,Western_Apparel,1,34.99,34.99,40.98
674,2024-01-10 14:27:43,Casual,29,Leather Wallet,Leather_Goods,1,24.99,24.99,24.99
675,2024-01-10 10:53:40,Regular,10,Smoked Sausage Links,Cowboy_Food,1,8.99,8.99,115.4
675,2024-01-10 10:53:40,Regular,8,Hardtack Biscuits,Cowboy_Food,1,2.49,2.49,115.4
675,2024-01-10 10:53:40,Regular,9,Dried Apple Slices,Cowboy_Food,2,4.99,9.98,115.4
675,2024-01-10 10:53:40,Regular,25,Riding Spurs,Rodeo_Gear,1,22.99,22.99,115.4
675,2024-01-10 10:53:40,Regular,1,Chuckwagon Beans,Cowboy_Food,1,2.99,2.99,115.4
675,2024-01-10 10:53:40,Regular,12,Horse Feed Sack,Ranch_Supplies,1,19.99,19.99,115.4
675,2024-01-10 10:53:40,Regular,29,Leather Wallet,Leather_Goods,1,24.99,24.99,115.4
675,2024-01-10 10:53:40,Regular,15,Fence Wire (50ft),Ranch_Supplies,1,12.99,12.99,115.4
675,2024-01-10 10:53:40,Regular,13,Saddle Oil,Ranch_Supplies,1,9.99,9.99,115.4
676,2024-01-10 17:40:05,Regular,1,Chuckwagon Beans,Cowboy_Food,1,2.99,2.99,47.46
676,2024-01-10 17:40:05,Regular,29,Leather Wallet,Leather_Goods,1,24.99,24.99,47.46
676,2024-01-10 17:40:05,Regular,3,Smoky BBQ Sauce,Cowboy_Food,1,4.49,4.49,47.46
676,2024-01-10 17:40:05,Regular,11,Lasso Rope,Ranch_Supplies,1,14.99,14.99,47.46
677,2024-01-10 11:41:52,Regular,20,Cowboy Boots,Western_Apparel,1,89.99,89.99,145.95
677,2024-01-10 11:41:52,Regular,10,Smoked Sausage Links,Cowboy_Food,1,8.99,8.99,145.95
677,2024-01-10 11:41:52,Regular,2,Campfire Chili,Cowboy_Food,1,3.99,3.99,145.95
677,2024-01-10 11:41:52,Regular,1,Chuckwagon Beans,Cowboy_Food,1,2.99,2.99,145.95
677,2024-01-10 11:41:52,Regular,24,Denim Vest,Western_Apparel,1,39.99,39.99,145.95
678,2024-01-10 15:34:59,Regular,2,Campfire Chili,Cowboy_Food,1,3.99,3.99,108.97
678,2024-01-10 15:34:59,Regular,11,Lasso Rope,Ranch_Supplies,1,14.99,14.99,108.97
678,2024-01-10 15:34:59,Regular,20,Cowboy Boots,Western_Apparel,1,89.99,89.99,108.97
679,2024-01-10 15:57:34,Regular,9,Dried Apple Slices,Cowboy_Food,1,4.99,4.99,4.99
680,2024-01-10 10:08:20,Tourist,29,Leather Wallet,Leather_Goods,1,24.99,24.99,120.41
680,2024-01-10 10:08:20,Tourist,27,Bull Rope Rosin,Rodeo_Gear,2,7.49,14.98,120.41
680,2024-01-10 10:08:20,Tourist,24,Denim Vest,Western_Apparel,1,39.99,39.99,120.41
680,2024-01-10 10:08:20,Tourist,4,Trail Beef Jerky,Cowboy_Food,1,5.99,5.99,120.41
680,2024-01-10 10:08:20,Tourist,14,Work Gloves,Ranch_Supplies,1,6.99,6.99,120.41
680,2024-01-10 10:08:20,Tourist,9,Dried Apple Slices,Cowboy_Food,1,4.99,4.99,120.41
680,2024-01-10 10:08:20,Tourist,26,Rodeo Rope,Rodeo_Gear,1,18.99,18.99,120.41
680,2024-01-10 10:08:20,Tourist,5,Cornbread Mix,Cowboy_Food,1,3.49,3.49,120.41
681,2024-01-10 10:47:39,Regular,5,Cornbread Mix,Cowboy_Food,1,3.49,3.49,33.44
681,2024-01-10 10:47:39,Regular,2,Campfire Chili,Cowboy_Food,2,3.99,7.98,33.44
681,2024-01-10 10:47:39,Regular,3,Smoky BBQ Sauce,Cowboy_Food,1,4.49,4.49,33.44
681,2024-01-10 10:47:39,Regular,17,Stock Tank Float,Ranch_Supplies,1,8.49,8.49,33.44
681,2024-01-10 10:47:39,Regular,10,Smoked Sausage Links,Cowboy_Food,1,8.99,8.99,33.44
682,2024-01-10 18:28:38,Regular,8,Hardtack Biscuits,Cowboy_Food,1,2.49,2.49,12.48
682,2024-01-10 18:28:38,Regular,13,Saddle Oil,Ranch_Supplies,1,9.99,9.99,12.48
683,2024-01-10 16:20:55,Casual,20,Cowboy Boots,Western_Apparel,1,89.99,89.99,89.99
684,2024-01-10 10:01:06,Bulk,1,Chuckwagon Beans,Cowboy_Food,3,2.99,8.97,224.9
684,2024-01-10 10:01:06,Bulk,11,Lasso Rope,Ranch_Supplies,1,14.99,14.99,224.9
684,2024-01-10 10:01:06,Bulk,16,Hay Bale Twine,Ranch_Supplies,2,5.99,11.98,224.9
684,2024-01-10 10:01:06,Bulk,21,Red Bandana,Western_Apparel,1,4.99,4.99,224.9
684,2024-01-10 10:01:06,Bulk,20,Cowboy Boots,Western_Apparel,2,89.99,179.98,224.9
684,2024-01-10 10:01:06,Bulk,2,Campfire Chili,Cowboy_Food,1,3.99,3.99,224.9
685,2024-01-10 17:02:30,Regular,10,Smoked Sausage Links,Cowboy_Food,1,8.99,8.99,89.93
685,2024-01-10 17:02:30,Regular,15,Fence Wire (50ft),Ranch_Supplies,1,12.99,12.99,89.93
685,2024-01-10 17:02:30,Regular,22,Flannel Shirt,Western_Apparel,1,29.99,29.99,89.93
685,2024-01-10 17:02:30,Regular,9,Dried Apple Slices,Cowboy_Food,1,4.99,4.99,89.93
685,2024-01-10 17:02:30,Regular,7,Prairie Honey,Cowboy_Food,2,6.49,12.98,89.93
685,2024-01-10 17:02:30,Regular,23,Leather Belt,Western_Apparel,1,19.99,19.99,89.93
686,2024-01-10 15:23:42,Regular,8,Hardtack Biscuits,Cowboy_Food,1,2.49,2.49,5.48
686,2024-01-10 15:23:42,Regular,1,Chuckwagon Beans,Cowboy_Food,1,2.99,2.99,5.48
687,2024-01-10 10:34:20,Tourist,28,Leather Saddlebag,Leather_Goods,1,59.99,59.99,107.45
687,2024-01-10 10:34:20,Tourist,23,Leather Belt,Western_Apparel,1,19.99,19.99,107.45
687,2024-01-10 10:34:20,Tourist,30,Leather Journal,Leather_Goods,1,14.99,14.99,107.45
687,2024-01-10 10:34:20,Tourist,27,Bull Rope Rosin,Rodeo_Gear,1,7.49,7.49,107.45
687,2024-01-10 10:34:20,Tourist,9,Dried Apple Slices,Cowboy_Food,1,4.99,4.99,107.45
688,2024-01-10 16:25:50,Regular,28,Leather Saddlebag,Leather_Goods,1,59.99,59.99,107.97
688,2024-01-10 16:25:50,Regular,25,Riding Spurs,Rodeo_Gear,1,22.99,22.99,107.97
688,2024-01-10 16:25:50,Regular,29,Leather Wallet,Leather_Goods,1,24.99,24.99,107.97
689,2024-01-10 15:19:03,Bulk,18,Branding Iron,Ranch_Supplies,1,24.99,24.99,102.42
689,2024-01-10 15:19:03,Bulk,10,Smoked Sausage Links,Cowboy_Food,1,8.99,8.99,102.42
689,2024-01-10 15:19:03,Bulk,5,Cornbread Mix,Cowboy_Food,1,3.49,3.49,102.42
689,2024-01-10 15:19:03,Bulk,4,Trail Beef Jerky,Cowboy_Food,1,5.99,5.99,102.42
689,2024-01-10 15:19:03,Bulk,22,Flannel Shirt,Western_Apparel,1,29.99,29.99,102.42
689,2024-01-10 15:19:03,Bulk,13,Saddle Oil,Ranch_Supplies,1,9.99,9.99,102.42
689,2024-01-10 15:19:03,Bulk,2,Campfire Chili,Cowboy_Food,1,3.99,3.99,102.42
689,2024-01-10 15:19:03,Bulk,30,Leather Journal,Leather_Goods,1,14.99,14.99,102.42
690,2024-01-10 11:42:06,Casual,5,Cornbread Mix,Cowboy_Food,1,3.49,3.49,18.47
690,2024-01-10 11:42:06,Casual,27,Bull Rope Rosin,Rodeo_Gear,2,7.49,14.98,18.47
691,2024-01-10 17:34:47,Regular,10,Smoked Sausage Links,Cowboy_Food,1,8.99,8.99,102.97
691,2024-01-10 17:34:47,Regular,2,Campfire Chili,Cowboy_Food,1,3.99,3.99,102.97
691,2024-01-10 17:34:47,Regular,20,Cowboy Boots,Western_Apparel,1,89.99,89.99,102.97
692,2024-01-10 12:28:07,Casual,26,Rodeo Rope,Rodeo_Gear,1,18.99,18.99,60.45
692,2024-01-10 12:28:07,Casual,18,Branding Iron,Ranch_Supplies,1,24.99,24.99,60.45
692,2024-01-10 12:28:07,Casual,14,Work Gloves,Ranch_Supplies,1,6.99,6.99,60.45
692,2024-01-10 12:28:07,Casual,3,Smoky BBQ Sauce,Cowboy_Food,1,4.49,4.49,60.45
692,2024-01-10 12:28:07,Casual,21,Red Bandana,Western_Apparel,1,4.99,4.99,60.45
693,2024-01-10 12:24:25,Regular,24,Denim Vest,Western_Apparel,1,39.99,39.99,100.91
693,2024-01-10 12:24:25,Regular,15,Fence Wire (50ft),Ranch_Supplies,1,12.99,12.99,100.91
693,2024-01-10 12:24:25,Regular,6,Campfire Coffee,Cowboy_Food,3,7.99,23.97,100.91
693,2024-01-10 12:24:25,Regular,17,Stock Tank Float,Ranch_Supplies,1,8.49,8.49,100.91
693,2024-01-10 12:24:25,Regular,1,Chuckwagon Beans,Cowboy_Food,1,2.99,2.99,100.91
693,2024-01-10 12:24:25,Regular,5,Cornbread Mix,Cowboy_Food,1,3.49,3.49,100.91
693,2024-01-10 12:24:25,Regular,10,Smoked Sausage Links,Cowboy_Food,1,8.99,8.99,100.91
694,2024-01-10 12:17:16,Regular,5,Cornbread Mix,Cowboy_Food,1,3.49,3.49,88.47
694,2024-01-10 12:17:16,Regular,28,Leather Saddlebag,Leather_Goods,1,59.99,59.99,88.47
694,2024-01-10 12:17:16,Regular,18,Branding Iron,Ranch_Supplies,1,24.99,24.99,88.47
695,2024-01-10 16:53:41,Regular,29,Leather Wallet,Leather_Goods,1,24.99,24.99,75.96
695,2024-01-10 16:53:41,Regular,11,Lasso Rope,Ranch_Supplies,1,14.99,14.99,75.96
695,2024-01-10 16:53:41,Regular,25,Riding Spurs,Rodeo_Gear,1,22.99,22.99,75.96
695,2024-01-10 16:53:41,Regular,15,Fence Wire (50ft),Ranch_Supplies,1,12.99,12.99,75.96
696,2024-01-10 16:33:00,Tourist,14,Work Gloves,Ranch_Supplies,1,6.99,6.99,193.43
696,2024-01-10 16:33:00,Tourist,19,Cowboy Hat,Western_Apparel,1,34.99,34.99,193.43
696,2024-01-10 16:33:00,Tourist,20,Cowboy Boots,Western_Apparel,1,89.99,89.99,193.43
696,2024-01-10 16:33:00,Tourist,21,Red Bandana,Western_Apparel,1,4.99,4.99,193.43
696,2024-01-10 16:33:00,Tourist,24,Denim Vest,Western_Apparel,1,39.99,39.99,193.43
696,2024-01-10 16:33:00,Tourist,15,Fence Wire (50ft),Ranch_Supplies,1,12.99,12.99,193.43
696,2024-01-10 16:33:00,Tourist,5,Cornbread Mix,Cowboy_Food,1,3.49,3.49,193.43
697,2024-01-10 17:45:21,Regular,3,Smoky BBQ Sauce,Cowboy_Food,1,4.49,4.49,62.93
697,2024-01-10 17:45:21,Regular,6,Campfire Coffee,Cowboy_Food,1,7.99,7.99,62.93
697,2024-01-10 17:45:21,Regular,21,Red Bandana,Western_Apparel,1,4.99,4.99,62.93
697,2024-01-10 17:45:21,Regular,23,Leather Belt,Western_Apparel,1,19.99,19.99,62.93
697,2024-01-10 17:45:21,Regular,16,Hay Bale Twine,Ranch_Supplies,1,5.99,5.99,62.93
697,2024-01-10 17:45:21,Regular,7,Prairie Honey,Cowboy_Food,1,6.49,6.49,62.93
697,2024-01-10 17:45:21,Regular,15,Fence Wire (50ft),Ranch_Supplies,1,12.99,12.99,62.93
698,2024-01-10 11:54:59,Regular,24,Denim Vest,Western_Apparel,1,39.99,39.99,69.98
698,2024-01-10 11:54:59,Regular,22,Flannel Shirt,Western_Apparel,1,29.99,29.99,69.98
699,2024-01-10 16:59:22,Tourist,5,Cornbread Mix,Cowboy_Food,1,3.49,3.49,93.48
699,2024-01-10 16:59:22,Tourist,20,Cowboy Boots,Western_Apparel,1,89.99,89.99,93.48
700,2024-01-10 15:49:35,Regular,4,Trail Beef Jerky,Cowboy_Food,1,5.99,5.99,173.42
700,2024-01-10 15:49:35,Regular,14,Work Gloves,Ranch_Supplies,1,6.99,6.99,173.42
700,2024-01-10 15:49:35,Regular,17,Stock Tank Float,Ranch_Supplies,1,8.49,8.49,173.42
700,2024-01-10 15:49:35,Regular,5,Cornbread Mix,Cowboy_Food,2,3.49,6.98,173.42
700,2024-01-10 15:49:35,Regular,23,Leather Belt,Western_Apparel,1,19.99,19.99,173.42
700,2024-01-10 15:49:35,Regular,20,Cowboy Boots,Western_Apparel,1,89.99,89.99,173.42
700,2024-01-10 15:49:35,Regular,19,Cowboy Hat,Western_Apparel,1,34.99,34.99,173.42
701,2024-01-10 12:40:59,Casual,4,Trail Beef Jerky,Cowboy_Food,1,5.99,5.99,5.99
702,2024-01-10 10:03:36,Bulk,21,Red Bandana,Western_Apparel,1,4.99,4.99,34.46
702,2024-01-10 10:03:36,Bulk,4,Trail Beef Jerky,Cowboy_Food,1,5.99,5.99,34.46
702,2024-01-10 10:03:36,Bulk,5,Cornbread Mix,Cowboy_Food,1,3.49,3.49,34.46
702,2024-01-10 10:03:36,Bulk,12,Horse Feed Sack,Ranch_Supplies,1,19.99,19.99,34.46
703,2024-01-10 17:11:45,Bulk,19,Cowboy Hat,Western_Apparel,1,34.99,34.99,69.94
703,2024-01-10 17:11:45,Bulk,8,Hardtack Biscuits,Cowboy_Food,2,2.49,4.98,69.94
703,2024-01-10 17:11:45,Bulk,14,Work Gloves,Ranch_Supplies,1,6.99,6.99,69.94
703,2024-01-10 17:11:45,Bulk,30,Leather Journal,Leather_Goods,1,14.99,14.99,69.94
703,2024-01-10 17:11:45,Bulk,6,Campfire Coffee,Cowboy_Food,1,7.99,7.99,69.94
704,2024-01-10 12:00:57,Casual,11,Lasso Rope,Ranch_Supplies,1,14.99,14.99,29.98
704,2024-01-10 12:00:57,Casual,30,Leather Journal,Leather_Goods,1,14.99,14.99,29.98
705,2024-01-10 16:09:37,Casual,25,Riding Spurs,Rodeo_Gear,1,22.99,22.99,22.99
706,2024-01-10 15:40:49,Regular,30,Leather Journal,Leather_Goods,1,14.99,14.99,130.39
706,2024-01-10 15:40:49,Regular,19,Cowboy Hat,Western_Apparel,1,34.99,34.99,130.39
706,2024-01-10 15:40:49,Regular,1,Chuckwagon Beans,Cowboy_Food,1,2.99,2.99,130.39
706,2024-01-10 15:40:49,Regular,21,Red Bandana,Western_Apparel,1,4.99,4.99,130.39
706,2024-01-10 15:40:49,Regular,7,Prairie Honey,Cowboy_Food,2,6.49,12.98,130.39
706,2024-01-10 15:40:49,Regular,25,Riding Spurs,Rodeo_Gear,1,22.99,22.99,130.39
706,2024-01-10 15:40:49,Regular,11,Lasso Rope,Ranch_Supplies,1,14.99,14.99,130.39
706,2024-01-10 15:40:49,Regular,5,Cornbread Mix,Cowboy_Food,1,3.49,3.49,130.39
706,2024-01-10 15:40:49,Regular,13,Saddle Oil,Ranch_Supplies,1,9.99,9.99,130.39
706,2024-01-10 15:40:49,Regular,6,Campfire Coffee,Cowboy_Food,1,7.99,7.99,130.39
707,2024-01-10 09:15:30,Tourist,2,Campfire Chili,Cowboy_Food,1,3.99,3.99,10.98
707,2024-01-10 09:15:30,Tourist,14,Work Gloves,Ranch_Supplies,1,6.99,6.99,10.98
708,2024-01-10 18:51:48,Tourist,19,Cowboy Hat,Western_Apparel,2,34.99,69.98,82.46
708,2024-01-10 18:51:48,Tourist,7,Prairie Honey,Cowboy_Food,1,6.49,6.49,82.46
708,2024-01-10 18:51:48,Tourist,4,Trail Beef Jerky,Cowboy_Food,1,5.99,5.99,82.46
709,2024-01-10 17:09:38,Casual,20,Cowboy Boots,Western_Apparel,1,89.99,89.99,228.92
709,2024-01-10 17:09:38,Casual,19,Cowboy Hat,Western_Apparel,2,34.99,69.98,228.92
709,2024-01-10 17:09:38,Casual,22,Flannel Shirt,Western_Apparel,1,29.99,29.99,228.92
709,2024-01-10 17:09:38,Casual,10,Smoked Sausage Links,Cowboy_Food,1,8.99,8.99,228.92
709,2024-01-10 17:09:38,Casual,2,Campfire Chili,Cowboy_Food,1,3.99,3.99,228.92
709,2024-01-10 17:09:38,Casual,4,Trail Beef Jerky,Cowboy_Food,1,5.99,5.99,228.92
709,2024-01-10 17:09:38,Casual,23,Leather Belt,Western_Apparel,1,19.99,19.99,228.92
710,2024-01-10 15:13:20,Bulk,23,Leather Belt,Western_Apparel,1,19.99,19.99,100.96
710,2024-01-10 15:13:20,Bulk,4,Trail Beef Jerky,Cowboy_Food,1,5.99,5.99,100.96
710,2024-01-10 15:13:20,Bulk,11,Lasso Rope,Ranch_Supplies,1,14.99,14.99,100.96
710,2024-01-10 15:13:20,Bulk,28,Leather Saddlebag,Leather_Goods,1,59.99,59.99,100.96
711,2024-01-10 16:25:33,Bulk,14,Work Gloves,Ranch_Supplies,1,6.99,6.99,98.94
711,2024-01-10 16:25:33,Bulk,27,Bull Rope Rosin,Rodeo_Gear,1,7.49,7.49,98.94
711,2024-01-10 16:25:33,Bulk,12,Horse Feed Sack,Ranch_Supplies,1,19.99,19.99,98.94
711,2024-01-10 16:25:33,Bulk,29,Leather Wallet,Leather_Goods,1,24.99,24.99,98.94
711,2024-01-10 16:25:33,Bulk,19,Cowboy Hat,Western_Apparel,1,34.99,34.99,98.94
711,2024-01-10 16:25:33,Bulk,3,Smoky BBQ Sauce,Cowboy_Food,1,4.49,4.49,98.94
712,2024-01-10 15:08:20,Bulk,29,Leather Wallet,Leather_Goods,1,24.99,24.99,160.42
712,2024-01-10 15:08:20,Bulk,28,Leather Saddlebag,Leather_Goods,1,59.99,59.99,160.42
712,2024-01-10 15:08:20,Bulk,13,Saddle Oil,Ranch_Supplies,1,9.99,9.99,160.42
712,2024-01-10 15:08:20,Bulk,4,Trail Beef Jerky,Cowboy_Food,1,5.99,5.99,160.42
712,2024-01-10 15:08:20,Bulk,23,Leather Belt,Western_Apparel,1,19.99,19.99,160.42
712,2024-01-10 15:08:20,Bulk,6,Campfire Coffee,Cowboy_Food,1,7.99,7.99,160.42
712,2024-01-10 15:08:20,Bulk,25,Riding Spurs,Rodeo_Gear,1,22.99,22.99,160.42
712,2024-01-10 15:08:20,Bulk,17,Stock Tank Float,Ranch_Supplies,1,8.49,8.49,160.42
713,2024-01-10 16:46:23,Regular,1,Chuckwagon Beans,Cowboy_Food,1,2.99,2.99,107.96
713,2024-01-10 16:46:23,Regular,22,Flannel Shirt,Western_Apparel,1,29.99,29.99,107.96
713,2024-01-10 16:46:23,Regular,28,Leather Saddlebag,Leather_Goods,1,59.99,59.99,107.96
713,2024-01-10 16:46:23,Regular,11,Lasso Rope,Ranch_Supplies,1,14.99,14.99,107.96
714,2024-01-10 11:07:17,Regular,24,Denim Vest,Western_Apparel,2,39.99,79.98,192.92
714,2024-01-10 11:07:17,Regular,9,Dried Apple Slices,Cowboy_Food,1,4.99,4.99,192.92
714,2024-01-10 11:07:17,Regular,28,Leather Saddlebag,Leather_Goods,1,59.99,59.99,192.92
714,2024-01-10 11:07:17,Regular,16,Hay Bale Twine,Ranch_Supplies,1,5.99,5.99,192.92
714,2024-01-10 11:07:17,Regular,14,Work Gloves,Ranch_Supplies,1,6.99,6.99,192.92
714,2024-01-10 11:07:17,Regular,12,Horse Feed Sack,Ranch_Supplies,1,19.99,19.99,192.92
714,2024-01-10 11:07:17,Regular,11,Lasso Rope,Ranch_Supplies,1,14.99,14.99,192.92
715,2024-01-10 14:51:29,Bulk,3,Smoky BBQ Sauce,Cowboy_Food,1,4.49,4.49,212.4
715,2024-01-10 14:51:29,Bulk,23,Leather Belt,Western_Apparel,1,19.99,19.99,212.4
715,2024-01-10 14:51:29,Bulk,11,Lasso Rope,Ranch_Supplies,1,14.99,14.99,212.4
715,2024-01-10 14:51:29,Bulk,14,Work Gloves,Ranch_Supplies,1,6.99,6.99,212.4
715,2024-01-10 14:51:29,Bulk,13,Saddle Oil,Ranch_Supplies,1,9.99,9.99,212.4
715,2024-01-10 14:51:29,Bulk,12,Horse Feed Sack,Ranch_Supplies,1,19.99,19.99,212.4
715,2024-01-10 14:51:29,Bulk,20,Cowboy Boots,Western_Apparel,1,89.99,89.99,212.4
715,2024-01-10 14:51:29,Bulk,18,Branding Iron,Ranch_Supplies,1,24.99,24.99,212.4
715,2024-01-10 14:51:29,Bulk,30,Leather Journal,Leather_Goods,1,14.99,14.99,212.4
715,2024-01-10 14:51:29,Bulk,4,Trail Beef Jerky,Cowboy_Food,1,5.99,5.99,212.4
716,2024-01-10 13:03:20,Bulk,2,Campfire Chili,Cowboy_Food,1,3.99,3.99,105.43
716,2024-01-10 13:03:20,Bulk,27,Bull Rope Rosin,Rodeo_Gear,1,7.49,7.49,105.43
716,2024-01-10 13:03:20,Bulk,21,Red Bandana,Western_Apparel,1,4.99,4.99,105.43
716,2024-01-10 13:03:20,Bulk,22,Flannel Shirt,Western_Apparel,1,29.99,29.99,105.43
716,2024-01-10 13:03:20,Bulk,26,Rodeo Rope,Rodeo_Gear,1,18.99,18.99,105.43
716,2024-01-10 13:03:20,Bulk,23,Leather Belt,Western_Apparel,1,19.99,19.99,105.43
716,2024-01-10 13:03:20,Bulk,12,Horse Feed Sack,Ranch_Supplies,1,19.99,19.99,105.43
717,2024-01-10 14:59:37,Regular,20,Cowboy Boots,Western_Apparel,2,89.99,179.98,282.9
717,2024-01-10 14:59:37,Regular,29,Leather Wallet,Leather_Goods,1,24.99,24.99,282.9
717,2024-01-10 14:59:37,Regular,23,Leather Belt,Western_Apparel,1,19.99,19.99,282.9
717,2024-01-10 14:59:37,Regular,14,Work Gloves,Ranch_Supplies,2,6.99,13.98,282.9
717,2024-01-10 14:59:37,Regular,12,Horse Feed Sack,Ranch_Supplies,1,19.99,19.99,282.9
717,2024-01-10 14:59:37,Regular,27,Bull Rope Rosin,Rodeo_Gear,1,7.49,7.49,282.9
717,2024-01-10 14:59:37,Regular,17,Stock Tank Float,Ranch_Supplies,1,8.49,8.49,282.9
717,2024-01-10 14:59:37,Regular,6,Campfire Coffee,Cowboy_Food,1,7.99,7.99,282.9
718,2024-01-10 14:54:22,Regular,30,Leather Journal,Leather_Goods,1,14.99,14.99,84.97
718,2024-01-10 14:54:22,Regular,19,Cowboy Hat,Western_Apparel,2,34.99,69.98,84.97
719,2024-01-10 11:12:29,Bulk,9,Dried Apple Slices,Cowboy_Food,3,4.99,14.97,426.82
719,2024-01-10 11:12:29,Bulk,20,Cowboy Boots,Western_Apparel,2,89.99,179.98,426.82
719,2024-01-10 11:12:29,Bulk,25,Riding Spurs,Rodeo_Gear,1,22.99,22.99,426.82
719,2024-01-10 11:12:29,Bulk,23,Leather Belt,Western_Apparel,1,19.99,19.99,426.82
719,2024-01-10 11:12:29,Bulk,30,Leather Journal,Leather_Goods,1,14.99,14.99,426.82
719,2024-01-10 11:12:29,Bulk,19,Cowboy Hat,Western_Apparel,1,34.99,34.99,426.82
719,2024-01-10 11:12:29,Bulk,14,Work Gloves,Ranch_Supplies,1,6.99,6.99,426.82
719,2024-01-10 11:12:29,Bulk,24,Denim Vest,Western_Apparel,2,39.99,79.98,426.82
719,2024-01-10 11:12:29,Bulk,7,Prairie Honey,Cowboy_Food,2,6.49,12.98,426.82
719,2024-01-10 11:12:29,Bulk,6,Campfire Coffee,Cowboy_Food,1,7.99,7.99,426.82
719,2024-01-10 11:12:29,Bulk,21,Red Bandana,Western_Apparel,1,4.99,4.99,426.82
719,2024-01-10 11:12:29,Bulk,12,Horse Feed Sack,Ranch_Supplies,1,19.99,19.99,426.82
719,2024-01-10 11:12:29,Bulk,4,Trail Beef Jerky,Cowboy_Food,1,5.99,5.99,426.82
720,2024-01-10 18:32:08,Regular,19,Cowboy Hat,Western_Apparel,1,34.99,34.99,51.94
720,2024-01-10 18:32:08,Regular,8,Hardtack Biscuits,Cowboy_Food,1,2.49,2.49,51.94
720,2024-01-10 18:32:08,Regular,1,Chuckwagon Beans,Cowboy_Food,1,2.99,2.99,51.94
720,2024-01-10 18:32:08,Regular,5,Cornbread Mix,Cowboy_Food,2,3.49,6.98,51.94
720,2024-01-10 18:32:08,Regular,3,Smoky BBQ Sauce,Cowboy_Food,1,4.49,4.49,51.94
721,2024-01-10 09:38:23,Tourist,22,Flannel Shirt,Western_Apparel,1,29.99,29.99,61.46
721,2024-01-10 09:38:23,Tourist,3,Smoky BBQ Sauce,Cowboy_Food,1,4.49,4.49,61.46
721,2024-01-10 09:38:23,Tourist,12,Horse Feed Sack,Ranch_Supplies,1,19.99,19.99,61.46
721,2024-01-10 09:38:23,Tourist,14,Work Gloves,Ranch_Supplies,1,6.99,6.99,61.46
722,2024-01-10 09:28:21,Casual,26,Rodeo Rope,Rodeo_Gear,2,18.99,37.98,59.96
722,2024-01-10 09:28:21,Casual,14,Work Gloves,Ranch_Supplies,1,6.99,6.99,59.96
722,2024-01-10 09:28:21,Casual,30,Leather Journal,Leather_Goods,1,14.99,14.99,59.96
723,2024-01-10 13:45:57,Regular,13,Saddle Oil,Ranch_Supplies,1,9.99,9.99,53.97
723,2024-01-10 13:45:57,Regular,18,Branding Iron,Ranch_Supplies,1,24.99,24.99,53.97
723,2024-01-10 13:45:57,Regular,26,Rodeo Rope,Rodeo_Gear,1,18.99,18.99,53.97
724,2024-01-10 16:05:26,Regular,20,Cowboy Boots,Western_Apparel,1,89.99,89.99,93.48
724,2024-01-10 16:05:26,Regular,5,Cornbread Mix,Cowboy_Food,1,3.49,3.49,93.48
725,2024-01-11 16:24:35,Regular,3,Smoky BBQ Sauce,Cowboy_Food,1,4.49,4.49,40.45
725,2024-01-11 16:24:35,Regular,4,Trail Beef Jerky,Cowboy_Food,1,5.99,5.99,40.45
725,2024-01-11 16:24:35,Regular,9,Dried Apple Slices,Cowboy_Food,1,4.99,4.99,40.45
725,2024-01-11 16:24:35,Regular,11,Lasso Rope,Ranch_Supplies,1,14.99,14.99,40.45
725,2024-01-11 16:24:35,Regular,13,Saddle Oil,Ranch_Supplies,1,9.99,9.99,40.45
726,2024-01-11 17:15:15,Tourist,24,Denim Vest,Western_Apparel,1,39.99,39.99,99.98
726,2024-01-11 17:15:15,Tourist,28,Leather Saddlebag,Leather_Goods,1,59.99,59.99,99.98
727,2024-01-11 14:44:59,Regular,15,Fence Wire (50ft),Ranch_Supplies,1,12.99,12.99,133.92
727,2024-01-11 14:44:59,Regular,19,Cowboy Hat,Western_Apparel,1,34.99,34.99,133.92
727,2024-01-11 14:44:59,Regular,21,Red Bandana,Western_Apparel,1,4.99,4.99,133.92
727,2024-01-11 14:44:59,Regular,10,Smoked Sausage Links,Cowboy_Food,1,8.99,8.99,133.92
727,2024-01-11 14:44:59,Regular,8,Hardtack Biscuits,Cowboy_Food,1,2.49,2.49,133.92
727,2024-01-11 14:44:59,Regular,5,Cornbread Mix,Cowboy_Food,1,3.49,3.49,133.92
727,2024-01-11 14:44:59,Regular,16,Hay Bale Twine,Ranch_Supplies,1,5.99,5.99,133.92
727,2024-01-11 14:44:59,Regular,28,Leather Saddlebag,Leather_Goods,1,59.99,59.99,133.92
728,2024-01-11 15:19:14,Regular,3,Smoky BBQ Sauce,Cowboy_Food,1,4.49,4.49,128.45
728,2024-01-11 15:19:14,Regular,23,Leather Belt,Western_Apparel,1,19.99,19.99,128.45
728,2024-01-11 15:19:14,Regular,19,Cowboy Hat,Western_Apparel,1,34.99,34.99,128.45
728,2024-01-11 15:19:14,Regular,10,Smoked Sausage Links,Cowboy_Food,1,8.99,8.99,128.45
728,2024-01-11 15:19:14,Regular,28,Leather Saddlebag,Leather_Goods,1,59.99,59.99,128.45
729,2024-01-11 11:28:55,Regular,5,Cornbread Mix,Cowboy_Food,1,3.49,3.49,167.43
729,2024-01-11 11:28:55,Regular,11,Lasso Rope,Ranch_Supplies,1,14.99,14.99,167.43
729,2024-01-11 11:28:55,Regular,29,Leather Wallet,Leather_Goods,2,24.99,49.98,167.43
729,2024-01-11 11:28:55,Regular,10,Smoked Sausage Links,Cowboy_Food,1,8.99,8.99,167.43
729,2024-01-11 11:28:55,Regular,22,Flannel Shirt,Western_Apparel,1,29.99,29.99,167.43
729,2024-01-11 11:28:55,Regular,28,Leather Saddlebag,Leather_Goods,1,59.99,59.99,167.43
730,2024-01-11 16:03:59,Regular,29,Leather Wallet,Leather_Goods,1,24.99,24.99,133.96
730,2024-01-11 16:03:59,Regular,20,Cowboy Boots,Western_Apparel,1,89.99,89.99,133.96
730,2024-01-11 16:03:59,Regular,15,Fence Wire (50ft),Ranch_Supplies,1,12.99,12.99,133.96
730,2024-01-11 16:03:59,Regular,4,Trail Beef Jerky,Cowboy_Food,1,5.99,5.99,133.96
731,2024-01-11 12:31:30,Bulk,9,Dried Apple Slices,Cowboy_Food,1,4.99,4.99,99.88
731,2024-01-11 12:31:30,Bulk,7,Prairie Honey,Cowboy_Food,2,6.49,12.98,99.88
731,2024-01-11 12:31:30,Bulk,4,Trail Beef Jerky,Cowboy_Food,2,5.99,11.98,99.88
731,2024-01-11 12:31:30,Bulk,21,Red Bandana,Western_Apparel,2,4.99,9.98,99.88
731,2024-01-11 12:31:30,Bulk,6,Campfire Coffee,Cowboy_Food,1,7.99,7.99,99.88
731,2024-01-11 12:31:30,Bulk,3,Smoky BBQ Sauce,Cowboy_Food,1,4.49,4.49,99.88
731,2024-01-11 12:31:30,Bulk,30,Leather Journal,Leather_Goods,1,14.99,14.99,99.88
731,2024-01-11 12:31:30,Bulk,27,Bull Rope Rosin,Rodeo_Gear,1,7.49,7.49,99.88
731,2024-01-11 12:31:30,Bulk,18,Branding Iron,Ranch_Supplies,1,24.99,24.99,99.88
732,2024-01-11 15:23:52,Bulk,26,Rodeo Rope,Rodeo_Gear,2,18.99,37.98,177.42
732,2024-01-11 15:23:52,Bulk,29,Leather Wallet,Leather_Goods,1,24.99,24.99,177.42
732,2024-01-11 15:23:52,Bulk,22,Flannel Shirt,Western_Apparel,1,29.99,29.99,177.42
732,2024-01-11 15:23:52,Bulk,3,Smoky BBQ Sauce,Cowboy_Food,1,4.49,4.49,177.42
732,2024-01-11 15:23:52,Bulk,24,Denim Vest,Western_Apparel,1,39.99,39.99,177.42
732,2024-01-11 15:23:52,Bulk,19,Cowboy Hat,Western_Apparel,1,34.99,34.99,177.42
732,2024-01-11 15:23:52,Bulk,9,Dried Apple Slices,Cowboy_Food,1,4.99,4.99,177.42
733,2024-01-11 16:53:42,Bulk,4,Trail Beef Jerky,Cowboy_Food,1,5.99,5.99,230.94
733,2024-01-11 16:53:42,Bulk,20,Cowboy Boots,Western_Apparel,1,89.99,89.99,230.94
733,2024-01-11 16:53:42,Bulk,12,Horse Feed Sack,Ranch_Supplies,1,19.99,19.99,230.94
733,2024-01-11 16:53:42,Bulk,28,Leather Saddlebag,Leather_Goods,1,59.99,59.99,230.94
733,2024-01-11 16:53:42,Bulk,29,Leather Wallet,Leather_Goods,1,24.99,24.99,230.94
733,2024-01-11 16:53:42,Bulk,22,Flannel Shirt,Western_Apparel,1,29.99,29.99,230.94
734,2024-01-11 09:41:44,Bulk,30,Leather Journal,Leather_Goods,1,14.99,14.99,166.88
734,2024-01-11 09:41:44,Bulk,15,Fence Wire (50ft),Ranch_Supplies,1,12.99,12.99,166.88
734,2024-01-11 09:41:44,Bulk,25,Riding Spurs,Rodeo_Gear,2,22.99,45.98,166.88
734,2024-01-11 09:41:44,Bulk,27,Bull Rope Rosin,Rodeo_Gear,1,7.49,7.49,166.88
734,2024-01-11 09:41:44,Bulk,14,Work Gloves,Ranch_Supplies,1,6.99,6.99,166.88
734,2024-01-11 09:41:44,Bulk,13,Saddle Oil,Ranch_Supplies,1,9.99,9.99,166.88
734,2024-01-11 09:41:44,Bulk,16,Hay Bale Twine,Ranch_Supplies,1,5.99,5.99,166.88
734,2024-01-11 09:41:44,Bulk,29,Leather Wallet,Leather_Goods,1,24.99,24.99,166.88
734,2024-01-11 09:41:44,Bulk,9,Dried Apple Slices,Cowboy_Food,1,4.99,4.99,166.88
734,2024-01-11 09:41:44,Bulk,22,Flannel Shirt,Western_Apparel,1,29.99,29.99,166.88
734,2024-01-11 09:41:44,Bulk,8,Hardtack Biscuits,Cowboy_Food,1,2.49,2.49,166.88
735,2024-01-11 15:46:04,Regular,7,Prairie Honey,Cowboy_Food,1,6.49,6.49,148.89
735,2024-01-11 15:46:04,Regular,28,Leather Saddlebag,Leather_Goods,1,59.99,59.99,148.89
735,2024-01-11 15:46:04,Regular,2,Campfire Chili,Cowboy_Food,1,3.99,3.99,148.89
735,2024-01-11 15:46:04,Regular,11,Lasso Rope,Ranch_Supplies,1,14.99,14.99,148.89
735,2024-01-11 15:46:04,Regular,17,Stock Tank Float,Ranch_Supplies,1,8.49,8.49,148.89
735,2024-01-11 15:46:04,Regular,6,Campfire Coffee,Cowboy_Food,2,7.99,15.98,148.89
735,2024-01-11 15:46:04,Regular,8,Hardtack Biscuits,Cowboy_Food,1,2.49,2.49,148.89
735,2024-01-11 15:46:04,Regular,10,Smoked Sausage Links,Cowboy_Food,1,8.99,8.99,148.89
735,2024-01-11 15:46:04,Regular,27,Bull Rope Rosin,Rodeo_Gear,1,7.49,7.49,148.89
735,2024-01-11 15:46:04,Regular,12,Horse Feed Sack,Ranch_Supplies,1,19.99,19.99,148.89
736,2024-01-11 11:26:08,Casual,26,Rodeo Rope,Rodeo_Gear,1,18.99,18.99,23.98
736,2024-01-11 11:26:08,Casual,9,Dried Apple Slices,Cowboy_Food,1,4.99,4.99,23.98
737,2024-01-11 12:21:04,Regular,15,Fence Wire (50ft),Ranch_Supplies,1,12.99,12.99,12.99
738,2024-01-11 10:02:01,Regular,24,Denim Vest,Western_Apparel,1,39.99,39.99,386.35
738,2024-01-11 10:02:01,Regular,2,Campfire Chili,Cowboy_Food,1,3.99,3.99,386.35
738,2024-01-11 10:02:01,Regular,20,Cowboy Boots,Western_Apparel,2,89.99,179.98,386.35
738,2024-01-11 10:02:01,Regular,4,Trail Beef Jerky,Cowboy_Food,2,5.99,11.98,386.35
738,2024-01-11 10:02:01,Regular,12,Horse Feed Sack,Ranch_Supplies,2,19.99,39.98,386.35
738,2024-01-11 10:02:01,Regular,25,Riding Spurs,Rodeo_Gear,1,22.99,22.99,386.35
738,2024-01-11 10:02:01,Regular,3,Smoky BBQ Sauce,Cowboy_Food,1,4.49,4.49,386.35
738,2024-01-11 10:02:01,Regular,18,Branding Iron,Ranch_Supplies,1,24.99,24.99,386.35
738,2024-01-11 10:02:01,Regular,26,Rodeo Rope,Rodeo_Gear,1,18.99,18.99,386.35
738,2024-01-11 10:02:01,Regular,23,Leather Belt,Western_Apparel,1,19.99,19.99,386.35
738,2024-01-11 10:02:01,Regular,13,Saddle Oil,Ranch_Supplies,1,9.99,9.99,386.35
738,2024-01-11 10:02:01,Regular,10,Smoked Sausage Links,Cowboy_Food,1,8.99,8.99,386.35
739,2024-01-11 11:25:50,Bulk,20,Cowboy Boots,Western_Apparel,2,89.99,179.98,227.43
739,2024-01-11 11:25:50,Bulk,27,Bull Rope Rosin,Rodeo_Gear,1,7.49,7.49,227.43
739,2024-01-11 11:25:50,Bulk,16,Hay Bale Twine,Ranch_Supplies,1,5.99,5.99,227.43
739,2024-01-11 11:25:50,Bulk,2,Campfire Chili,Cowboy_Food,1,3.99,3.99,227.43
739,2024-01-11 11:25:50,Bulk,29,Leather Wallet,Leather_Goods,1,24.99,24.99,227.43
739,2024-01-11 11:25:50,Bulk,9,Dried Apple Slices,Cowboy_Food,1,4.99,4.99,227.43
740,2024-01-11 18:42:10,Regular,23,Leather Belt,Western_Apparel,1,19.99,19.99,19.99
741,2024-01-11 18:57:00,Regular,30,Leather Journal,Leather_Goods,1,14.99,14.99,14.99
742,2024-01-11 16:38:56,Regular,9,Dried Apple Slices,Cowboy_Food,1,4.99,4.99,15.46
742,2024-01-11 16:38:56,Regular,8,Hardtack Biscuits,Cowboy_Food,1,2.49,2.49,15.46
742,2024-01-11 16:38:56,Regular,21,Red Bandana,Western_Apparel,1,4.99,4.99,15.46
742,2024-01-11 16:38:56,Regular,1,Chuckwagon Beans,Cowboy_Food,1,2.99,2.99,15.46
743,2024-01-11 16:02:16,Casual,2,Campfire Chili,Cowboy_Food,1,3.99,3.99,3.99
744,2024-01-11 16:56:48,Regular,1,Chuckwagon Beans,Cowboy_Food,1,2.99,2.99,39.45
744,2024-01-11 16:56:48,Regular,27,Bull Rope Rosin,Rodeo_Gear,1,7.49,7.49,39.45
744,2024-01-11 16:56:48,Regular,26,Rodeo Rope,Rodeo_Gear,1,18.99,18.99,39.45
744,2024-01-11 16:56:48,Regular,5,Cornbread Mix,Cowboy_Food,1,3.49,3.49,39.45
744,2024-01-11 16:56:48,Regular,7,Prairie Honey,Cowboy_Food,1,6.49,6.49,39.45
745,2024-01-11 17:42:57,Casual,26,Rodeo Rope,Rodeo_Gear,1,18.99,18.99,52.95
745,2024-01-11 17:42:57,Casual,21,Red Bandana,Western_Apparel,2,4.99,9.98,52.95
745,2024-01-11 17:42:57,Casual,23,Leather Belt,Western_Apparel,1,19.99,19.99,52.95
745,2024-01-11 17:42:57,Casual,2,Campfire Chili,Cowboy_Food,1,3.99,3.99,52.95
746,2024-01-11 15:28:31,Casual,6,Campfire Coffee,Cowboy_Food,1,7.99,7.99,83.94
746,2024-01-11 15:28:31,Casual,1,Chuckwagon Beans,Cowboy_Food,1,2.99,2.99,83.94
746,2024-01-11 15:28:31,Casual,19,Cowboy Hat,Western_Apparel,1,34.99,34.99,83.94
746,2024-01-11 15:28:31,Casual,26,Rodeo Rope,Rodeo_Gear,1,18.99,18.99,83.94
746,2024-01-11 15:28:31,Casual,2,Campfire Chili,Cowboy_Food,1,3.99,3.99,83.94
746,2024-01-11 15:28:31,Casual,11,Lasso Rope,Ranch_Supplies,1,14.99,14.99,83.94
747,2024-01-11 10:03:55,Bulk,17,Stock Tank Float,Ranch_Supplies,1,8.49,8.49,77.45
747,2024-01-11 10:03:55,Bulk,19,Cowboy Hat,Western_Apparel,1,34.99,34.99,77.45
747,2024-01-11 10:03:55,Bulk,18,Branding Iron,Ranch_Supplies,1,24.99,24.99,77.45
747,2024-01-11 10:03:55,Bulk,1,Chuckwagon Beans,Cowboy_Food,1,2.99,2.99,77.45
747,2024-01-11 10:03:55,Bulk,4,Trail Beef Jerky,Cowboy_Food,1,5.99,5.99,77.45
748,2024-01-11 16:34:58,Regular,4,Trail Beef Jerky,Cowboy_Food,2,5.99,11.98,93.95
748,2024-01-11 16:34:58,Regular,14,Work Gloves,Ranch_Supplies,1,6.99,6.99,93.95
748,2024-01-11 16:34:58,Regular,19,Cowboy Hat,Western_Apparel,1,34.99,34.99,93.95
748,2024-01-11 16:34:58,Regular,24,Denim Vest,Western_Apparel,1,39.99,39.99,93.95
749,2024-01-11 18:40:08,Casual,4,Trail Beef Jerky,Cowboy_Food,1,5.99,5.99,10.48
749,2024-01-11 18:40:08,Casual,3,Smoky BBQ Sauce,Cowboy_Food,1,4.49,4.49,10.48
750,2024-01-11 12:09:08,Regular,14,Work Gloves,Ranch_Supplies,1,6.99,6.99,25.45
750,2024-01-11 12:09:08,Regular,3,Smoky BBQ Sauce,Cowboy_Food,1,4.49,4.49,25.45
750,2024-01-11 12:09:08,Regular,7,Prairie Honey,Cowboy_Food,1,6.49,6.49,25.45
750,2024-01-11 12:09:08,Regular,8,Hardtack Biscuits,Cowboy_Food,1,2.49,2.49,25.45
750,2024-01-11 12:09:08,Regular,21,Red Bandana,Western_Apparel,1,4.99,4.99,25.45
751,2024-01-11 15:01:22,Tourist,30,Leather Journal,Leather_Goods,1,14.99,14.99,14.99
752,2024-01-11 13:31:33,Casual,23,Leather Belt,Western_Apparel,1,19.99,19.99,115.94
752,2024-01-11 13:31:33,Casual,2,Campfire Chili,Cowboy_Food,1,3.99,3.99,115.94
752,2024-01-11 13:31:33,Casual,14,Work Gloves,Ranch_Supplies,1,6.99,6.99,115.94
752,2024-01-11 13:31:33,Casual,19,Cowboy Hat,Western_Apparel,1,34.99,34.99,115.94
752,2024-01-11 13:31:33,Casual,24,Denim Vest,Western_Apparel,1,39.99,39.99,115.94
752,2024-01-11 13:31:33,Casual,13,Saddle Oil,Ranch_Supplies,1,9.99,9.99,115.94
753,2024-01-11 14:05:47,Regular,6,Campfire Coffee,Cowboy_Food,1,7.99,7.99,70.92
753,2024-01-11 14:05:47,Regular,10,Smoked Sausage Links,Cowboy_Food,1,8.99,8.99,70.92
753,2024-01-11 14:05:47,Regular,14,Work Gloves,Ranch_Supplies,1,6.99,6.99,70.92
753,2024-01-11 14:05:47,Regular,7,Prairie Honey,Cowboy_Food,1,6.49,6.49,70.92
753,2024-01-11 14:05:47,Regular,16,Hay Bale Twine,Ranch_Supplies,1,5.99,5.99,70.92
753,2024-01-11 14:05:47,Regular,26,Rodeo Rope,Rodeo_Gear,1,18.99,18.99,70.92
753,2024-01-11 14:05:47,Regular,15,Fence Wire (50ft),Ranch_Supplies,1,12.99,12.99,70.92
753,2024-01-11 14:05:47,Regular,8,Hardtack Biscuits,Cowboy_Food,1,2.49,2.49,70.92
754,2024-01-11 16:38:10,Casual,5,Cornbread Mix,Cowboy_Food,1,3.49,3.49,13.47
754,2024-01-11 16:38:10,Casual,9,Dried Apple Slices,Cowboy_Food,2,4.99,9.98,13.47
755,2024-01-11 13:52:11,Bulk,4,Trail Beef Jerky,Cowboy_Food,1,5.99,5.99,64.43
755,2024-01-11 13:52:11,Bulk,3,Smoky BBQ Sauce,Cowboy_Food,2,4.49,8.98,64.43
755,2024-01-11 13:52:11,Bulk,11,Lasso Rope,Ranch_Supplies,1,14.99,14.99,64.43
755,2024-01-11 13:52:11,Bulk,8,Hardtack Biscuits,Cowboy_Food,1,2.49,2.49,64.43
755,2024-01-11 13:52:11,Bulk,18,Branding Iron,Ranch_Supplies,1,24.99,24.99,64.43
755,2024-01-11 13:52:11,Bulk,14,Work Gloves,Ranch_Supplies,1,6.99,6.99,64.43
756,2024-01-11 18:06:18,Regular,6,Campfire Coffee,Cowboy_Food,1,7.99,7.99,45.96
756,2024-01-11 18:06:18,Regular,25,Riding Spurs,Rodeo_Gear,1,22.99,22.99,45.96
756,2024-01-11 18:06:18,Regular,10,Smoked Sausage Links,Cowboy_Food,1,8.99,8.99,45.96
756,2024-01-11 18:06:18,Regular,4,Trail Beef Jerky,Cowboy_Food,1,5.99,5.99,45.96
757,2024-01-11 17:01:16,Regular,6,Campfire Coffee,Cowboy_Food,2,7.99,15.98,185.36
757,2024-01-11 17:01:16,Regular,11,Lasso Rope,Ranch_Supplies,1,14.99,14.99,185.36
757,2024-01-11 17:01:16,Regular,17,Stock Tank Float,Ranch_Supplies,1,8.49,8.49,185.36
757,2024-01-11 17:01:16,Regular,16,Hay Bale Twine,Ranch_Supplies,1,5.99,5.99,185.36
757,2024-01-11 17:01:16,Regular,4,Trail Beef Jerky,Cowboy_Food,1,5.99,5.99,185.36
757,2024-01-11 17:01:16,Regular,3,Smoky BBQ Sauce,Cowboy_Food,1,4.49,4.49,185.36
757,2024-01-11 17:01:16,Regular,10,Smoked Sausage Links,Cowboy_Food,2,8.99,17.98,185.36
757,2024-01-11 17:01:16,Regular,1,Chuckwagon Beans,Cowboy_Food,1,2.99,2.99,185.36
757,2024-01-11 17:01:16,Regular,20,Cowboy Boots,Western_Apparel,1,89.99,89.99,185.36
757,2024-01-11 17:01:16,Regular,7,Prairie Honey,Cowboy_Food,1,6.49,6.49,185.36
757,2024-01-11 17:01:16,Regular,9,Dried Apple Slices,Cowboy_Food,1,4.99,4.99,185.36
757,2024-01-11 17:01:16,Regular,14,Work Gloves,Ranch_Supplies,1,6.99,6.99,185.36
758,2024-01-11 09:54:56,Bulk,2,Campfire Chili,Cowboy_Food,1,3.99,3.99,350.3
758,2024-01-11 09:54:56,Bulk,24,Denim Vest,Western_Apparel,1,39.99,39.99,350.3
758,2024-01-11 09:54:56,Bulk,29,Leather Wallet,Leather_Goods,2,24.99,49.98,350.3
758,2024-01-11 09:54:56,Bulk,18,Branding Iron,Ranch_Supplies,2,24.99,49.98,350.3
758,2024-01-11 09:54:56,Bulk,11,Lasso Rope,Ranch_Supplies,2,14.99,29.98,350.3
758,2024-01-11 09:54:56,Bulk,3,Smoky BBQ Sauce,Cowboy_Food,1,4.49,4.49,350.3
758,2024-01-11 09:54:56,Bulk,1,Chuckwagon Beans,Cowboy_Food,1,2.99,2.99,350.3
758,2024-01-11 09:54:56,Bulk,6,Campfire Coffee,Cowboy_Food,2,7.99,15.98,350.3
758,2024-01-11 09:54:56,Bulk,14,Work Gloves,Ranch_Supplies,3,6.99,20.97,350.3
758,2024-01-11 09:54:56,Bulk,5,Cornbread Mix,Cowboy_Food,2,3.49,6.98,350.3
758,2024-01-11 09:54:56,Bulk,9,Dried Apple Slices,Cowboy_Food,1,4.99,4.99,350.3
758,2024-01-11 09:54:56,Bulk,20,Cowboy Boots,Western_Apparel,1,89.99,89.99,350.3
758,2024-01-11 09:54:56,Bulk,22,Flannel Shirt,Western_Apparel,1,29.99,29.99,350.3
759,2024-01-11 17:11:23,Casual,12,Horse Feed Sack,Ranch_Supplies,1,19.99,19.99,22.98
759,2024-01-11 17:11:23,Casual,1,Chuckwagon Beans,Cowboy_Food,1,2.99,2.99,22.98
760,2024-01-11 16:55:52,Casual,28,Leather Saddlebag,Leather_Goods,1,59.99,59.99,63.48
760,2024-01-11 16:55:52,Casual,5,Cornbread Mix,Cowboy_Food,1,3.49,3.49,63.48
761,2024-01-11 15:27:03,Regular,29,Leather Wallet,Leather_Goods,1,24.99,24.99,136.88
761,2024-01-11 15:27:03,Regular,2,Campfire Chili,Cowboy_Food,2,3.99,7.98,136.88
761,2024-01-11 15:27:03,Regular,27,Bull Rope Rosin,Rodeo_Gear,1,7.49,7.49,136.88
761,2024-01-11 15:27:03,Regular,8,Hardtack Biscuits,Cowboy_Food,2,2.49,4.98,136.88
761,2024-01-11 15:27:03,Regular,18,Branding Iron,Ranch_Supplies,1,24.99,24.99,136.88
761,2024-01-11 15:27:03,Regular,19,Cowboy Hat,Western_Apparel,1,34.99,34.99,136.88
761,2024-01-11 15:27:03,Regular,5,Cornbread Mix,Cowboy_Food,1,3.49,3.49,136.88
761,2024-01-11 15:27:03,Regular,13,Saddle Oil,Ranch_Supplies,1,9.99,9.99,136.88
761,2024-01-11 15:27:03,Regular,15,Fence Wire (50ft),Ranch_Supplies,1,12.99,12.99,136.88
761,2024-01-11 15:27:03,Regular,9,Dried Apple Slices,Cowboy_Food,1,4.99,4.99,136.88
762,2024-01-11 15:18:06,Bulk,30,Leather Journal,Leather_Goods,1,14.99,14.99,208.38
762,2024-01-11 15:18:06,Bulk,23,Leather Belt,Western_Apparel,1,19.99,19.99,208.38
762,2024-01-11 15:18:06,Bulk,16,Hay Bale Twine,Ranch_Supplies,1,5.99,5.99,208.38
762,2024-01-11 15:18:06,Bulk,4,Trail Beef Jerky,Cowboy_Food,3,5.99,17.97,208.38
762,2024-01-11 15:18:06,Bulk,18,Branding Iron,Ranch_Supplies,1,24.99,24.99,208.38
762,2024-01-11 15:18:06,Bulk,11,Lasso Rope,Ranch_Supplies,1,14.99,14.99,208.38
762,2024-01-11 15:18:06,Bulk,20,Cowboy Boots,Western_Apparel,1,89.99,89.99,208.38
762,2024-01-11 15:18:06,Bulk,10,Smoked Sausage Links,Cowboy_Food,1,8.99,8.99,208.38
762,2024-01-11 15:18:06,Bulk,14,Work Gloves,Ranch_Supplies,1,6.99,6.99,208.38
762,2024-01-11 15:18:06,Bulk,5,Cornbread Mix,Cowboy_Food,1,3.49,3.49,208.38
763,2024-01-11 17:17:48,Bulk,19,Cowboy Hat,Western_Apparel,1,34.99,34.99,191.41
763,2024-01-11 17:17:48,Bulk,3,Smoky BBQ Sauce,Cowboy_Food,1,4.49,4.49,191.41
763,2024-01-11 17:17:48,Bulk,2,Campfire Chili,Cowboy_Food,2,3.99,7.98,191.41
763,2024-01-11 17:17:48,Bulk,20,Cowboy Boots,Western_Apparel,1,89.99,89.99,191.41
763,2024-01-11 17:17:48,Bulk,25,Riding Spurs,Rodeo_Gear,1,22.99,22.99,191.41
763,2024-01-11 17:17:48,Bulk,4,Trail Beef Jerky,Cowboy_Food,2,5.99,11.98,191.41
763,2024-01-11 17:17:48,Bulk,26,Rodeo Rope,Rodeo_Gear,1,18.99,18.99,191.41
764,2024-01-11 14:37:14,Bulk,7,Prairie Honey,Cowboy_Food,2,6.49,12.98,168.41
764,2024-01-11 14:37:14,Bulk,2,Campfire Chili,Cowboy_Food,1,3.99,3.99,168.41
764,2024-01-11 14:37:14,Bulk,8,Hardtack Biscuits,Cowboy_Food,1,2.49,2.49,168.41
764,2024-01-11 14:37:14,Bulk,1,Chuckwagon Beans,Cowboy_Food,1,2.99,2.99,168.41
764,2024-01-11 14:37:14,Bulk,23,Leather Belt,Western_Apparel,1,19.99,19.99,168.41
764,2024-01-11 14:37:14,Bulk,20,Cowboy Boots,Western_Apparel,1,89.99,89.99,168.41
764,2024-01-11 14:37:14,Bulk,15,Fence Wire (50ft),Ranch_Supplies,1,12.99,12.99,168.41
764,2024-01-11 14:37:14,Bulk,25,Riding Spurs,Rodeo_Gear,1,22.99,22.99,168.41
765,2024-01-11 11:20:04,Regular,6,Campfire Coffee,Cowboy_Food,1,7.99,7.99,19.47
765,2024-01-11 11:20:04,Regular,2,Campfire Chili,Cowboy_Food,1,3.99,3.99,19.47
765,2024-01-11 11:20:04,Regular,27,Bull Rope Rosin,Rodeo_Gear,1,7.49,7.49,19.47
766,2024-01-11 12:44:35,Regular,10,Smoked Sausage Links,Cowboy_Food,2,8.99,17.98,105.94
766,2024-01-11 12:44:35,Regular,24,Denim Vest,Western_Apparel,1,39.99,39.99,105.94
766,2024-01-11 12:44:35,Regular,22,Flannel Shirt,Western_Apparel,1,29.99,29.99,105.94
766,2024-01-11 12:44:35,Regular,11,Lasso Rope,Ranch_Supplies,1,14.99,14.99,105.94
766,2024-01-11 12:44:35,Regular,1,Chuckwagon Beans,Cowboy_Food,1,2.99,2.99,105.94
767,2024-01-11 12:13:08,Casual,4,Trail Beef Jerky,Cowboy_Food,1,5.99,5.99,5.99
768,2024-01-11 16:25:03,Regular,19,Cowboy Hat,Western_Apparel,1,34.99,34.99,336.35
768,2024-01-11 16:25:03,Regular,3,Smoky BBQ Sauce,Cowboy_Food,2,4.49,8.98,336.35
768,2024-01-11 16:25:03,Regular,20,Cowboy Boots,Western_Apparel,2,89.99,179.98,336.35
768,2024-01-11 16:25:03,Regular,8,Hardtack Biscuits,Cowboy_Food,1,2.49,2.49,336.35
768,2024-01-11 16:25:03,Regular,14,Work Gloves,Ranch_Supplies,1,6.99,6.99,336.35
768,2024-01-11 16:25:03,Regular,29,Leather Wallet,Leather_Goods,1,24.99,24.99,336.35
768,2024-01-11 16:25:03,Regular,26,Rodeo Rope,Rodeo_Gear,1,18.99,18.99,336.35
768,2024-01-11 16:25:03,Regular,6,Campfire Coffee,Cowboy_Food,1,7.99,7.99,336.35
768,2024-01-11 16:25:03,Regular,22,Flannel Shirt,Western_Apparel,1,29.99,29.99,336.35
768,2024-01-11 16:25:03,Regular,1,Chuckwagon Beans,Cowboy_Food,2,2.99,5.98,336.35
768,2024-01-11 16:25:03,Regular,4,Trail Beef Jerky,Cowboy_Food,1,5.99,5.99,336.35
768,2024-01-11 16:25:03,Regular,10,Smoked Sausage Links,Cowboy_Food,1,8.99,8.99,336.35
769,2024-01-11 11:29:24,Regular,26,Rodeo Rope,Rodeo_Gear,1,18.99,18.99,56.94
769,2024-01-11 11:29:24,Regular,8,Hardtack Biscuits,Cowboy_Food,2,2.49,4.98,56.94
769,2024-01-11 11:29:24,Regular,14,Work Gloves,Ranch_Supplies,1,6.99,6.99,56.94
769,2024-01-11 11:29:24,Regular,1,Chuckwagon Beans,Cowboy_Food,1,2.99,2.99,56.94
769,2024-01-11 11:29:24,Regular,25,Riding Spurs,Rodeo_Gear,1,22.99,22.99,56.94
770,2024-01-11 16:13:33,Bulk,6,Campfire Coffee,Cowboy_Food,1,7.99,7.99,58.94
770,2024-01-11 16:13:33,Bulk,16,Hay Bale Twine,Ranch_Supplies,1,5.99,5.99,58.94
770,2024-01-11 16:13:33,Bulk,11,Lasso Rope,Ranch_Supplies,1,14.99,14.99,58.94
770,2024-01-11 16:13:33,Bulk,2,Campfire Chili,Cowboy_Food,1,3.99,3.99,58.94
770,2024-01-11 16:13:33,Bulk,25,Riding Spurs,Rodeo_Gear,1,22.99,22.99,58.94
770,2024-01-11 16:13:33,Bulk,1,Chuckwagon Beans,Cowboy_Food,1,2.99,2.99,58.94
771,2024-01-11 15:03:31,Regular,18,Branding Iron,Ranch_Supplies,1,24.99,24.99,37.47
771,2024-01-11 15:03:31,Regular,17,Stock Tank Float,Ranch_Supplies,1,8.49,8.49,37.47
771,2024-01-11 15:03:31,Regular,2,Campfire Chili,Cowboy_Food,1,3.99,3.99,37.47
772,2024-01-11 17:19:35,Regular,23,Leather Belt,Western_Apparel,1,19.99,19.99,86.96
772,2024-01-11 17:19:35,Regular,24,Denim Vest,Western_Apparel,1,39.99,39.99,86.96
772,2024-01-11 17:19:35,Regular,25,Riding Spurs,Rodeo_Gear,1,22.99,22.99,86.96
772,2024-01-11 17:19:35,Regular,2,Campfire Chili,Cowboy_Food,1,3.99,3.99,86.96
773,2024-01-11 15:13:01,Regular,19,Cowboy Hat,Western_Apparel,1,34.99,34.99,76.95
773,2024-01-11 15:13:01,Regular,4,Trail Beef Jerky,Cowboy_Food,1,5.99,5.99,76.95
773,2024-01-11 15:13:01,Regular,25,Riding Spurs,Rodeo_Gear,1,22.99,22.99,76.95
773,2024-01-11 15:13:01,Regular,17,Stock Tank Float,Ranch_Supplies,1,8.49,8.49,76.95
773,2024-01-11 15:13:01,Regular,3,Smoky BBQ Sauce,Cowboy_Food,1,4.49,4.49,76.95
774,2024-01-11 17:59:17,Bulk,25,Riding Spurs,Rodeo_Gear,2,22.99,45.98,228.33
774,2024-01-11 17:59:17,Bulk,15,Fence Wire (50ft),Ranch_Supplies,1,12.99,12.99,228.33
774,2024-01-11 17:59:17,Bulk,12,Horse Feed Sack,Ranch_Supplies,3,19.99,59.97,228.33
774,2024-01-11 17:59:17,Bulk,5,Cornbread Mix,Cowboy_Food,1,3.49,3.49,228.33
774,2024-01-11 17:59:17,Bulk,4,Trail Beef Jerky,Cowboy_Food,1,5.99,5.99,228.33
774,2024-01-11 17:59:17,Bulk,13,Saddle Oil,Ranch_Supplies,1,9.99,9.99,228.33
774,2024-01-11 17:59:17,Bulk,21,Red Bandana,Western_Apparel,1,4.99,4.99,228.33
774,2024-01-11 17:59:17,Bulk,17,Stock Tank Float,Ranch_Supplies,1,8.49,8.49,228.33
774,2024-01-11 17:59:17,Bulk,30,Leather Journal,Leather_Goods,1,14.99,14.99,228.33
774,2024-01-11 17:59:17,Bulk,9,Dried Apple Slices,Cowboy_Food,2,4.99,9.98,228.33
774,2024-01-11 17:59:17,Bulk,27,Bull Rope Rosin,Rodeo_Gear,1,7.49,7.49,228.33
774,2024-01-11 17:59:17,Bulk,24,Denim Vest,Western_Apparel,1,39.99,39.99,228.33
774,2024-01-11 17:59:17,Bulk,2,Campfire Chili,Cowboy_Food,1,3.99,3.99,228.33
775,2024-01-11 17:44:20,Tourist,3,Smoky BBQ Sauce,Cowboy_Food,1,4.49,4.49,163.91
775,2024-01-11 17:44:20,Tourist,5,Cornbread Mix,Cowboy_Food,1,3.49,3.49,163.91
775,2024-01-11 17:44:20,Tourist,12,Horse Feed Sack,Ranch_Supplies,1,19.99,19.99,163.91
775,2024-01-11 17:44:20,Tourist,6,Campfire Coffee,Cowboy_Food,1,7.99,7.99,163.91
775,2024-01-11 17:44:20,Tourist,27,Bull Rope Rosin,Rodeo_Gear,1,7.49,7.49,163.91
775,2024-01-11 17:44:20,Tourist,20,Cowboy Boots,Western_Apparel,1,89.99,89.99,163.91
775,2024-01-11 17:44:20,Tourist,11,Lasso Rope,Ranch_Supplies,1,14.99,14.99,163.91
775,2024-01-11 17:44:20,Tourist,7,Prairie Honey,Cowboy_Food,1,6.49,6.49,163.91
775,2024-01-11 17:44:20,Tourist,10,Smoked Sausage Links,Cowboy_Food,1,8.99,8.99,163.91
776,2024-01-11 11:32:17,Regular,25,Riding Spurs,Rodeo_Gear,1,22.99,22.99,22.99
777,2024-01-11 16:27:33,Regular,19,Cowboy Hat,Western_Apparel,1,34.99,34.99,54.47
777,2024-01-11 16:27:33,Regular,11,Lasso Rope,Ranch_Supplies,1,14.99,14.99,54.47
777,2024-01-11 16:27:33,Regular,3,Smoky BBQ Sauce,Cowboy_Food,1,4.49,4.49,54.47
778,2024-01-11 11:46:13,Casual,23,Leather Belt,Western_Apparel,1,19.99,19.99,42.98
778,2024-01-11 11:46:13,Casual,25,Riding Spurs,Rodeo_Gear,1,22.99,22.99,42.98
779,2024-01-11 17:12:37,Regular,6,Campfire Coffee,Cowboy_Food,1,7.99,7.99,27.98
779,2024-01-11 17:12:37,Regular,23,Leather Belt,Western_Apparel,1,19.99,19.99,27.98
780,2024-01-11 16:10:56,Tourist,14,Work Gloves,Ranch_Supplies,3,6.99,20.97,119.92
780,2024-01-11 16:10:56,Tourist,6,Campfire Coffee,Cowboy_Food,1,7.99,7.99,119.92
780,2024-01-11 16:10:56,Tourist,4,Trail Beef Jerky,Cowboy_Food,1,5.99,5.99,119.92
780,2024-01-11 16:10:56,Tourist,23,Leather Belt,Western_Apparel,1,19.99,19.99,119.92
780,2024-01-11 16:10:56,Tourist,21,Red Bandana,Western_Apparel,1,4.99,4.99,119.92
780,2024-01-11 16:10:56,Tourist,28,Leather Saddlebag,Leather_Goods,1,59.99,59.99,119.92
781,2024-01-11 12:30:39,Bulk,5,Cornbread Mix,Cowboy_Food,1,3.49,3.49,25.96
781,2024-01-11 12:30:39,Bulk,17,Stock Tank Float,Ranch_Supplies,1,8.49,8.49,25.96
781,2024-01-11 12:30:39,Bulk,10,Smoked Sausage Links,Cowboy_Food,1,8.99,8.99,25.96
781,2024-01-11 12:30:39,Bulk,9,Dried Apple Slices,Cowboy_Food,1,4.99,4.99,25.96
782,2024-01-11 12:04:23,Regular,19,Cowboy Hat,Western_Apparel,1,34.99,34.99,103.44
782,2024-01-11 12:04:23,Regular,4,Trail Beef Jerky,Cowboy_Food,1,5.99,5.99,103.44
782,2024-01-11 12:04:23,Regular,30,Leather Journal,Leather_Goods,1,14.99,14.99,103.44
782,2024-01-11 12:04:23,Regular,22,Flannel Shirt,Western_Apparel,1,29.99,29.99,103.44
782,2024-01-11 12:04:23,Regular,11,Lasso Rope,Ranch_Supplies,1,14.99,14.99,103.44
782,2024-01-11 12:04:23,Regular,8,Hardtack Biscuits,Cowboy_Food,1,2.49,2.49,103.44
783,2024-01-11 14:40:26,Regular,23,Leather Belt,Western_Apparel,1,19.99,19.99,89.42
783,2024-01-11 14:40:26,Regular,1,Chuckwagon Beans,Cowboy_Food,1,2.99,2.99,89.42
783,2024-01-11 14:40:26,Regular,6,Campfire Coffee,Cowboy_Food,1,7.99,7.99,89.42
783,2024-01-11 14:40:26,Regular,8,Hardtack Biscuits,Cowboy_Food,1,2.49,2.49,89.42
783,2024-01-11 14:40:26,Regular,29,Leather Wallet,Leather_Goods,1,24.99,24.99,89.42
783,2024-01-11 14:40:26,Regular,14,Work Gloves,Ranch_Supplies,1,6.99,6.99,89.42
783,2024-01-11 14:40:26,Regular,10,Smoked Sausage Links,Cowboy_Food,1,8.99,8.99,89.42
783,2024-01-11 14:40:26,Regular,11,Lasso Rope,Ranch_Supplies,1,14.99,14.99,89.42
784,2024-01-11 17:04:35,Regular,17,Stock Tank Float,Ranch_Supplies,1,8.49,8.49,80.45
784,2024-01-11 17:04:35,Regular,19,Cowboy Hat,Western_Apparel,1,34.99,34.99,80.45
784,2024-01-11 17:04:35,Regular,5,Cornbread Mix,Cowboy_Food,2,3.49,6.98,80.45
784,2024-01-11 17:04:35,Regular,22,Flannel Shirt,Western_Apparel,1,29.99,29.99,80.45
785,2024-01-11 17:03:43,Casual,23,Leather Belt,Western_Apparel,1,19.99,19.99,67.94
785,2024-01-11 17:03:43,Casual,5,Cornbread Mix,Cowboy_Food,1,3.49,3.49,67.94
785,2024-01-11 17:03:43,Casual,14,Work Gloves,Ranch_Supplies,1,6.99,6.99,67.94
785,2024-01-11 17:03:43,Casual,3,Smoky BBQ Sauce,Cowboy_Food,1,4.49,4.49,67.94
785,2024-01-11 17:03:43,Casual,12,Horse Feed Sack,Ranch_Supplies,1,19.99,19.99,67.94
785,2024-01-11 17:03:43,Casual,15,Fence Wire (50ft),Ranch_Supplies,1,12.99,12.99,67.94
786,2024-01-11 10:01:18,Regular,10,Smoked Sausage Links,Cowboy_Food,1,8.99,8.99,55.96
786,2024-01-11 10:01:18,Regular,25,Riding Spurs,Rodeo_Gear,1,22.99,22.99,55.96
786,2024-01-11 10:01:18,Regular,26,Rodeo Rope,Rodeo_Gear,1,18.99,18.99,55.96
786,2024-01-11 10:01:18,Regular,9,Dried Apple Slices,Cowboy_Food,1,4.99,4.99,55.96
787,2024-01-11 12:36:02,Casual,16,Hay Bale Twine,Ranch_Supplies,1,5.99,5.99,14.48
787,2024-01-11 12:36:02,Casual,17,Stock Tank Float,Ranch_Supplies,1,8.49,8.49,14.48
788,2024-01-11 14:35:42,Casual,20,Cowboy Boots,Western_Apparel,1,89.99,89.99,116.47
788,2024-01-11 14:35:42,Casual,5,Cornbread Mix,Cowboy_Food,1,3.49,3.49,116.47
788,2024-01-11 14:35:42,Casual,25,Riding Spurs,Rodeo_Gear,1,22.99,22.99,116.47
789,2024-01-11 15:53:39,Casual,25,Riding Spurs,Rodeo_Gear,1,22.99,22.99,22.99
790,2024-01-11 11:15:06,Casual,30,Leather Journal,Leather_Goods,1,14.99,14.99,42.45
790,2024-01-11 11:15:06,Casual,8,Hardtack Biscuits,Cowboy_Food,2,2.49,4.98,42.45
790,2024-01-11 11:15:06,Casual,11,Lasso Rope,Ranch_Supplies,1,14.99,14.99,42.45
790,2024-01-11 11:15:06,Casual,27,Bull Rope Rosin,Rodeo_Gear,1,7.49,7.49,42.45
791,2024-01-11 13:02:37,Regular,29,Leather Wallet,Leather_Goods,1,24.99,24.99,78.93
791,2024-01-11 13:02:37,Regular,10,Smoked Sausage Links,Cowboy_Food,1,8.99,8.99,78.93
791,2024-01-11 13:02:37,Regular,8,Hardtack Biscuits,Cowboy_Food,1,2.49,2.49,78.93
791,2024-01-11 13:02:37,Regular,17,Stock Tank Float,Ranch_Supplies,1,8.49,8.49,78.93
791,2024-01-11 13:02:37,Regular,12,Horse Feed Sack,Ranch_Supplies,1,19.99,19.99,78.93
791,2024-01-11 13:02:37,Regular,13,Saddle Oil,Ranch_Supplies,1,9.99,9.99,78.93
791,2024-01-11 13:02:37,Regular,2,Campfire Chili,Cowboy_Food,1,3.99,3.99,78.93
792,2024-01-11 17:37:04,Bulk,10,Smoked Sausage Links,Cowboy_Food,2,8.99,17.98,67.95
792,2024-01-11 17:37:04,Bulk,14,Work Gloves,Ranch_Supplies,1,6.99,6.99,67.95
792,2024-01-11 17:37:04,Bulk,19,Cowboy Hat,Western_Apparel,1,34.99,34.99,67.95
792,2024-01-11 17:37:04,Bulk,6,Campfire Coffee,Cowboy_Food,1,7.99,7.99,67.95
793,2024-01-11 15:08:38,Casual,15,Fence Wire (50ft),Ranch_Supplies,1,12.99,12.99,146.46
793,2024-01-11 15:08:38,Casual,17,Stock Tank Float,Ranch_Supplies,1,8.49,8.49,146.46
793,2024-01-11 15:08:38,Casual,20,Cowboy Boots,Western_Apparel,1,89.99,89.99,146.46
793,2024-01-11 15:08:38,Casual,19,Cowboy Hat,Western_Apparel,1,34.99,34.99,146.46
794,2024-01-11 16:45:44,Regular,19,Cowboy Hat,Western_Apparel,2,34.99,69.98,165.96
794,2024-01-11 16:45:44,Regular,4,Trail Beef Jerky,Cowboy_Food,1,5.99,5.99,165.96
794,2024-01-11 16:45:44,Regular,20,Cowboy Boots,Western_Apparel,1,89.99,89.99,165.96
795,2024-01-11 15:13:00,Regular,20,Cowboy Boots,Western_Apparel,1,89.99,89.99,243.42
795,2024-01-11 15:13:00,Regular,18,Branding Iron,Ranch_Supplies,1,24.99,24.99,243.42
795,2024-01-11 15:13:00,Regular,14,Work Gloves,Ranch_Supplies,1,6.99,6.99,243.42
795,2024-01-11 15:13:00,Regular,5,Cornbread Mix,Cowboy_Food,1,3.49,3.49,243.42
795,2024-01-11 15:13:00,Regular,25,Riding Spurs,Rodeo_Gear,1,22.99,22.99,243.42
795,2024-01-11 15:13:00,Regular,29,Leather Wallet,Leather_Goods,1,24.99,24.99,243.42
795,2024-01-11 15:13:00,Regular,13,Saddle Oil,Ranch_Supplies,1,9.99,9.99,243.42
795,2024-01-11 15:13:00,Regular,28,Leather Saddlebag,Leather_Goods,1,59.99,59.99,243.42
796,2024-01-11 15:02:43,Regular,23,Leather Belt,Western_Apparel,1,19.99,19.99,168.93
796,2024-01-11 15:02:43,Regular,19,Cowboy Hat,Western_Apparel,1,34.99,34.99,168.93
796,2024-01-11 15:02:43,Regular,20,Cowboy Boots,Western_Apparel,1,89.99,89.99,168.93
796,2024-01-11 15:02:43,Regular,8,Hardtack Biscuits,Cowboy_Food,1,2.49,2.49,168.93
796,2024-01-11 15:02:43,Regular,13,Saddle Oil,Ranch_Supplies,1,9.99,9.99,168.93
796,2024-01-11 15:02:43,Regular,5,Cornbread Mix,Cowboy_Food,1,3.49,3.49,168.93
796,2024-01-11 15:02:43,Regular,6,Campfire Coffee,Cowboy_Food,1,7.99,7.99,168.93
797,2024-01-11 16:06:07,Regular,7,Prairie Honey,Cowboy_Food,1,6.49,6.49,42.47
797,2024-01-11 16:06:07,Regular,25,Riding Spurs,Rodeo_Gear,1,22.99,22.99,42.47
797,2024-01-11 16:06:07,Regular,15,Fence Wire (50ft),Ranch_Supplies,1,12.99,12.99,42.47
798,2024-01-12 09:38:15,Bulk,11,Lasso Rope,Ranch_Supplies,3,14.99,44.97,126.41
798,2024-01-12 09:38:15,Bulk,14,Work Gloves,Ranch_Supplies,1,6.99,6.99,126.41
798,2024-01-12 09:38:15,Bulk,3,Smoky BBQ Sauce,Cowboy_Food,1,4.49,4.49,126.41
798,2024-01-12 09:38:15,Bulk,26,Rodeo Rope,Rodeo_Gear,1,18.99,18.99,126.41
798,2024-01-12 09:38:15,Bulk,18,Branding Iron,Ranch_Supplies,1,24.99,24.99,126.41
798,2024-01-12 09:38:15,Bulk,4,Trail Beef Jerky,Cowboy_Food,1,5.99,5.99,126.41
798,2024-01-12 09:38:15,Bulk,12,Horse Feed Sack,Ranch_Supplies,1,19.99,19.99,126.41
799,2024-01-12 17:50:45,Tourist,8,Hardtack Biscuits,Cowboy_Food,1,2.49,2.49,35.46
799,2024-01-12 17:50:45,Tourist,1,Chuckwagon Beans,Cowboy_Food,1,2.99,2.99,35.46
799,2024-01-12 17:50:45,Tourist,13,Saddle Oil,Ranch_Supplies,1,9.99,9.99,35.46
799,2024-01-12 17:50:45,Tourist,12,Horse Feed Sack,Ranch_Supplies,1,19.99,19.99,35.46
800,2024-01-12 17:25:43,Regular,11,Lasso Rope,Ranch_Supplies,1,14.99,14.99,19.98
800,2024-01-12 17:25:43,Regular,21,Red Bandana,Western_Apparel,1,4.99,4.99,19.98
801,2024-01-12 16:10:12,Casual,29,Leather Wallet,Leather_Goods,1,24.99,24.99,79.97
801,2024-01-12 16:10:12,Casual,30,Leather Journal,Leather_Goods,1,14.99,14.99,79.97
801,2024-01-12 16:10:12,Casual,24,Denim Vest,Western_Apparel,1,39.99,39.99,79.97
802,2024-01-12 15:34:32,Regular,23,Leather Belt,Western_Apparel,1,19.99,19.99,82.95
802,2024-01-12 15:34:32,Regular,26,Rodeo Rope,Rodeo_Gear,1,18.99,18.99,82.95
802,2024-01-12 15:34:32,Regular,14,Work Gloves,Ranch_Supplies,2,6.99,13.98,82.95
802,2024-01-12 15:34:32,Regular,22,Flannel Shirt,Western_Apparel,1,29.99,29.99,82.95
803,2024-01-12 14:55:38,Regular,11,Lasso Rope,Ranch_Supplies,1,14.99,14.99,71.94
803,2024-01-12 14:55:38,Regular,22,Flannel Shirt,Western_Apparel,1,29.99,29.99,71.94
803,2024-01-12 14:55:38,Regular,5,Cornbread Mix,Cowboy_Food,1,3.49,3.49,71.94
803,2024-01-12 14:55:38,Regular,15,Fence Wire (50ft),Ranch_Supplies,1,12.99,12.99,71.94
803,2024-01-12 14:55:38,Regular,1,Chuckwagon Beans,Cowboy_Food,1,2.99,2.99,71.94
803,2024-01-12 14:55:38,Regular,27,Bull Rope Rosin,Rodeo_Gear,1,7.49,7.49,71.94
804,2024-01-12 15:11:27,Casual,21,Red Bandana,Western_Apparel,1,4.99,4.99,24.47
804,2024-01-12 15:11:27,Casual,3,Smoky BBQ Sauce,Cowboy_Food,1,4.49,4.49,24.47
804,2024-01-12 15:11:27,Casual,30,Leather Journal,Leather_Goods,1,14.99,14.99,24.47
805,2024-01-12 16:54:22,Regular,2,Campfire Chili,Cowboy_Food,1,3.99,3.99,28.97
805,2024-01-12 16:54:22,Regular,13,Saddle Oil,Ranch_Supplies,1,9.99,9.99,28.97
805,2024-01-12 16:54:22,Regular,30,Leather Journal,Leather_Goods,1,14.99,14.99,28.97
806,2024-01-12 15:25:14,Regular,26,Rodeo Rope,Rodeo_Gear,1,18.99,18.99,170.43
806,2024-01-12 15:25:14,Regular,9,Dried Apple Slices,Cowboy_Food,1,4.99,4.99,170.43
806,2024-01-12 15:25:14,Regular,10,Smoked Sausage Links,Cowboy_Food,1,8.99,8.99,170.43
806,2024-01-12 15:25:14,Regular,8,Hardtack Biscuits,Cowboy_Food,1,2.49,2.49,170.43
806,2024-01-12 15:25:14,Regular,24,Denim Vest,Western_Apparel,1,39.99,39.99,170.43
806,2024-01-12 15:25:14,Regular,28,Leather Saddlebag,Leather_Goods,1,59.99,59.99,170.43
806,2024-01-12 15:25:14,Regular,19,Cowboy Hat,Western_Apparel,1,34.99,34.99,170.43
807,2024-01-12 11:28:24,Casual,3,Smoky BBQ Sauce,Cowboy_Food,1,4.49,4.49,45.47
807,2024-01-12 11:28:24,Casual,19,Cowboy Hat,Western_Apparel,1,34.99,34.99,45.47
807,2024-01-12 11:28:24,Casual,4,Trail Beef Jerky,Cowboy_Food,1,5.99,5.99,45.47
808,2024-01-12 10:22:14,Bulk,4,Trail Beef Jerky,Cowboy_Food,1,5.99,5.99,12.48
808,2024-01-12 10:22:14,Bulk,7,Prairie Honey,Cowboy_Food,1,6.49,6.49,12.48
809,2024-01-12 11:03:18,Bulk,23,Leather Belt,Western_Apparel,1,19.99,19.99,277.9
809,2024-01-12 11:03:18,Bulk,2,Campfire Chili,Cowboy_Food,2,3.99,7.98,277.9
809,2024-01-12 11:03:18,Bulk,20,Cowboy Boots,Western_Apparel,2,89.99,179.98,277.9
809,2024-01-12 11:03:18,Bulk,26,Rodeo Rope,Rodeo_Gear,1,18.99,18.99,277.9
809,2024-01-12 11:03:18,Bulk,14,Work Gloves,Ranch_Supplies,1,6.99,6.99,277.9
809,2024-01-12 11:03:18,Bulk,12,Horse Feed Sack,Ranch_Supplies,1,19.99,19.99,277.9
809,2024-01-12 11:03:18,Bulk,10,Smoked Sausage Links,Cowboy_Food,1,8.99,8.99,277.9
809,2024-01-12 11:03:18,Bulk,30,Leather Journal,Leather_Goods,1,14.99,14.99,277.9
810,2024-01-12 12:05:11,Regular,14,Work Gloves,Ranch_Supplies,2,6.99,13.98,117.95
810,2024-01-12 12:05:11,Regular,26,Rodeo Rope,Rodeo_Gear,1,18.99,18.99,117.95
810,2024-01-12 12:05:11,Regular,18,Branding Iron,Ranch_Supplies,1,24.99,24.99,117.95
810,2024-01-12 12:05:11,Regular,28,Leather Saddlebag,Leather_Goods,1,59.99,59.99,117.95
811,2024-01-12 13:38:22,Regular,24,Denim Vest,Western_Apparel,1,39.99,39.99,213.91
811,2024-01-12 13:38:22,Regular,25,Riding Spurs,Rodeo_Gear,1,22.99,22.99,213.91
811,2024-01-12 13:38:22,Regular,16,Hay Bale Twine,Ranch_Supplies,1,5.99,5.99,213.91
811,2024-01-12 13:38:22,Regular,15,Fence Wire (50ft),Ranch_Supplies,2,12.99,25.98,213.91
811,2024-01-12 13:38:22,Regular,20,Cowboy Boots,Western_Apparel,1,89.99,89.99,213.91
811,2024-01-12 13:38:22,Regular,12,Horse Feed Sack,Ranch_Supplies,1,19.99,19.99,213.91
811,2024-01-12 13:38:22,Regular,3,Smoky BBQ Sauce,Cowboy_Food,2,4.49,8.98,213.91
812,2024-01-12 17:40:37,Tourist,21,Red Bandana,Western_Apparel,1,4.99,4.99,7.98
812,2024-01-12 17:40:37,Tourist,1,Chuckwagon Beans,Cowboy_Food,1,2.99,2.99,7.98
813,2024-01-12 11:59:22,Regular,5,Cornbread Mix,Cowboy_Food,1,3.49,3.49,12.97
813,2024-01-12 11:59:22,Regular,21,Red Bandana,Western_Apparel,1,4.99,4.99,12.97
813,2024-01-12 11:59:22,Regular,3,Smoky BBQ Sauce,Cowboy_Food,1,4.49,4.49,12.97
814,2024-01-12 12:49:08,Regular,26,Rodeo Rope,Rodeo_Gear,1,18.99,18.99,22.48
814,2024-01-12 12:49:08,Regular,5,Cornbread Mix,Cowboy_Food,1,3.49,3.49,22.48
815,2024-01-12 11:51:48,Regular,29,Leather Wallet,Leather_Goods,2,24.99,49.98,130.93
815,2024-01-12 11:51:48,Regular,7,Prairie Honey,Cowboy_Food,1,6.49,6.49,130.93
815,2024-01-12 11:51:48,Regular,19,Cowboy Hat,Western_Apparel,1,34.99,34.99,130.93
815,2024-01-12 11:51:48,Regular,5,Cornbread Mix,Cowboy_Food,1,3.49,3.49,130.93
815,2024-01-12 11:51:48,Regular,16,Hay Bale Twine,Ranch_Supplies,1,5.99,5.99,130.93
815,2024-01-12 11:51:48,Regular,22,Flannel Shirt,Western_Apparel,1,29.99,29.99,130.93
816,2024-01-12 15:39:25,Tourist,19,Cowboy Hat,Western_Apparel,2,34.99,69.98,99.97
816,2024-01-12 15:39:25,Tourist,22,Flannel Shirt,Western_Apparel,1,29.99,29.99,99.97
817,2024-01-12 16:04:35,Casual,4,Trail Beef Jerky,Cowboy_Food,1,5.99,5.99,5.99
818,2024-01-12 15:33:31,Regular,10,Smoked Sausage Links,Cowboy_Food,1,8.99,8.99,13.98
818,2024-01-12 15:33:31,Regular,9,Dried Apple Slices,Cowboy_Food,1,4.99,4.99,13.98
819,2024-01-12 18:13:30,Tourist,25,Riding Spurs,Rodeo_Gear,2,22.99,45.98,98.43
819,2024-01-12 18:13:30,Tourist,15,Fence Wire (50ft),Ranch_Supplies,1,12.99,12.99,98.43
819,2024-01-12 18:13:30,Tourist,13,Saddle Oil,Ranch_Supplies,2,9.99,19.98,98.43
819,2024-01-12 18:13:30,Tourist,11,Lasso Rope,Ranch_Supplies,1,14.99,14.99,98.43
819,2024-01-12 18:13:30,Tourist,3,Smoky BBQ Sauce,Cowboy_Food,1,4.49,4.49,98.43
820,2024-01-12 18:53:26,Regular,17,Stock Tank Float,Ranch_Supplies,1,8.49,8.49,8.49
821,2024-01-12 17:18:45,Casual,8,Hardtack Biscuits,Cowboy_Food,1,2.49,2.49,18.46
821,2024-01-12 17:18:45,Casual,3,Smoky BBQ Sauce,Cowboy_Food,2,4.49,8.98,18.46
821,2024-01-12 17:18:45,Casual,14,Work Gloves,Ranch_Supplies,1,6.99,6.99,18.46
822,2024-01-12 17:06:51,Regular,23,Leather Belt,Western_Apparel,1,19.99,19.99,111.95
822,2024-01-12 17:06:51,Regular,12,Horse Feed Sack,Ranch_Supplies,1,19.99,19.99,111.95
822,2024-01-12 17:06:51,Regular,4,Trail Beef Jerky,Cowboy_Food,2,5.99,11.98,111.95
822,2024-01-12 17:06:51,Regular,28,Leather Saddlebag,Leather_Goods,1,59.99,59.99,111.95
823,2024-01-12 13:36:54,Regular,6,Campfire Coffee,Cowboy_Food,1,7.99,7.99,52.97
823,2024-01-12 13:36:54,Regular,12,Horse Feed Sack,Ranch_Supplies,1,19.99,19.99,52.97
823,2024-01-12 13:36:54,Regular,29,Leather Wallet,Leather_Goods,1,24.99,24.99,52.97
824,2024-01-12 15:51:26,Regular,19,Cowboy Hat,Western_Apparel,1,34.99,34.99,166.39
824,2024-01-12 15:51:26,Regular,30,Leather Journal,Leather_Goods,1,14.99,14.99,166.39
824,2024-01-12 15:51:26,Regular,27,Bull Rope Rosin,Rodeo_Gear,2,7.49,14.98,166.39
824,2024-01-12 15:51:26,Regular,28,Leather Saddlebag,Leather_Goods,1,59.99,59.99,166.39
824,2024-01-12 15:51:26,Regular,6,Campfire Coffee,Cowboy_Food,2,7.99,15.98,166.39
824,2024-01-12 15:51:26,Regular,15,Fence Wire (50ft),Ranch_Supplies,1,12.99,12.99,166.39
824,2024-01-12 15:51:26,Regular,5,Cornbread Mix,Cowboy_Food,1,3.49,3.49,166.39
824,2024-01-12 15:51:26,Regular,4,Trail Beef Jerky,Cowboy_Food,1,5.99,5.99,166.39
824,2024-01-12 15:51:26,Regular,1,Chuckwagon Beans,Cowboy_Food,1,2.99,2.99,166.39
825,2024-01-12 13:19:20,Tourist,23,Leather Belt,Western_Apparel,2,19.99,39.98,64.96
825,2024-01-12 13:19:20,Tourist,12,Horse Feed Sack,Ranch_Supplies,1,19.99,19.99,64.96
825,2024-01-12 13:19:20,Tourist,9,Dried Apple Slices,Cowboy_Food,1,4.99,4.99,64.96
826,2024-01-12 16:59:04,Tourist,17,Stock Tank Float,Ranch_Supplies,1,8.49,8.49,8.49
827,2024-01-12 11:26:26,Bulk,10,Smoked Sausage Links,Cowboy_Food,2,8.99,17.98,38.95
827,2024-01-12 11:26:26,Bulk,6,Campfire Coffee,Cowboy_Food,1,7.99,7.99,38.95
827,2024-01-12 11:26:26,Bulk,3,Smoky BBQ Sauce,Cowboy_Food,1,4.49,4.49,38.95
827,2024-01-12 11:26:26,Bulk,17,Stock Tank Float,Ranch_Supplies,1,8.49,8.49,38.95
828,2024-01-12 11:47:59,Regular,15,Fence Wire (50ft),Ranch_Supplies,1,12.99,12.99,59.96
828,2024-01-12 11:47:59,Regular,5,Cornbread Mix,Cowboy_Food,1,3.49,3.49,59.96
828,2024-01-12 11:47:59,Regular,19,Cowboy Hat,Western_Apparel,1,34.99,34.99,59.96
828,2024-01-12 11:47:59,Regular,17,Stock Tank Float,Ranch_Supplies,1,8.49,8.49,59.96
829,2024-01-12 10:06:15,Regular,19,Cowboy Hat,Western_Apparel,1,34.99,34.99,53.44
829,2024-01-12 10:06:15,Regular,5,Cornbread Mix,Cowboy_Food,1,3.49,3.49,53.44
829,2024-01-12 10:06:15,Regular,8,Hardtack Biscuits,Cowboy_Food,2,2.49,4.98,53.44
829,2024-01-12 10:06:15,Regular,14,Work Gloves,Ranch_Supplies,1,6.99,6.99,53.44
829,2024-01-12 10:06:15,Regular,1,Chuckwagon Beans,Cowboy_Food,1,2.99,2.99,53.44
830,2024-01-12 16:01:50,Regular,25,Riding Spurs,Rodeo_Gear,1,22.99,22.99,54.45
830,2024-01-12 16:01:50,Regular,3,Smoky BBQ Sauce,Cowboy_Food,1,4.49,4.49,54.45
830,2024-01-12 16:01:50,Regular,30,Leather Journal,Leather_Goods,1,14.99,14.99,54.45
830,2024-01-12 16:01:50,Regular,21,Red Bandana,Western_Apparel,1,4.99,4.99,54.45
830,2024-01-12 16:01:50,Regular,14,Work Gloves,Ranch_Supplies,1,6.99,6.99,54.45
831,2024-01-12 16:27:45,Regular,11,Lasso Rope,Ranch_Supplies,1,14.99,14.99,14.99
832,2024-01-12 09:12:39,Regular,14,Work Gloves,Ranch_Supplies,1,6.99,6.99,12.98
832,2024-01-12 09:12:39,Regular,4,Trail Beef Jerky,Cowboy_Food,1,5.99,5.99,12.98
833,2024-01-12 15:24:33,Bulk,11,Lasso Rope,Ranch_Supplies,1,14.99,14.99,141.41
833,2024-01-12 15:24:33,Bulk,23,Leather Belt,Western_Apparel,2,19.99,39.98,141.41
833,2024-01-12 15:24:33,Bulk,4,Trail Beef Jerky,Cowboy_Food,1,5.99,5.99,141.41
833,2024-01-12 15:24:33,Bulk,24,Denim Vest,Western_Apparel,1,39.99,39.99,141.41
833,2024-01-12 15:24:33,Bulk,10,Smoked Sausage Links,Cowboy_Food,1,8.99,8.99,141.41
833,2024-01-12 15:24:33,Bulk,3,Smoky BBQ Sauce,Cowboy_Food,1,4.49,4.49,141.41
833,2024-01-12 15:24:33,Bulk,2,Campfire Chili,Cowboy_Food,1,3.99,3.99,141.41
833,2024-01-12 15:24:33,Bulk,25,Riding Spurs,Rodeo_Gear,1,22.99,22.99,141.41
834,2024-01-12 13:50:45,Bulk,1,Chuckwagon Beans,Cowboy_Food,1,2.99,2.99,158.95
834,2024-01-12 13:50:45,Bulk,18,Branding Iron,Ranch_Supplies,1,24.99,24.99,158.95
834,2024-01-12 13:50:45,Bulk,20,Cowboy Boots,Western_Apparel,1,89.99,89.99,158.95
834,2024-01-12 13:50:45,Bulk,19,Cowboy Hat,Western_Apparel,1,34.99,34.99,158.95
834,2024-01-12 13:50:45,Bulk,16,Hay Bale Twine,Ranch_Supplies,1,5.99,5.99,158.95
835,2024-01-12 17:01:05,Tourist,19,Cowboy Hat,Western_Apparel,1,34.99,34.99,85.45
835,2024-01-12 17:01:05,Tourist,5,Cornbread Mix,Cowboy_Food,1,3.49,3.49,85.45
835,2024-01-12 17:01:05,Tourist,12,Horse Feed Sack,Ranch_Supplies,1,19.99,19.99,85.45
835,2024-01-12 17:01:05,Tourist,26,Rodeo Rope,Rodeo_Gear,1,18.99,18.99,85.45
835,2024-01-12 17:01:05,Tourist,6,Campfire Coffee,Cowboy_Food,1,7.99,7.99,85.45
836,2024-01-12 10:06:07,Regular,6,Campfire Coffee,Cowboy_Food,2,7.99,15.98,81.43
836,2024-01-12 10:06:07,Regular,22,Flannel Shirt,Western_Apparel,1,29.99,29.99,81.43
836,2024-01-12 10:06:07,Regular,2,Campfire Chili,Cowboy_Food,2,3.99,7.98,81.43
836,2024-01-12 10:06:07,Regular,26,Rodeo Rope,Rodeo_Gear,1,18.99,18.99,81.43
836,2024-01-12 10:06:07,Regular,17,Stock Tank Float,Ranch_Supplies,1,8.49,8.49,81.43
837,2024-01-12 10:15:11,Regular,5,Cornbread Mix,Cowboy_Food,1,3.49,3.49,14.97
837,2024-01-12 10:15:11,Regular,7,Prairie Honey,Cowboy_Food,1,6.49,6.49,14.97
837,2024-01-12 10:15:11,Regular,21,Red Bandana,Western_Apparel,1,4.99,4.99,14.97
838,2024-01-12 16:05:45,Bulk,29,Leather Wallet,Leather_Goods,1,24.99,24.99,136.94
838,2024-01-12 16:05:45,Bulk,6,Campfire Coffee,Cowboy_Food,1,7.99,7.99,136.94
838,2024-01-12 16:05:45,Bulk,20,Cowboy Boots,Western_Apparel,1,89.99,89.99,136.94
838,2024-01-12 16:05:45,Bulk,4,Trail Beef Jerky,Cowboy_Food,1,5.99,5.99,136.94
838,2024-01-12 16:05:45,Bulk,21,Red Bandana,Western_Apparel,1,4.99,4.99,136.94
838,2024-01-12 16:05:45,Bulk,1,Chuckwagon Beans,Cowboy_Food,1,2.99,2.99,136.94
839,2024-01-12 15:55:25,Regular,9,Dried Apple Slices,Cowboy_Food,1,4.99,4.99,45.46
839,2024-01-12 15:55:25,Regular,29,Leather Wallet,Leather_Goods,1,24.99,24.99,45.46
839,2024-01-12 15:55:25,Regular,8,Hardtack Biscuits,Cowboy_Food,1,2.49,2.49,45.46
839,2024-01-12 15:55:25,Regular,15,Fence Wire (50ft),Ranch_Supplies,1,12.99,12.99,45.46
840,2024-01-12 17:15:12,Bulk,22,Flannel Shirt,Western_Apparel,1,29.99,29.99,75.45
840,2024-01-12 17:15:12,Bulk,25,Riding Spurs,Rodeo_Gear,1,22.99,22.99,75.45
840,2024-01-12 17:15:12,Bulk,5,Cornbread Mix,Cowboy_Food,1,3.49,3.49,75.45
840,2024-01-12 17:15:12,Bulk,2,Campfire Chili,Cowboy_Food,1,3.99,3.99,75.45
840,2024-01-12 17:15:12,Bulk,11,Lasso Rope,Ranch_Supplies,1,14.99,14.99,75.45
841,2024-01-12 15:56:02,Casual,8,Hardtack Biscuits,Cowboy_Food,1,2.49,2.49,45.45
841,2024-01-12 15:56:02,Casual,18,Branding Iron,Ranch_Supplies,1,24.99,24.99,45.45
841,2024-01-12 15:56:02,Casual,7,Prairie Honey,Cowboy_Food,2,6.49,12.98,45.45
841,2024-01-12 15:56:02,Casual,9,Dried Apple Slices,Cowboy_Food,1,4.99,4.99,45.45
842,2024-01-12 18:11:29,Regular,5,Cornbread Mix,Cowboy_Food,1,3.49,3.49,3.49
843,2024-01-12 12:45:23,Regular,18,Branding Iron,Ranch_Supplies,1,24.99,24.99,87.44
843,2024-01-12 12:45:23,Regular,11,Lasso Rope,Ranch_Supplies,1,14.99,14.99,87.44
843,2024-01-12 12:45:23,Regular,12,Horse Feed Sack,Ranch_Supplies,1,19.99,19.99,87.44
843,2024-01-12 12:45:23,Regular,30,Leather Journal,Leather_Goods,1,14.99,14.99,87.44
843,2024-01-12 12:45:23,Regular,8,Hardtack Biscuits,Cowboy_Food,1,2.49,2.49,87.44
843,2024-01-12 12:45:23,Regular,13,Saddle Oil,Ranch_Supplies,1,9.99,9.99,87.44
844,2024-01-12 14:13:10,Casual,2,Campfire Chili,Cowboy_Food,1,3.99,3.99,50.96
844,2024-01-12 14:13:10,Casual,13,Saddle Oil,Ranch_Supplies,1,9.99,9.99,50.96
844,2024-01-12 14:13:10,Casual,14,Work Gloves,Ranch_Supplies,1,6.99,6.99,50.96
844,2024-01-12 14:13:10,Casual,22,Flannel Shirt,Western_Apparel,1,29.99,29.99,50.96
845,2024-01-12 18:33:01,Bulk,22,Flannel Shirt,Western_Apparel,1,29.99,29.99,245.37
845,2024-01-12 18:33:01,Bulk,19,Cowboy Hat,Western_Apparel,1,34.99,34.99,245.37
845,2024-01-12 18:33:01,Bulk,27,Bull Rope Rosin,Rodeo_Gear,1,7.49,7.49,245.37
845,2024-01-12 18:33:01,Bulk,9,Dried Apple Slices,Cowboy_Food,1,4.99,4.99,245.37
845,2024-01-12 18:33:01,Bulk,25,Riding Spurs,Rodeo_Gear,1,22.99,22.99,245.37
845,2024-01-12 18:33:01,Bulk,20,Cowboy Boots,Western_Apparel,1,89.99,89.99,245.37
845,2024-01-12 18:33:01,Bulk,5,Cornbread Mix,Cowboy_Food,1,3.49,3.49,245.37
845,2024-01-12 18:33:01,Bulk,3,Smoky BBQ Sauce,Cowboy_Food,1,4.49,4.49,245.37
845,2024-01-12 18:33:01,Bulk,21,Red Bandana,Western_Apparel,1,4.99,4.99,245.37
845,2024-01-12 18:33:01,Bulk,4,Trail Beef Jerky,Cowboy_Food,1,5.99,5.99,245.37
845,2024-01-12 18:33:01,Bulk,23,Leather Belt,Western_Apparel,1,19.99,19.99,245.37
845,2024-01-12 18:33:01,Bulk,16,Hay Bale Twine,Ranch_Supplies,1,5.99,5.99,245.37
845,2024-01-12 18:33:01,Bulk,13,Saddle Oil,Ranch_Supplies,1,9.99,9.99,245.37
846,2024-01-12 10:53:45,Bulk,20,Cowboy Boots,Western_Apparel,1,89.99,89.99,210.35
846,2024-01-12 10:53:45,Bulk,1,Chuckwagon Beans,Cowboy_Food,1,2.99,2.99,210.35
846,2024-01-12 10:53:45,Bulk,23,Leather Belt,Western_Apparel,1,19.99,19.99,210.35
846,2024-01-12 10:53:45,Bulk,15,Fence Wire (50ft),Ranch_Supplies,1,12.99,12.99,210.35
846,2024-01-12 10:53:45,Bulk,14,Work Gloves,Ranch_Supplies,2,6.99,13.98,210.35
846,2024-01-12 10:53:45,Bulk,16,Hay Bale Twine,Ranch_Supplies,1,5.99,5.99,210.35
846,2024-01-12 10:53:45,Bulk,9,Dried Apple Slices,Cowboy_Food,2,4.99,9.98,210.35
846,2024-01-12 10:53:45,Bulk,8,Hardtack Biscuits,Cowboy_Food,1,2.49,2.49,210.35
846,2024-01-12 10:53:45,Bulk,11,Lasso Rope,Ranch_Supplies,1,14.99,14.99,210.35
846,2024-01-12 10:53:45,Bulk,27,Bull Rope Rosin,Rodeo_Gear,1,7.49,7.49,210.35
846,2024-01-12 10:53:45,Bulk,4,Trail Beef Jerky,Cowboy_Food,1,5.99,5.99,210.35
846,2024-01-12 10:53:45,Bulk,5,Cornbread Mix,Cowboy_Food,1,3.49,3.49,210.35
846,2024-01-12 10:53:45,Bulk,12,Horse Feed Sack,Ranch_Supplies,1,19.99,19.99,210.35
847,2024-01-12 17:03:46,Casual,7,Prairie Honey,Cowboy_Food,1,6.49,6.49,16.48
847,2024-01-12 17:03:46,Casual,13,Saddle Oil,Ranch_Supplies,1,9.99,9.99,16.48
848,2024-01-12 09:31:14,Bulk,20,Cowboy Boots,Western_Apparel,2,89.99,179.98,207.45
848,2024-01-12 09:31:14,Bulk,5,Cornbread Mix,Cowboy_Food,1,3.49,3.49,207.45
848,2024-01-12 09:31:14,Bulk,12,Horse Feed Sack,Ranch_Supplies,1,19.99,19.99,207.45
848,2024-01-12 09:31:14,Bulk,2,Campfire Chili,Cowboy_Food,1,3.99,3.99,207.45
849,2024-01-12 15:13:29,Regular,3,Smoky BBQ Sauce,Cowboy_Food,1,4.49,4.49,73.44
849,2024-01-12 15:13:29,Regular,19,Cowboy Hat,Western_Apparel,1,34.99,34.99,73.44
849,2024-01-12 15:13:29,Regular,6,Campfire Coffee,Cowboy_Food,1,7.99,7.99,73.44
849,2024-01-12 15:13:29,Regular,16,Hay Bale Twine,Ranch_Supplies,1,5.99,5.99,73.44
849,2024-01-12 15:13:29,Regular,30,Leather Journal,Leather_Goods,1,14.99,14.99,73.44
849,2024-01-12 15:13:29,Regular,9,Dried Apple Slices,Cowboy_Food,1,4.99,4.99,73.44
850,2024-01-12 11:17:15,Casual,13,Saddle Oil,Ranch_Supplies,1,9.99,9.99,9.99
851,2024-01-12 15:58:24,Tourist,19,Cowboy Hat,Western_Apparel,1,34.99,34.99,34.99
852,2024-01-12 17:03:06,Regular,4,Trail Beef Jerky,Cowboy_Food,2,5.99,11.98,221.85
852,2024-01-12 17:03:06,Regular,10,Smoked Sausage Links,Cowboy_Food,1,8.99,8.99,221.85
852,2024-01-12 17:03:06,Regular,7,Prairie Honey,Cowboy_Food,2,6.49,12.98,221.85
852,2024-01-12 17:03:06,Regular,20,Cowboy Boots,Western_Apparel,1,89.99,89.99,221.85
852,2024-01-12 17:03:06,Regular,6,Campfire Coffee,Cowboy_Food,2,7.99,15.98,221.85
852,2024-01-12 17:03:06,Regular,19,Cowboy Hat,Western_Apparel,1,34.99,34.99,221.85
852,2024-01-12 17:03:06,Regular,14,Work Gloves,Ranch_Supplies,1,6.99,6.99,221.85
852,2024-01-12 17:03:06,Regular,15,Fence Wire (50ft),Ranch_Supplies,1,12.99,12.99,221.85
852,2024-01-12 17:03:06,Regular,21,Red Bandana,Western_Apparel,1,4.99,4.99,221.85
852,2024-01-12 17:03:06,Regular,11,Lasso Rope,Ranch_Supplies,1,14.99,14.99,221.85
852,2024-01-12 17:03:06,Regular,8,Hardtack Biscuits,Cowboy_Food,1,2.49,2.49,221.85
852,2024-01-12 17:03:06,Regular,3,Smoky BBQ Sauce,Cowboy_Food,1,4.49,4.49,221.85
853,2024-01-12 10:00:56,Regular,26,Rodeo Rope,Rodeo_Gear,1,18.99,18.99,108.98
853,2024-01-12 10:00:56,Regular,20,Cowboy Boots,Western_Apparel,1,89.99,89.99,108.98
854,2024-01-12 11:22:43,Casual,6,Campfire Coffee,Cowboy_Food,1,7.99,7.99,30.98
854,2024-01-12 11:22:43,Casual,25,Riding Spurs,Rodeo_Gear,1,22.99,22.99,30.98
855,2024-01-12 13:10:54,Bulk,11,Lasso Rope,Ranch_Supplies,3,14.99,44.97,168.38
855,2024-01-12 13:10:54,Bulk,9,Dried Apple Slices,Cowboy_Food,1,4.99,4.99,168.38
855,2024-01-12 13:10:54,Bulk,27,Bull Rope Rosin,Rodeo_Gear,1,7.49,7.49,168.38
855,2024-01-12 13:10:54,Bulk,4,Trail Beef Jerky,Cowboy_Food,2,5.99,11.98,168.38
855,2024-01-12 13:10:54,Bulk,17,Stock Tank Float,Ranch_Supplies,1,8.49,8.49,168.38
855,2024-01-12 13:10:54,Bulk,28,Leather Saddlebag,Leather_Goods,1,59.99,59.99,168.38
855,2024-01-12 13:10:54,Bulk,23,Leather Belt,Western_Apparel,1,19.99,19.99,168.38
855,2024-01-12 13:10:54,Bulk,6,Campfire Coffee,Cowboy_Food,1,7.99,7.99,168.38
855,2024-01-12 13:10:54,Bulk,8,Hardtack Biscuits,Cowboy_Food,1,2.49,2.49,168.38
856,2024-01-12 12:07:17,Regular,4,Trail Beef Jerky,Cowboy_Food,1,5.99,5.99,15.47
856,2024-01-12 12:07:17,Regular,3,Smoky BBQ Sauce,Cowboy_Food,1,4.49,4.49,15.47
856,2024-01-12 12:07:17,Regular,9,Dried Apple Slices,Cowboy_Food,1,4.99,4.99,15.47
857,2024-01-12 13:57:52,Bulk,9,Dried Apple Slices,Cowboy_Food,1,4.99,4.99,52.45
857,2024-01-12 13:57:52,Bulk,1,Chuckwagon Beans,Cowboy_Food,1,2.99,2.99,52.45
857,2024-01-12 13:57:52,Bulk,13,Saddle Oil,Ranch_Supplies,1,9.99,9.99,52.45
857,2024-01-12 13:57:52,Bulk,22,Flannel Shirt,Western_Apparel,1,29.99,29.99,52.45
857,2024-01-12 13:57:52,Bulk,3,Smoky BBQ Sauce,Cowboy_Food,1,4.49,4.49,52.45
858,2024-01-12 18:13:31,Casual,9,Dried Apple Slices,Cowboy_Food,1,4.99,4.99,9.98
858,2024-01-12 18:13:31,Casual,21,Red Bandana,Western_Apparel,1,4.99,4.99,9.98
859,2024-01-12 10:50:11,Bulk,5,Cornbread Mix,Cowboy_Food,1,3.49,3.49,67.45
859,2024-01-12 10:50:11,Bulk,19,Cowboy Hat,Western_Apparel,1,34.99,34.99,67.45
859,2024-01-12 10:50:11,Bulk,26,Rodeo Rope,Rodeo_Gear,1,18.99,18.99,67.45
859,2024-01-12 10:50:11,Bulk,2,Campfire Chili,Cowboy_Food,1,3.99,3.99,67.45
859,2024-01-12 10:50:11,Bulk,16,Hay Bale Twine,Ranch_Supplies,1,5.99,5.99,67.45
860,2024-01-12 14:36:19,Regular,19,Cowboy Hat,Western_Apparel,1,34.99,34.99,102.97
860,2024-01-12 14:36:19,Regular,6,Campfire Coffee,Cowboy_Food,1,7.99,7.99,102.97
860,2024-01-12 14:36:19,Regular,28,Leather Saddlebag,Leather_Goods,1,59.99,59.99,102.97
861,2024-01-12 14:58:48,Regular,1,Chuckwagon Beans,Cowboy_Food,1,2.99,2.99,12.97
861,2024-01-12 14:58:48,Regular,7,Prairie Honey,Cowboy_Food,1,6.49,6.49,12.97
861,2024-01-12 14:58:48,Regular,5,Cornbread Mix,Cowboy_Food,1,3.49,3.49,12.97
862,2024-01-12 12:22:46,Regular,15,Fence Wire (50ft),Ranch_Supplies,1,12.99,12.99,16.48
862,2024-01-12 12:22:46,Regular,5,Cornbread Mix,Cowboy_Food,1,3.49,3.49,16.48
863,2024-01-12 12:20:43,Tourist,22,Flannel Shirt,Western_Apparel,1,29.99,29.99,55.95
863,2024-01-12 12:20:43,Tourist,4,Trail Beef Jerky,Cowboy_Food,1,5.99,5.99,55.95
863,2024-01-12 12:20:43,Tourist,10,Smoked Sausage Links,Cowboy_Food,1,8.99,8.99,55.95
863,2024-01-12 12:20:43,Tourist,14,Work Gloves,Ranch_Supplies,1,6.99,6.99,55.95
863,2024-01-12 12:20:43,Tourist,2,Campfire Chili,Cowboy_Food,1,3.99,3.99,55.95
864,2024-01-12 16:36:13,Bulk,15,Fence Wire (50ft),Ranch_Supplies,1,12.99,12.99,184.9
864,2024-01-12 16:36:13,Bulk,12,Horse Feed Sack,Ranch_Supplies,1,19.99,19.99,184.9
864,2024-01-12 16:36:13,Bulk,23,Leather Belt,Western_Apparel,1,19.99,19.99,184.9
864,2024-01-12 16:36:13,Bulk,1,Chuckwagon Beans,Cowboy_Food,1,2.99,2.99,184.9
864,2024-01-12 16:36:13,Bulk,19,Cowboy Hat,Western_Apparel,1,34.99,34.99,184.9
864,2024-01-12 16:36:13,Bulk,21,Red Bandana,Western_Apparel,1,4.99,4.99,184.9
864,2024-01-12 16:36:13,Bulk,30,Leather Journal,Leather_Goods,1,14.99,14.99,184.9
864,2024-01-12 16:36:13,Bulk,4,Trail Beef Jerky,Cowboy_Food,1,5.99,5.99,184.9
864,2024-01-12 16:36:13,Bulk,6,Campfire Coffee,Cowboy_Food,1,7.99,7.99,184.9
864,2024-01-12 16:36:13,Bulk,28,Leather Saddlebag,Leather_Goods,1,59.99,59.99,184.9
865,2024-01-12 16:04:38,Regular,26,Rodeo Rope,Rodeo_Gear,1,18.99,18.99,57.96
865,2024-01-12 16:04:38,Regular,6,Campfire Coffee,Cowboy_Food,1,7.99,7.99,57.96
865,2024-01-12 16:04:38,Regular,4,Trail Beef Jerky,Cowboy_Food,1,5.99,5.99,57.96
865,2024-01-12 16:04:38,Regular,18,Branding Iron,Ranch_Supplies,1,24.99,24.99,57.96
866,2024-01-12 17:09:56,Tourist,27,Bull Rope Rosin,Rodeo_Gear,1,7.49,7.49,14.97
866,2024-01-12 17:09:56,Tourist,3,Smoky BBQ Sauce,Cowboy_Food,1,4.49,4.49,14.97
866,2024-01-12 17:09:56,Tourist,1,Chuckwagon Beans,Cowboy_Food,1,2.99,2.99,14.97
867,2024-01-12 14:20:02,Regular,3,Smoky BBQ Sauce,Cowboy_Food,1,4.49,4.49,178.45
867,2024-01-12 14:20:02,Regular,20,Cowboy Boots,Western_Apparel,1,89.99,89.99,178.45
867,2024-01-12 14:20:02,Regular,9,Dried Apple Slices,Cowboy_Food,1,4.99,4.99,178.45
867,2024-01-12 14:20:02,Regular,26,Rodeo Rope,Rodeo_Gear,1,18.99,18.99,178.45
867,2024-01-12 14:20:02,Regular,28,Leather Saddlebag,Leather_Goods,1,59.99,59.99,178.45
868,2024-01-12 16:01:19,Bulk,24,Denim Vest,Western_Apparel,1,39.99,39.99,259.8
868,2024-01-12 16:01:19,Bulk,7,Prairie Honey,Cowboy_Food,2,6.49,12.98,259.8
868,2024-01-12 16:01:19,Bulk,3,Smoky BBQ Sauce,Cowboy_Food,1,4.49,4.49,259.8
868,2024-01-12 16:01:19,Bulk,19,Cowboy Hat,Western_Apparel,1,34.99,34.99,259.8
868,2024-01-12 16:01:19,Bulk,17,Stock Tank Float,Ranch_Supplies,2,8.49,16.98,259.8
868,2024-01-12 16:01:19,Bulk,23,Leather Belt,Western_Apparel,2,19.99,39.98,259.8
868,2024-01-12 16:01:19,Bulk,10,Smoked Sausage Links,Cowboy_Food,1,8.99,8.99,259.8
868,2024-01-12 16:01:19,Bulk,6,Campfire Coffee,Cowboy_Food,1,7.99,7.99,259.8
868,2024-01-12 16:01:19,Bulk,21,Red Bandana,Western_Apparel,2,4.99,9.98,259.8
868,2024-01-12 16:01:19,Bulk,29,Leather Wallet,Leather_Goods,1,24.99,24.99,259.8
868,2024-01-12 16:01:19,Bulk,4,Trail Beef Jerky,Cowboy_Food,1,5.99,5.99,259.8
868,2024-01-12 16:01:19,Bulk,27,Bull Rope Rosin,Rodeo_Gear,1,7.49,7.49,259.8
868,2024-01-12 16:01:19,Bulk,22,Flannel Shirt,Western_Apparel,1,29.99,29.99,259.8
868,2024-01-12 16:01:19,Bulk,9,Dried Apple Slices,Cowboy_Food,1,4.99,4.99,259.8
868,2024-01-12 16:01:19,Bulk,1,Chuckwagon Beans,Cowboy_Food,1,2.99,2.99,259.8
868,2024-01-12 16:01:19,Bulk,14,Work Gloves,Ranch_Supplies,1,6.99,6.99,259.8
869,2024-01-12 17:41:04,Regular,25,Riding Spurs,Rodeo_Gear,1,22.99,22.99,66.46
869,2024-01-12 17:41:04,Regular,8,Hardtack Biscuits,Cowboy_Food,1,2.49,2.49,66.46
869,2024-01-12 17:41:04,Regular,19,Cowboy Hat,Western_Apparel,1,34.99,34.99,66.46
869,2024-01-12 17:41:04,Regular,16,Hay Bale Twine,Ranch_Supplies,1,5.99,5.99,66.46
870,2024-01-12 17:23:06,Casual,19,Cowboy Hat,Western_Apparel,1,34.99,34.99,42.97
870,2024-01-12 17:23:06,Casual,2,Campfire Chili,Cowboy_Food,2,3.99,7.98,42.97
871,2024-01-12 17:54:59,Casual,9,Dried Apple Slices,Cowboy_Food,1,4.99,4.99,178.94
871,2024-01-12 17:54:59,Casual,22,Flannel Shirt,Western_Apparel,1,29.99,29.99,178.94
871,2024-01-12 17:54:59,Casual,10,Smoked Sausage Links,Cowboy_Food,1,8.99,8.99,178.94
871,2024-01-12 17:54:59,Casual,20,Cowboy Boots,Western_Apparel,1,89.99,89.99,178.94
871,2024-01-12 17:54:59,Casual,12,Horse Feed Sack,Ranch_Supplies,1,19.99,19.99,178.94
871,2024-01-12 17:54:59,Casual,18,Branding Iron,Ranch_Supplies,1,24.99,24.99,178.94
872,2024-01-12 12:15:14,Casual,25,Riding Spurs,Rodeo_Gear,1,22.99,22.99,51.96
872,2024-01-12 12:15:14,Casual,11,Lasso Rope,Ranch_Supplies,1,14.99,14.99,51.96
872,2024-01-12 12:15:14,Casual,4,Trail Beef Jerky,Cowboy_Food,1,5.99,5.99,51.96
872,2024-01-12 12:15:14,Casual,6,Campfire Coffee,Cowboy_Food,1,7.99,7.99,51.96
873,2024-01-12 18:41:10,Regular,29,Leather Wallet,Leather_Goods,1,24.99,24.99,53.97
873,2024-01-12 18:41:10,Regular,25,Riding Spurs,Rodeo_Gear,1,22.99,22.99,53.97
873,2024-01-12 18:41:10,Regular,4,Trail Beef Jerky,Cowboy_Food,1,5.99,5.99,53.97
874,2024-01-12 17:10:04,Regular,11,Lasso Rope,Ranch_Supplies,1,14.99,14.99,187.92
874,2024-01-12 17:10:04,Regular,24,Denim Vest,Western_Apparel,1,39.99,39.99,187.92
874,2024-01-12 17:10:04,Regular,25,Riding Spurs,Rodeo_Gear,1,22.99,22.99,187.92
874,2024-01-12 17:10:04,Regular,1,Chuckwagon Beans,Cowboy_Food,1,2.99,2.99,187.92
874,2024-01-12 17:10:04,Regular,2,Campfire Chili,Cowboy_Food,1,3.99,3.99,187.92
874,2024-01-12 17:10:04,Regular,20,Cowboy Boots,Western_Apparel,1,89.99,89.99,187.92
874,2024-01-12 17:10:04,Regular,14,Work Gloves,Ranch_Supplies,1,6.99,6.99,187.92
874,2024-01-12 17:10:04,Regular,4,Trail Beef Jerky,Cowboy_Food,1,5.99,5.99,187.92
875,2024-01-12 17:02:58,Regular,22,Flannel Shirt,Western_Apparel,1,29.99,29.99,29.99
876,2024-01-12 16:21:28,Tourist,19,Cowboy Hat,Western_Apparel,1,34.99,34.99,52.97
876,2024-01-12 16:21:28,Tourist,6,Campfire Coffee,Cowboy_Food,1,7.99,7.99,52.97
876,2024-01-12 16:21:28,Tourist,13,Saddle Oil,Ranch_Supplies,1,9.99,9.99,52.97
877,2024-01-12 18:38:47,Regular,21,Red Bandana,Western_Apparel,1,4.99,4.99,118.92
877,2024-01-12 18:38:47,Regular,23,Leather Belt,Western_Apparel,1,19.99,19.99,118.92
877,2024-01-12 18:38:47,Regular,14,Work Gloves,Ranch_Supplies,1,6.99,6.99,118.92
877,2024-01-12 18:38:47,Regular,12,Horse Feed Sack,Ranch_Supplies,2,19.99,39.98,118.92
877,2024-01-12 18:38:47,Regular,17,Stock Tank Float,Ranch_Supplies,2,8.49,16.98,118.92
877,2024-01-12 18:38:47,Regular,22,Flannel Shirt,Western_Apparel,1,29.99,29.99,118.92
878,2024-01-12 14:48:15,Bulk,27,Bull Rope Rosin,Rodeo_Gear,1,7.49,7.49,92.41
878,2024-01-12 14:48:15,Bulk,12,Horse Feed Sack,Ranch_Supplies,1,19.99,19.99,92.41
878,2024-01-12 14:48:15,Bulk,18,Branding Iron,Ranch_Supplies,1,24.99,24.99,92.41
878,2024-01-12 14:48:15,Bulk,3,Smoky BBQ Sauce,Cowboy_Food,2,4.49,8.98,92.41
878,2024-01-12 14:48:15,Bulk,2,Campfire Chili,Cowboy_Food,1,3.99,3.99,92.41
878,2024-01-12 14:48:15,Bulk,10,Smoked Sausage Links,Cowboy_Food,1,8.99,8.99,92.41
878,2024-01-12 14:48:15,Bulk,13,Saddle Oil,Ranch_Supplies,1,9.99,9.99,92.41
878,2024-01-12 14:48:15,Bulk,6,Campfire Coffee,Cowboy_Food,1,7.99,7.99,92.41
879,2024-01-12 16:45:38,Casual,4,Trail Beef Jerky,Cowboy_Food,1,5.99,5.99,8.98
879,2024-01-12 16:45:38,Casual,1,Chuckwagon Beans,Cowboy_Food,1,2.99,2.99,8.98
880,2024-01-12 16:31:53,Regular,30,Leather Journal,Leather_Goods,2,14.99,29.98,29.98
881,2024-01-12 16:41:40,Regular,18,Branding Iron,Ranch_Supplies,1,24.99,24.99,49.96
881,2024-01-12 16:41:40,Regular,30,Leather Journal,Leather_Goods,1,14.99,14.99,49.96
881,2024-01-12 16:41:40,Regular,2,Campfire Chili,Cowboy_Food,1,3.99,3.99,49.96
881,2024-01-12 16:41:40,Regular,4,Trail Beef Jerky,Cowboy_Food,1,5.99,5.99,49.96
882,2024-01-12 16:48:31,Regular,6,Campfire Coffee,Cowboy_Food,1,7.99,7.99,10.98
882,2024-01-12 16:48:31,Regular,1,Chuckwagon Beans,Cowboy_Food,1,2.99,2.99,10.98
883,2024-01-12 11:35:12,Bulk,29,Leather Wallet,Leather_Goods,2,24.99,49.98,224.37
883,2024-01-12 11:35:12,Bulk,17,Stock Tank Float,Ranch_Supplies,1,8.49,8.49,224.37
883,2024-01-12 11:35:12,Bulk,10,Smoked Sausage Links,Cowboy_Food,1,8.99,8.99,224.37
883,2024-01-12 11:35:12,Bulk,1,Chuckwagon Beans,Cowboy_Food,1,2.99,2.99,224.37
883,2024-01-12 11:35:12,Bulk,23,Leather Belt,Western_Apparel,1,19.99,19.99,224.37
883,2024-01-12 11:35:12,Bulk,24,Denim Vest,Western_Apparel,1,39.99,39.99,224.37
883,2024-01-12 11:35:12,Bulk,2,Campfire Chili,Cowboy_Food,1,3.99,3.99,224.37
883,2024-01-12 11:35:12,Bulk,19,Cowboy Hat,Western_Apparel,2,34.99,69.98,224.37
883,2024-01-12 11:35:12,Bulk,4,Trail Beef Jerky,Cowboy_Food,1,5.99,5.99,224.37
883,2024-01-12 11:35:12,Bulk,16,Hay Bale Twine,Ranch_Supplies,1,5.99,5.99,224.37
883,2024-01-12 11:35:12,Bulk,6,Campfire Coffee,Cowboy_Food,1,7.99,7.99,224.37
884,2024-01-12 13:16:14,Tourist,19,Cowboy Hat,Western_Apparel,1,34.99,34.99,124.93
884,2024-01-12 13:16:14,Tourist,14,Work Gloves,Ranch_Supplies,1,6.99,6.99,124.93
884,2024-01-12 13:16:14,Tourist,21,Red Bandana,Western_Apparel,1,4.99,4.99,124.93
884,2024-01-12 13:16:14,Tourist,10,Smoked Sausage Links,Cowboy_Food,1,8.99,8.99,124.93
884,2024-01-12 13:16:14,Tourist,4,Trail Beef Jerky,Cowboy_Food,1,5.99,5.99,124.93
884,2024-01-12 13:16:14,Tourist,25,Riding Spurs,Rodeo_Gear,1,22.99,22.99,124.93
884,2024-01-12 13:16:14,Tourist,24,Denim Vest,Western_Apparel,1,39.99,39.99,124.93
885,2024-01-12 14:07:35,Regular,15,Fence Wire (50ft),Ranch_Supplies,1,12.99,12.99,22.97
885,2024-01-12 14:07:35,Regular,2,Campfire Chili,Cowboy_Food,1,3.99,3.99,22.97
885,2024-01-12 14:07:35,Regular,4,Trail Beef Jerky,Cowboy_Food,1,5.99,5.99,22.97
886,2024-01-12 16:47:27,Tourist,11,Lasso Rope,Ranch_Supplies,1,14.99,14.99,19.98
886,2024-01-12 16:47:27,Tourist,21,Red Bandana,Western_Apparel,1,4.99,4.99,19.98
887,2024-01-12 16:36:02,Regular,23,Leather Belt,Western_Apparel,1,19.99,19.99,24.48
887,2024-01-12 16:36:02,Regular,3,Smoky BBQ Sauce,Cowboy_Food,1,4.49,4.49,24.48
888,2024-01-12 17:16:11,Regular,2,Campfire Chili,Cowboy_Food,1,3.99,3.99,3.99
889,2024-01-12 17:00:25,Tourist,28,Leather Saddlebag,Leather_Goods,2,59.99,119.98,203.93
889,2024-01-12 17:00:25,Tourist,5,Cornbread Mix,Cowboy_Food,1,3.49,3.49,203.93
889,2024-01-12 17:00:25,Tourist,19,Cowboy Hat,Western_Apparel,2,34.99,69.98,203.93
889,2024-01-12 17:00:25,Tourist,16,Hay Bale Twine,Ranch_Supplies,1,5.99,5.99,203.93
889,2024-01-12 17:00:25,Tourist,3,Smoky BBQ Sauce,Cowboy_Food,1,4.49,4.49,203.93
890,2024-01-12 15:57:10,Casual,28,Leather Saddlebag,Leather_Goods,1,59.99,59.99,67.97
890,2024-01-12 15:57:10,Casual,3,Smoky BBQ Sauce,Cowboy_Food,1,4.49,4.49,67.97
890,2024-01-12 15:57:10,Casual,5,Cornbread Mix,Cowboy_Food,1,3.49,3.49,67.97
891,2024-01-12 11:10:33,Regular,5,Cornbread Mix,Cowboy_Food,1,3.49,3.49,33.48
891,2024-01-12 11:10:33,Regular,22,Flannel Shirt,Western_Apparel,1,29.99,29.99,33.48
892,2024-01-12 16:10:18,Bulk,19,Cowboy Hat,Western_Apparel,1,34.99,34.99,139.43
892,2024-01-12 16:10:18,Bulk,27,Bull Rope Rosin,Rodeo_Gear,1,7.49,7.49,139.43
892,2024-01-12 16:10:18,Bulk,24,Denim Vest,Western_Apparel,1,39.99,39.99,139.43
892,2024-01-12 16:10:18,Bulk,11,Lasso Rope,Ranch_Supplies,1,14.99,14.99,139.43
892,2024-01-12 16:10:18,Bulk,12,Horse Feed Sack,Ranch_Supplies,1,19.99,19.99,139.43
892,2024-01-12 16:10:18,Bulk,26,Rodeo Rope,Rodeo_Gear,1,18.99,18.99,139.43
892,2024-01-12 16:10:18,Bulk,1,Chuckwagon Beans,Cowboy_Food,1,2.99,2.99,139.43
893,2024-01-12 17:38:17,Casual,19,Cowboy Hat,Western_Apparel,1,34.99,34.99,40.97
893,2024-01-12 17:38:17,Casual,5,Cornbread Mix,Cowboy_Food,1,3.49,3.49,40.97
893,2024-01-12 17:38:17,Casual,8,Hardtack Biscuits,Cowboy_Food,1,2.49,2.49,40.97
894,2024-01-12 16:13:06,Casual,25,Riding Spurs,Rodeo_Gear,1,22.99,22.99,32.98
894,2024-01-12 16:13:06,Casual,13,Saddle Oil,Ranch_Supplies,1,9.99,9.99,32.98
895,2024-01-12 17:42:30,Bulk,17,Stock Tank Float,Ranch_Supplies,1,8.49,8.49,74.42
895,2024-01-12 17:42:30,Bulk,7,Prairie Honey,Cowboy_Food,1,6.49,6.49,74.42
895,2024-01-12 17:42:30,Bulk,5,Cornbread Mix,Cowboy_Food,1,3.49,3.49,74.42
895,2024-01-12 17:42:30,Bulk,3,Smoky BBQ Sauce,Cowboy_Food,1,4.49,4.49,74.42
895,2024-01-12 17:42:30,Bulk,2,Campfire Chili,Cowboy_Food,1,3.99,3.99,74.42
895,2024-01-12 17:42:30,Bulk,22,Flannel Shirt,Western_Apparel,1,29.99,29.99,74.42
895,2024-01-12 17:42:30,Bulk,8,Hardtack Biscuits,Cowboy_Food,1,2.49,2.49,74.42
895,2024-01-12 17:42:30,Bulk,30,Leather Journal,Leather_Goods,1,14.99,14.99,74.42
896,2024-01-12 18:58:11,Regular,11,Lasso Rope,Ranch_Supplies,1,14.99,14.99,77.45
896,2024-01-12 18:58:11,Regular,24,Denim Vest,Western_Apparel,1,39.99,39.99,77.45
896,2024-01-12 18:58:11,Regular,1,Chuckwagon Beans,Cowboy_Food,1,2.99,2.99,77.45
896,2024-01-12 18:58:11,Regular,15,Fence Wire (50ft),Ranch_Supplies,1,12.99,12.99,77.45
896,2024-01-12 18:58:11,Regular,7,Prairie Honey,Cowboy_Food,1,6.49,6.49,77.45
897,2024-01-12 13:28:37,Regular,24,Denim Vest,Western_Apparel,1,39.99,39.99,239.92
897,2024-01-12 13:28:37,Regular,5,Cornbread Mix,Cowboy_Food,1,3.49,3.49,239.92
897,2024-01-12 13:28:37,Regular,28,Leather Saddlebag,Leather_Goods,1,59.99,59.99,239.92
897,2024-01-12 13:28:37,Regular,17,Stock Tank Float,Ranch_Supplies,1,8.49,8.49,239.92
897,2024-01-12 13:28:37,Regular,18,Branding Iron,Ranch_Supplies,1,24.99,24.99,239.92
897,2024-01-12 13:28:37,Regular,14,Work Gloves,Ranch_Supplies,1,6.99,6.99,239.92
897,2024-01-12 13:28:37,Regular,16,Hay Bale Twine,Ranch_Supplies,1,5.99,5.99,239.92
897,2024-01-12 13:28:37,Regular,20,Cowboy Boots,Western_Apparel,1,89.99,89.99,239.92
898,2024-01-13 15:52:56,Casual,3,Smoky BBQ Sauce,Cowboy_Food,1,4.49,4.49,4.49
899,2024-01-13 13:23:28,Casual,24,Denim Vest,Western_Apparel,1,39.99,39.99,48.98
899,2024-01-13 13:23:28,Casual,10,Smoked Sausage Links,Cowboy_Food,1,8.99,8.99,48.98
900,2024-01-13 16:11:22,Casual,11,Lasso Rope,Ranch_Supplies,1,14.99,14.99,84.45
900,2024-01-13 16:11:22,Casual,17,Stock Tank Float,Ranch_Supplies,1,8.49,8.49,84.45
900,2024-01-13 16:11:22,Casual,18,Branding Iron,Ranch_Supplies,1,24.99,24.99,84.45
900,2024-01-13 16:11:22,Casual,25,Riding Spurs,Rodeo_Gear,1,22.99,22.99,84.45
900,2024-01-13 16:11:22,Casual,15,Fence Wire (50ft),Ranch_Supplies,1,12.99,12.99,84.45
901,2024-01-13 15:39:59,Regular,18,Branding Iron,Ranch_Supplies,2,24.99,49.98,69.97
901,2024-01-13 15:39:59,Regular,23,Leather Belt,Western_Apparel,1,19.99,19.99,69.97
902,2024-01-13 11:29:06,Regular,27,Bull Rope Rosin,Rodeo_Gear,1,7.49,7.49,43.94
902,2024-01-13 11:29:06,Regular,3,Smoky BBQ Sauce,Cowboy_Food,2,4.49,8.98,43.94
902,2024-01-13 11:29:06,Regular,30,Leather Journal,Leather_Goods,1,14.99,14.99,43.94
902,2024-01-13 11:29:06,Regular,4,Trail Beef Jerky,Cowboy_Food,1,5.99,5.99,43.94
902,2024-01-13 11:29:06,Regular,7,Prairie Honey,Cowboy_Food,1,6.49,6.49,43.94
903,2024-01-13 16:42:54,Tourist,8,Hardtack Biscuits,Cowboy_Food,1,2.49,2.49,8.48
903,2024-01-13 16:42:54,Tourist,4,Trail Beef Jerky,Cowboy_Food,1,5.99,5.99,8.48
904,2024-01-13 14:58:52,Regular,2,Campfire Chili,Cowboy_Food,1,3.99,3.99,193.92
904,2024-01-13 14:58:52,Regular,23,Leather Belt,Western_Apparel,1,19.99,19.99,193.92
904,2024-01-13 14:58:52,Regular,10,Smoked Sausage Links,Cowboy_Food,1,8.99,8.99,193.92
904,2024-01-13 14:58:52,Regular,20,Cowboy Boots,Western_Apparel,1,89.99,89.99,193.92
904,2024-01-13 14:58:52,Regular,22,Flannel Shirt,Western_Apparel,1,29.99,29.99,193.92
904,2024-01-13 14:58:52,Regular,12,Horse Feed Sack,Ranch_Supplies,1,19.99,19.99,193.92
904,2024-01-13 14:58:52,Regular,4,Trail Beef Jerky,Cowboy_Food,1,5.99,5.99,193.92
904,2024-01-13 14:58:52,Regular,11,Lasso Rope,Ranch_Supplies,1,14.99,14.99,193.92
905,2024-01-13 15:41:01,Regular,7,Prairie Honey,Cowboy_Food,1,6.49,6.49,189.4
905,2024-01-13 15:41:01,Regular,19,Cowboy Hat,Western_Apparel,3,34.99,104.97,189.4
905,2024-01-13 15:41:01,Regular,15,Fence Wire (50ft),Ranch_Supplies,1,12.99,12.99,189.4
905,2024-01-13 15:41:01,Regular,29,Leather Wallet,Leather_Goods,1,24.99,24.99,189.4
905,2024-01-13 15:41:01,Regular,13,Saddle Oil,Ranch_Supplies,1,9.99,9.99,189.4
905,2024-01-13 15:41:01,Regular,23,Leather Belt,Western_Apparel,1,19.99,19.99,189.4
905,2024-01-13 15:41:01,Regular,14,Work Gloves,Ranch_Supplies,1,6.99,6.99,189.4
905,2024-01-13 15:41:01,Regular,1,Chuckwagon Beans,Cowboy_Food,1,2.99,2.99,189.4
906,2024-01-13 16:22:42,Bulk,19,Cowboy Hat,Western_Apparel,2,34.99,69.98,105.44
906,2024-01-13 16:22:42,Bulk,2,Campfire Chili,Cowboy_Food,1,3.99,3.99,105.44
906,2024-01-13 16:22:42,Bulk,12,Horse Feed Sack,Ranch_Supplies,1,19.99,19.99,105.44
906,2024-01-13 16:22:42,Bulk,6,Campfire Coffee,Cowboy_Food,1,7.99,7.99,105.44
906,2024-01-13 16:22:42,Bulk,5,Cornbread Mix,Cowboy_Food,1,3.49,3.49,105.44
907,2024-01-13 16:16:12,Regular,2,Campfire Chili,Cowboy_Food,2,3.99,7.98,96.91
907,2024-01-13 16:16:12,Regular,30,Leather Journal,Leather_Goods,2,14.99,29.98,96.91
907,2024-01-13 16:16:12,Regular,1,Chuckwagon Beans,Cowboy_Food,1,2.99,2.99,96.91
907,2024-01-13 16:16:12,Regular,21,Red Bandana,Western_Apparel,1,4.99,4.99,96.91
907,2024-01-13 16:16:12,Regular,18,Branding Iron,Ranch_Supplies,1,24.99,24.99,96.91
907,2024-01-13 16:16:12,Regular,16,Hay Bale Twine,Ranch_Supplies,1,5.99,5.99,96.91
907,2024-01-13 16:16:12,Regular,23,Leather Belt,Western_Apparel,1,19.99,19.99,96.91
908,2024-01-13 16:47:02,Regular,13,Saddle Oil,Ranch_Supplies,1,9.99,9.99,115.91
908,2024-01-13 16:47:02,Regular,4,Trail Beef Jerky,Cowboy_Food,1,5.99,5.99,115.91
908,2024-01-13 16:47:02,Regular,25,Riding Spurs,Rodeo_Gear,1,22.99,22.99,115.91
908,2024-01-13 16:47:02,Regular,29,Leather Wallet,Leather_Goods,1,24.99,24.99,115.91
908,2024-01-13 16:47:02,Regular,3,Smoky BBQ Sauce,Cowboy_Food,1,4.49,4.49,115.91
908,2024-01-13 16:47:02,Regular,22,Flannel Shirt,Western_Apparel,1,29.99,29.99,115.91
908,2024-01-13 16:47:02,Regular,6,Campfire Coffee,Cowboy_Food,1,7.99,7.99,115.91
908,2024-01-13 16:47:02,Regular,1,Chuckwagon Beans,Cowboy_Food,1,2.99,2.99,115.91
908,2024-01-13 16:47:02,Regular,7,Prairie Honey,Cowboy_Food,1,6.49,6.49,115.91
909,2024-01-13 11:43:51,Regular,22,Flannel Shirt,Western_Apparel,1,29.99,29.99,29.99
910,2024-01-13 10:55:06,Regular,13,Saddle Oil,Ranch_Supplies,1,9.99,9.99,57.45
910,2024-01-13 10:55:06,Regular,23,Leather Belt,Western_Apparel,1,19.99,19.99,57.45
910,2024-01-13 10:55:06,Regular,7,Prairie Honey,Cowboy_Food,1,6.49,6.49,57.45
910,2024-01-13 10:55:06,Regular,4,Trail Beef Jerky,Cowboy_Food,1,5.99,5.99,57.45
910,2024-01-13 10:55:06,Regular,11,Lasso Rope,Ranch_Supplies,1,14.99,14.99,57.45
911,2024-01-13 16:21:17,Bulk,18,Branding Iron,Ranch_Supplies,2,24.99,49.98,385.3
911,2024-01-13 16:21:17,Bulk,3,Smoky BBQ Sauce,Cowboy_Food,1,4.49,4.49,385.3
911,2024-01-13 16:21:17,Bulk,16,Hay Bale Twine,Ranch_Supplies,2,5.99,11.98,385.3
911,2024-01-13 16:21:17,Bulk,28,Leather Saddlebag,Leather_Goods,3,59.99,179.97,385.3
911,2024-01-13 16:21:17,Bulk,11,Lasso Rope,Ranch_Supplies,1,14.99,14.99,385.3
911,2024-01-13 16:21:17,Bulk,23,Leather Belt,Western_Apparel,1,19.99,19.99,385.3
911,2024-01-13 16:21:17,Bulk,8,Hardtack Biscuits,Cowboy_Food,1,2.49,2.49,385.3
911,2024-01-13 16:21:17,Bulk,17,Stock Tank Float,Ranch_Supplies,1,8.49,8.49,385.3
911,2024-01-13 16:21:17,Bulk,19,Cowboy Hat,Western_Apparel,1,34.99,34.99,385.3
911,2024-01-13 16:21:17,Bulk,21,Red Bandana,Western_Apparel,1,4.99,4.99,385.3
911,2024-01-13 16:21:17,Bulk,26,Rodeo Rope,Rodeo_Gear,1,18.99,18.99,385.3
911,2024-01-13 16:21:17,Bulk,5,Cornbread Mix,Cowboy_Food,2,3.49,6.98,385.3
911,2024-01-13 16:21:17,Bulk,30,Leather Journal,Leather_Goods,1,14.99,14.99,385.3
911,2024-01-13 16:21:17,Bulk,14,Work Gloves,Ranch_Supplies,1,6.99,6.99,385.3
911,2024-01-13 16:21:17,Bulk,9,Dried Apple Slices,Cowboy_Food,1,4.99,4.99,385.3
912,2024-01-13 11:57:05,Regular,1,Chuckwagon Beans,Cowboy_Food,1,2.99,2.99,7.98
912,2024-01-13 11:57:05,Regular,21,Red Bandana,Western_Apparel,1,4.99,4.99,7.98
913,2024-01-13 10:57:08,Regular,11,Lasso Rope,Ranch_Supplies,1,14.99,14.99,19.98
913,2024-01-13 10:57:08,Regular,9,Dried Apple Slices,Cowboy_Food,1,4.99,4.99,19.98
914,2024-01-13 11:06:03,Regular,5,Cornbread Mix,Cowboy_Food,1,3.49,3.49,8.48
914,2024-01-13 11:06:03,Regular,9,Dried Apple Slices,Cowboy_Food,1,4.99,4.99,8.48
915,2024-01-13 12:43:50,Bulk,26,Rodeo Rope,Rodeo_Gear,1,18.99,18.99,102.41
915,2024-01-13 12:43:50,Bulk,8,Hardtack Biscuits,Cowboy_Food,1,2.49,2.49,102.41
915,2024-01-13 12:43:50,Bulk,3,Smoky BBQ Sauce,Cowboy_Food,2,4.49,8.98,102.41
915,2024-01-13 12:43:50,Bulk,15,Fence Wire (50ft),Ranch_Supplies,1,12.99,12.99,102.41
915,2024-01-13 12:43:50,Bulk,23,Leather Belt,Western_Apparel,1,19.99,19.99,102.41
915,2024-01-13 12:43:50,Bulk,2,Campfire Chili,Cowboy_Food,1,3.99,3.99,102.41
915,2024-01-13 12:43:50,Bulk,13,Saddle Oil,Ranch_Supplies,1,9.99,9.99,102.41
915,2024-01-13 12:43:50,Bulk,29,Leather Wallet,Leather_Goods,1,24.99,24.99,102.41
916,2024-01-13 18:48:03,Regular,19,Cowboy Hat,Western_Apparel,1,34.99,34.99,83.95
916,2024-01-13 18:48:03,Regular,7,Prairie Honey,Cowboy_Food,1,6.49,6.49,83.95
916,2024-01-13 18:48:03,Regular,18,Branding Iron,Ranch_Supplies,1,24.99,24.99,83.95
916,2024-01-13 18:48:03,Regular,3,Smoky BBQ Sauce,Cowboy_Food,1,4.49,4.49,83.95
916,2024-01-13 18:48:03,Regular,15,Fence Wire (50ft),Ranch_Supplies,1,12.99,12.99,83.95
917,2024-01-13 11:19:45,Regular,20,Cowboy Boots,Western_Apparel,1,89.99,89.99,125.46
917,2024-01-13 11:19:45,Regular,1,Chuckwagon Beans,Cowboy_Food,1,2.99,2.99,125.46
917,2024-01-13 11:19:45,Regular,27,Bull Rope Rosin,Rodeo_Gear,1,7.49,7.49,125.46
917,2024-01-13 11:19:45,Regular,18,Branding Iron,Ranch_Supplies,1,24.99,24.99,125.46
918,2024-01-13 12:33:09,Casual,10,Smoked Sausage Links,Cowboy_Food,1,8.99,8.99,81.96
918,2024-01-13 12:33:09,Casual,29,Leather Wallet,Leather_Goods,1,24.99,24.99,81.96
918,2024-01-13 12:33:09,Casual,19,Cowboy Hat,Western_Apparel,1,34.99,34.99,81.96
918,2024-01-13 12:33:09,Casual,15,Fence Wire (50ft),Ranch_Supplies,1,12.99,12.99,81.96
919,2024-01-13 17:54:54,Regular,4,Trail Beef Jerky,Cowboy_Food,1,5.99,5.99,69.95
919,2024-01-13 17:54:54,Regular,17,Stock Tank Float,Ranch_Supplies,1,8.49,8.49,69.95
919,2024-01-13 17:54:54,Regular,19,Cowboy Hat,Western_Apparel,1,34.99,34.99,69.95
919,2024-01-13 17:54:54,Regular,15,Fence Wire (50ft),Ranch_Supplies,1,12.99,12.99,69.95
919,2024-01-13 17:54:54,Regular,27,Bull Rope Rosin,Rodeo_Gear,1,7.49,7.49,69.95
920,2024-01-13 18:21:50,Casual,9,Dried Apple Slices,Cowboy_Food,2,4.99,9.98,212.92
920,2024-01-13 18:21:50,Casual,19,Cowboy Hat,Western_Apparel,2,34.99,69.98,212.92
920,2024-01-13 18:21:50,Casual,20,Cowboy Boots,Western_Apparel,1,89.99,89.99,212.92
920,2024-01-13 18:21:50,Casual,10,Smoked Sausage Links,Cowboy_Food,2,8.99,17.98,212.92
920,2024-01-13 18:21:50,Casual,29,Leather Wallet,Leather_Goods,1,24.99,24.99,212.92
921,2024-01-13 11:53:37,Regular,17,Stock Tank Float,Ranch_Supplies,1,8.49,8.49,69.44
921,2024-01-13 11:53:37,Regular,11,Lasso Rope,Ranch_Supplies,1,14.99,14.99,69.44
921,2024-01-13 11:53:37,Regular,30,Leather Journal,Leather_Goods,1,14.99,14.99,69.44
921,2024-01-13 11:53:37,Regular,21,Red Bandana,Western_Apparel,1,4.99,4.99,69.44
921,2024-01-13 11:53:37,Regular,1,Chuckwagon Beans,Cowboy_Food,1,2.99,2.99,69.44
921,2024-01-13 11:53:37,Regular,25,Riding Spurs,Rodeo_Gear,1,22.99,22.99,69.44
922,2024-01-13 17:35:49,Regular,19,Cowboy Hat,Western_Apparel,1,34.99,34.99,124.42
922,2024-01-13 17:35:49,Regular,2,Campfire Chili,Cowboy_Food,1,3.99,3.99,124.42
922,2024-01-13 17:35:49,Regular,11,Lasso Rope,Ranch_Supplies,1,14.99,14.99,124.42
922,2024-01-13 17:35:49,Regular,4,Trail Beef Jerky,Cowboy_Food,1,5.99,5.99,124.42
922,2024-01-13 17:35:49,Regular,18,Branding Iron,Ranch_Supplies,1,24.99,24.99,124.42
922,2024-01-13 17:35:49,Regular,9,Dried Apple Slices,Cowboy_Food,1,4.99,4.99,124.42
922,2024-01-13 17:35:49,Regular,22,Flannel Shirt,Western_Apparel,1,29.99,29.99,124.42
922,2024-01-13 17:35:49,Regular,3,Smoky BBQ Sauce,Cowboy_Food,1,4.49,4.49,124.42
923,2024-01-13 11:10:17,Regular,1,Chuckwagon Beans,Cowboy_Food,1,2.99,2.99,2.99
924,2024-01-13 16:51:46,Casual,20,Cowboy Boots,Western_Apparel,2,89.99,179.98,186.97
924,2024-01-13 16:51:46,Casual,14,Work Gloves,Ranch_Supplies,1,6.99,6.99,186.97
925,2024-01-13 09:34:13,Regular,20,Cowboy Boots,Western_Apparel,1,89.99,89.99,182.92
925,2024-01-13 09:34:13,Regular,10,Smoked Sausage Links,Cowboy_Food,1,8.99,8.99,182.92
925,2024-01-13 09:34:13,Regular,19,Cowboy Hat,Western_Apparel,1,34.99,34.99,182.92
925,2024-01-13 09:34:13,Regular,11,Lasso Rope,Ranch_Supplies,1,14.99,14.99,182.92
925,2024-01-13 09:34:13,Regular,1,Chuckwagon Beans,Cowboy_Food,2,2.99,5.98,182.92
925,2024-01-13 09:34:13,Regular,6,Campfire Coffee,Cowboy_Food,1,7.99,7.99,182.92
925,2024-01-13 09:34:13,Regular,12,Horse Feed Sack,Ranch_Supplies,1,19.99,19.99,182.92
926,2024-01-13 14:22:36,Regular,14,Work Gloves,Ranch_Supplies,2,6.99,13.98,18.47
926,2024-01-13 14:22:36,Regular,3,Smoky BBQ Sauce,Cowboy_Food,1,4.49,4.49,18.47
927,2024-01-13 12:03:55,Bulk,22,Flannel Shirt,Western_Apparel,1,29.99,29.99,52.47
927,2024-01-13 12:03:55,Bulk,5,Cornbread Mix,Cowboy_Food,1,3.49,3.49,52.47
927,2024-01-13 12:03:55,Bulk,26,Rodeo Rope,Rodeo_Gear,1,18.99,18.99,52.47
928,2024-01-13 16:32:43,Regular,24,Denim Vest,Western_Apparel,2,39.99,79.98,167.9
928,2024-01-13 16:32:43,Regular,13,Saddle Oil,Ranch_Supplies,1,9.99,9.99,167.9
928,2024-01-13 16:32:43,Regular,12,Horse Feed Sack,Ranch_Supplies,1,19.99,19.99,167.9
928,2024-01-13 16:32:43,Regular,4,Trail Beef Jerky,Cowboy_Food,2,5.99,11.98,167.9
928,2024-01-13 16:32:43,Regular,3,Smoky BBQ Sauce,Cowboy_Food,1,4.49,4.49,167.9
928,2024-01-13 16:32:43,Regular,18,Branding Iron,Ranch_Supplies,1,24.99,24.99,167.9
928,2024-01-13 16:32:43,Regular,27,Bull Rope Rosin,Rodeo_Gear,1,7.49,7.49,167.9
928,2024-01-13 16:32:43,Regular,10,Smoked Sausage Links,Cowboy_Food,1,8.99,8.99,167.9
929,2024-01-13 09:39:16,Casual,7,Prairie Honey,Cowboy_Food,1,6.49,6.49,121.46
929,2024-01-13 09:39:16,Casual,23,Leather Belt,Western_Apparel,1,19.99,19.99,121.46
929,2024-01-13 09:39:16,Casual,9,Dried Apple Slices,Cowboy_Food,1,4.99,4.99,121.46
929,2024-01-13 09:39:16,Casual,20,Cowboy Boots,Western_Apparel,1,89.99,89.99,121.46
930,2024-01-13 15:02:44,Tourist,16,Hay Bale Twine,Ranch_Supplies,1,5.99,5.99,20.98
930,2024-01-13 15:02:44,Tourist,30,Leather Journal,Leather_Goods,1,14.99,14.99,20.98
931,2024-01-13 16:30:52,Bulk,11,Lasso Rope,Ranch_Supplies,2,14.99,29.98,236.91
931,2024-01-13 16:30:52,Bulk,16,Hay Bale Twine,Ranch_Supplies,1,5.99,5.99,236.91
931,2024-01-13 16:30:52,Bulk,9,Dried Apple Slices,Cowboy_Food,1,4.99,4.99,236.91
931,2024-01-13 16:30:52,Bulk,20,Cowboy Boots,Western_Apparel,1,89.99,89.99,236.91
931,2024-01-13 16:30:52,Bulk,19,Cowboy Hat,Western_Apparel,1,34.99,34.99,236.91
931,2024-01-13 16:30:52,Bulk,14,Work Gloves,Ranch_Supplies,1,6.99,6.99,236.91
931,2024-01-13 16:30:52,Bulk,2,Campfire Chili,Cowboy_Food,1,3.99,3.99,236.91
931,2024-01-13 16:30:52,Bulk,28,Leather Saddlebag,Leather_Goods,1,59.99,59.99,236.91
932,2024-01-13 10:13:53,Regular,26,Rodeo Rope,Rodeo_Gear,1,18.99,18.99,38.47
932,2024-01-13 10:13:53,Regular,3,Smoky BBQ Sauce,Cowboy_Food,1,4.49,4.49,38.47
932,2024-01-13 10:13:53,Regular,30,Leather Journal,Leather_Goods,1,14.99,14.99,38.47
933,2024-01-13 17:43:44,Regular,30,Leather Journal,Leather_Goods,1,14.99,14.99,136.94
933,2024-01-13 17:43:44,Regular,20,Cowboy Boots,Western_Apparel,1,89.99,89.99,136.94
933,2024-01-13 17:43:44,Regular,14,Work Gloves,Ranch_Supplies,1,6.99,6.99,136.94
933,2024-01-13 17:43:44,Regular,11,Lasso Rope,Ranch_Supplies,1,14.99,14.99,136.94
933,2024-01-13 17:43:44,Regular,9,Dried Apple Slices,Cowboy_Food,1,4.99,4.99,136.94
933,2024-01-13 17:43:44,Regular,21,Red Bandana,Western_Apparel,1,4.99,4.99,136.94
934,2024-01-13 13:30:43,Tourist,2,Campfire Chili,Cowboy_Food,1,3.99,3.99,227.87
934,2024-01-13 13:30:43,Tourist,23,Leather Belt,Western_Apparel,2,19.99,39.98,227.87
934,2024-01-13 13:30:43,Tourist,24,Denim Vest,Western_Apparel,1,39.99,39.99,227.87
934,2024-01-13 13:30:43,Tourist,1,Chuckwagon Beans,Cowboy_Food,1,2.99,2.99,227.87
934,2024-01-13 13:30:43,Tourist,29,Leather Wallet,Leather_Goods,1,24.99,24.99,227.87
934,2024-01-13 13:30:43,Tourist,12,Horse Feed Sack,Ranch_Supplies,1,19.99,19.99,227.87
934,2024-01-13 13:30:43,Tourist,27,Bull Rope Rosin,Rodeo_Gear,2,7.49,14.98,227.87
934,2024-01-13 13:30:43,Tourist,25,Riding Spurs,Rodeo_Gear,1,22.99,22.99,227.87
934,2024-01-13 13:30:43,Tourist,30,Leather Journal,Leather_Goods,1,14.99,14.99,227.87
934,2024-01-13 13:30:43,Tourist,19,Cowboy Hat,Western_Apparel,1,34.99,34.99,227.87
934,2024-01-13 13:30:43,Tourist,6,Campfire Coffee,Cowboy_Food,1,7.99,7.99,227.87
935,2024-01-13 11:23:47,Regular,26,Rodeo Rope,Rodeo_Gear,1,18.99,18.99,48.97
935,2024-01-13 11:23:47,Regular,14,Work Gloves,Ranch_Supplies,1,6.99,6.99,48.97
935,2024-01-13 11:23:47,Regular,25,Riding Spurs,Rodeo_Gear,1,22.99,22.99,48.97
936,2024-01-13 11:52:44,Regular,24,Denim Vest,Western_Apparel,2,39.99,79.98,165.42
936,2024-01-13 11:52:44,Regular,7,Prairie Honey,Cowboy_Food,2,6.49,12.98,165.42
936,2024-01-13 11:52:44,Regular,29,Leather Wallet,Leather_Goods,1,24.99,24.99,165.42
936,2024-01-13 11:52:44,Regular,30,Leather Journal,Leather_Goods,1,14.99,14.99,165.42
936,2024-01-13 11:52:44,Regular,27,Bull Rope Rosin,Rodeo_Gear,1,7.49,7.49,165.42
936,2024-01-13 11:52:44,Regular,18,Branding Iron,Ranch_Supplies,1,24.99,24.99,165.42
937,2024-01-13 13:06:08,Tourist,21,Red Bandana,Western_Apparel,1,4.99,4.99,37.95
937,2024-01-13 13:06:08,Tourist,1,Chuckwagon Beans,Cowboy_Food,1,2.99,2.99,37.95
937,2024-01-13 13:06:08,Tourist,16,Hay Bale Twine,Ranch_Supplies,1,5.99,5.99,37.95
937,2024-01-13 13:06:08,Tourist,10,Smoked Sausage Links,Cowboy_Food,1,8.99,8.99,37.95
937,2024-01-13 13:06:08,Tourist,11,Lasso Rope,Ranch_Supplies,1,14.99,14.99,37.95
938,2024-01-13 11:38:48,Tourist,1,Chuckwagon Beans,Cowboy_Food,1,2.99,2.99,127.43
938,2024-01-13 11:38:48,Tourist,25,Riding Spurs,Rodeo_Gear,1,22.99,22.99,127.43
938,2024-01-13 11:38:48,Tourist,26,Rodeo Rope,Rodeo_Gear,1,18.99,18.99,127.43
938,2024-01-13 11:38:48,Tourist,30,Leather Journal,Leather_Goods,1,14.99,14.99,127.43
938,2024-01-13 11:38:48,Tourist,29,Leather Wallet,Leather_Goods,1,24.99,24.99,127.43
938,2024-01-13 11:38:48,Tourist,19,Cowboy Hat,Western_Apparel,1,34.99,34.99,127.43
938,2024-01-13 11:38:48,Tourist,27,Bull Rope Rosin,Rodeo_Gear,1,7.49,7.49,127.43
939,2024-01-13 15:24:10,Regular,10,Smoked Sausage Links,Cowboy_Food,2,8.99,17.98,189.9
939,2024-01-13 15:24:10,Regular,16,Hay Bale Twine,Ranch_Supplies,1,5.99,5.99,189.9
939,2024-01-13 15:24:10,Regular,15,Fence Wire (50ft),Ranch_Supplies,1,12.99,12.99,189.9
939,2024-01-13 15:24:10,Regular,21,Red Bandana,Western_Apparel,2,4.99,9.98,189.9
939,2024-01-13 15:24:10,Regular,22,Flannel Shirt,Western_Apparel,1,29.99,29.99,189.9
939,2024-01-13 15:24:10,Regular,11,Lasso Rope,Ranch_Supplies,1,14.99,14.99,189.9
939,2024-01-13 15:24:10,Regular,20,Cowboy Boots,Western_Apparel,1,89.99,89.99,189.9
939,2024-01-13 15:24:10,Regular,6,Campfire Coffee,Cowboy_Food,1,7.99,7.99,189.9
940,2024-01-13 16:09:33,Regular,25,Riding Spurs,Rodeo_Gear,1,22.99,22.99,33.97
940,2024-01-13 16:09:33,Regular,9,Dried Apple Slices,Cowboy_Food,1,4.99,4.99,33.97
940,2024-01-13 16:09:33,Regular,16,Hay Bale Twine,Ranch_Supplies,1,5.99,5.99,33.97
941,2024-01-13 14:43:20,Bulk,2,Campfire Chili,Cowboy_Food,2,3.99,7.98,327.8
941,2024-01-13 14:43:20,Bulk,8,Hardtack Biscuits,Cowboy_Food,1,2.49,2.49,327.8
941,2024-01-13 14:43:20,Bulk,25,Riding Spurs,Rodeo_Gear,1,22.99,22.99,327.8
941,2024-01-13 14:43:20,Bulk,29,Leather Wallet,Leather_Goods,2,24.99,49.98,327.8
941,2024-01-13 14:43:20,Bulk,24,Denim Vest,Western_Apparel,1,39.99,39.99,327.8
941,2024-01-13 14:43:20,Bulk,11,Lasso Rope,Ranch_Supplies,2,14.99,29.98,327.8
941,2024-01-13 14:43:20,Bulk,14,Work Gloves,Ranch_Supplies,1,6.99,6.99,327.8
941,2024-01-13 14:43:20,Bulk,10,Smoked Sausage Links,Cowboy_Food,1,8.99,8.99,327.8
941,2024-01-13 14:43:20,Bulk,3,Smoky BBQ Sauce,Cowboy_Food,2,4.49,8.98,327.8
941,2024-01-13 14:43:20,Bulk,4,Trail Beef Jerky,Cowboy_Food,1,5.99,5.99,327.8
941,2024-01-13 14:43:20,Bulk,5,Cornbread Mix,Cowboy_Food,1,3.49,3.49,327.8
941,2024-01-13 14:43:20,Bulk,22,Flannel Shirt,Western_Apparel,2,29.99,59.98,327.8
941,2024-01-13 14:43:20,Bulk,12,Horse Feed Sack,Ranch_Supplies,1,19.99,19.99,327.8
941,2024-01-13 14:43:20,Bulk,18,Branding Iron,Ranch_Supplies,1,24.99,24.99,327.8
941,2024-01-13 14:43:20,Bulk,19,Cowboy Hat,Western_Apparel,1,34.99,34.99,327.8
942,2024-01-13 14:38:12,Casual,16,Hay Bale Twine,Ranch_Supplies,1,5.99,5.99,15.98
942,2024-01-13 14:38:12,Casual,13,Saddle Oil,Ranch_Supplies,1,9.99,9.99,15.98
943,2024-01-13 16:58:16,Regular,9,Dried Apple Slices,Cowboy_Food,2,4.99,9.98,26.95
943,2024-01-13 16:58:16,Regular,10,Smoked Sausage Links,Cowboy_Food,1,8.99,8.99,26.95
943,2024-01-13 16:58:16,Regular,21,Red Bandana,Western_Apparel,1,4.99,4.99,26.95
943,2024-01-13 16:58:16,Regular,1,Chuckwagon Beans,Cowboy_Food,1,2.99,2.99,26.95
944,2024-01-13 12:35:05,Regular,23,Leather Belt,Western_Apparel,1,19.99,19.99,119.43
944,2024-01-13 12:35:05,Regular,7,Prairie Honey,Cowboy_Food,1,6.49,6.49,119.43
944,2024-01-13 12:35:05,Regular,28,Leather Saddlebag,Leather_Goods,1,59.99,59.99,119.43
944,2024-01-13 12:35:05,Regular,15,Fence Wire (50ft),Ranch_Supplies,1,12.99,12.99,119.43
944,2024-01-13 12:35:05,Regular,3,Smoky BBQ Sauce,Cowboy_Food,1,4.49,4.49,119.43
944,2024-01-13 12:35:05,Regular,6,Campfire Coffee,Cowboy_Food,1,7.99,7.99,119.43
944,2024-01-13 12:35:05,Regular,27,Bull Rope Rosin,Rodeo_Gear,1,7.49,7.49,119.43
945,2024-01-13 16:06:26,Regular,14,Work Gloves,Ranch_Supplies,1,6.99,6.99,149.93
945,2024-01-13 16:06:26,Regular,6,Campfire Coffee,Cowboy_Food,1,7.99,7.99,149.93
945,2024-01-13 16:06:26,Regular,11,Lasso Rope,Ranch_Supplies,1,14.99,14.99,149.93
945,2024-01-13 16:06:26,Regular,2,Campfire Chili,Cowboy_Food,1,3.99,3.99,149.93
945,2024-01-13 16:06:26,Regular,25,Riding Spurs,Rodeo_Gear,1,22.99,22.99,149.93
945,2024-01-13 16:06:26,Regular,1,Chuckwagon Beans,Cowboy_Food,1,2.99,2.99,149.93
945,2024-01-13 16:06:26,Regular,20,Cowboy Boots,Western_Apparel,1,89.99,89.99,149.93
946,2024-01-13 17:40:25,Regular,29,Leather Wallet,Leather_Goods,1,24.99,24.99,45.96
946,2024-01-13 17:40:25,Regular,9,Dried Apple Slices,Cowboy_Food,1,4.99,4.99,45.96
946,2024-01-13 17:40:25,Regular,17,Stock Tank Float,Ranch_Supplies,1,8.49,8.49,45.96
946,2024-01-13 17:40:25,Regular,27,Bull Rope Rosin,Rodeo_Gear,1,7.49,7.49,45.96
947,2024-01-13 11:50:24,Regular,5,Cornbread Mix,Cowboy_Food,1,3.49,3.49,217.9
947,2024-01-13 11:50:24,Regular,19,Cowboy Hat,Western_Apparel,2,34.99,69.98,217.9
947,2024-01-13 11:50:24,Regular,23,Leather Belt,Western_Apparel,2,19.99,39.98,217.9
947,2024-01-13 11:50:24,Regular,16,Hay Bale Twine,Ranch_Supplies,1,5.99,5.99,217.9
947,2024-01-13 11:50:24,Regular,25,Riding Spurs,Rodeo_Gear,1,22.99,22.99,217.9
947,2024-01-13 11:50:24,Regular,10,Smoked Sausage Links,Cowboy_Food,1,8.99,8.99,217.9
947,2024-01-13 11:50:24,Regular,28,Leather Saddlebag,Leather_Goods,1,59.99,59.99,217.9
947,2024-01-13 11:50:24,Regular,7,Prairie Honey,Cowboy_Food,1,6.49,6.49,217.9
948,2024-01-13 16:05:05,Casual,23,Leather Belt,Western_Apparel,1,19.99,19.99,49.98
948,2024-01-13 16:05:05,Casual,22,Flannel Shirt,Western_Apparel,1,29.99,29.99,49.98
949,2024-01-13 18:10:36,Regular,18,Branding Iron,Ranch_Supplies,1,24.99,24.99,206.87
949,2024-01-13 18:10:36,Regular,16,Hay Bale Twine,Ranch_Supplies,3,5.99,17.97,206.87
949,2024-01-13 18:10:36,Regular,6,Campfire Coffee,Cowboy_Food,1,7.99,7.99,206.87
949,2024-01-13 18:10:36,Regular,14,Work Gloves,Ranch_Supplies,2,6.99,13.98,206.87
949,2024-01-13 18:10:36,Regular,24,Denim Vest,Western_Apparel,1,39.99,39.99,206.87
949,2024-01-13 18:10:36,Regular,13,Saddle Oil,Ranch_Supplies,1,9.99,9.99,206.87
949,2024-01-13 18:10:36,Regular,2,Campfire Chili,Cowboy_Food,1,3.99,3.99,206.87
949,2024-01-13 18:10:36,Regular,25,Riding Spurs,Rodeo_Gear,1,22.99,22.99,206.87
949,2024-01-13 18:10:36,Regular,9,Dried Apple Slices,Cowboy_Food,1,4.99,4.99,206.87
949,2024-01-13 18:10:36,Regular,28,Leather Saddlebag,Leather_Goods,1,59.99,59.99,206.87
950,2024-01-13 15:32:10,Regular,23,Leather Belt,Western_Apparel,1,19.99,19.99,39.96
950,2024-01-13 15:32:10,Regular,21,Red Bandana,Western_Apparel,1,4.99,4.99,39.96
950,2024-01-13 15:32:10,Regular,27,Bull Rope Rosin,Rodeo_Gear,2,7.49,14.98,39.96
951,2024-01-13 18:32:51,Casual,28,Leather Saddlebag,Leather_Goods,1,59.99,59.99,102.96
951,2024-01-13 18:32:51,Casual,26,Rodeo Rope,Rodeo_Gear,2,18.99,37.98,102.96
951,2024-01-13 18:32:51,Casual,21,Red Bandana,Western_Apparel,1,4.99,4.99,102.96
952,2024-01-13 12:41:01,Regular,7,Prairie Honey,Cowboy_Food,1,6.49,6.49,130.44
952,2024-01-13 12:41:01,Regular,9,Dried Apple Slices,Cowboy_Food,2,4.99,9.98,130.44
952,2024-01-13 12:41:01,Regular,26,Rodeo Rope,Rodeo_Gear,1,18.99,18.99,130.44
952,2024-01-13 12:41:01,Regular,20,Cowboy Boots,Western_Apparel,1,89.99,89.99,130.44
952,2024-01-13 12:41:01,Regular,21,Red Bandana,Western_Apparel,1,4.99,4.99,130.44
953,2024-01-13 15:46:03,Regular,9,Dried Apple Slices,Cowboy_Food,1,4.99,4.99,121.94
953,2024-01-13 15:46:03,Regular,23,Leather Belt,Western_Apparel,2,19.99,39.98,121.94
953,2024-01-13 15:46:03,Regular,10,Smoked Sausage Links,Cowboy_Food,1,8.99,8.99,121.94
953,2024-01-13 15:46:03,Regular,28,Leather Saddlebag,Leather_Goods,1,59.99,59.99,121.94
953,2024-01-13 15:46:03,Regular,6,Campfire Coffee,Cowboy_Food,1,7.99,7.99,121.94
954,2024-01-13 12:42:18,Tourist,2,Campfire Chili,Cowboy_Food,2,3.99,7.98,60.95
954,2024-01-13 12:42:18,Tourist,24,Denim Vest,Western_Apparel,1,39.99,39.99,60.95
954,2024-01-13 12:42:18,Tourist,6,Campfire Coffee,Cowboy_Food,1,7.99,7.99,60.95
954,2024-01-13 12:42:18,Tourist,9,Dried Apple Slices,Cowboy_Food,1,4.99,4.99,60.95
955,2024-01-13 09:13:24,Regular,13,Saddle Oil,Ranch_Supplies,1,9.99,9.99,39.98
955,2024-01-13 09:13:24,Regular,22,Flannel Shirt,Western_Apparel,1,29.99,29.99,39.98
956,2024-01-13 18:55:58,Casual,13,Saddle Oil,Ranch_Supplies,1,9.99,9.99,60.96
956,2024-01-13 18:55:58,Casual,11,Lasso Rope,Ranch_Supplies,1,14.99,14.99,60.96
956,2024-01-13 18:55:58,Casual,25,Riding Spurs,Rodeo_Gear,1,22.99,22.99,60.96
956,2024-01-13 18:55:58,Casual,15,Fence Wire (50ft),Ranch_Supplies,1,12.99,12.99,60.96
957,2024-01-13 11:59:31,Regular,19,Cowboy Hat,Western_Apparel,1,34.99,34.99,290.85
957,2024-01-13 11:59:31,Regular,12,Horse Feed Sack,Ranch_Supplies,1,19.99,19.99,290.85
957,2024-01-13 11:59:31,Regular,13,Saddle Oil,Ranch_Supplies,1,9.99,9.99,290.85
957,2024-01-13 11:59:31,Regular,5,Cornbread Mix,Cowboy_Food,1,3.49,3.49,290.85
957,2024-01-13 11:59:31,Regular,22,Flannel Shirt,Western_Apparel,1,29.99,29.99,290.85
957,2024-01-13 11:59:31,Regular,20,Cowboy Boots,Western_Apparel,1,89.99,89.99,290.85
957,2024-01-13 11:59:31,Regular,15,Fence Wire (50ft),Ranch_Supplies,1,12.99,12.99,290.85
957,2024-01-13 11:59:31,Regular,4,Trail Beef Jerky,Cowboy_Food,1,5.99,5.99,290.85
957,2024-01-13 11:59:31,Regular,16,Hay Bale Twine,Ranch_Supplies,1,5.99,5.99,290.85
957,2024-01-13 11:59:31,Regular,3,Smoky BBQ Sauce,Cowboy_Food,1,4.49,4.49,290.85
957,2024-01-13 11:59:31,Regular,9,Dried Apple Slices,Cowboy_Food,1,4.99,4.99,290.85
957,2024-01-13 11:59:31,Regular,10,Smoked Sausage Links,Cowboy_Food,1,8.99,8.99,290.85
957,2024-01-13 11:59:31,Regular,26,Rodeo Rope,Rodeo_Gear,1,18.99,18.99,290.85
957,2024-01-13 11:59:31,Regular,11,Lasso Rope,Ranch_Supplies,1,14.99,14.99,290.85
957,2024-01-13 11:59:31,Regular,18,Branding Iron,Ranch_Supplies,1,24.99,24.99,290.85
958,2024-01-13 18:29:22,Regular,29,Leather Wallet,Leather_Goods,1,24.99,24.99,94.97
958,2024-01-13 18:29:22,Regular,19,Cowboy Hat,Western_Apparel,2,34.99,69.98,94.97
959,2024-01-13 16:16:50,Bulk,5,Cornbread Mix,Cowboy_Food,1,3.49,3.49,104.94
959,2024-01-13 16:16:50,Bulk,24,Denim Vest,Western_Apparel,1,39.99,39.99,104.94
959,2024-01-13 16:16:50,Bulk,14,Work Gloves,Ranch_Supplies,1,6.99,6.99,104.94
959,2024-01-13 16:16:50,Bulk,29,Leather Wallet,Leather_Goods,1,24.99,24.99,104.94
959,2024-01-13 16:16:50,Bulk,3,Smoky BBQ Sauce,Cowboy_Food,1,4.49,4.49,104.94
959,2024-01-13 16:16:50,Bulk,18,Branding Iron,Ranch_Supplies,1,24.99,24.99,104.94
960,2024-01-13 17:46:14,Regular,13,Saddle Oil,Ranch_Supplies,1,9.99,9.99,78.45
960,2024-01-13 17:46:14,Regular,19,Cowboy Hat,Western_Apparel,1,34.99,34.99,78.45
960,2024-01-13 17:46:14,Regular,9,Dried Apple Slices,Cowboy_Food,1,4.99,4.99,78.45
960,2024-01-13 17:46:14,Regular,5,Cornbread Mix,Cowboy_Food,1,3.49,3.49,78.45
960,2024-01-13 17:46:14,Regular,29,Leather Wallet,Leather_Goods,1,24.99,24.99,78.45
961,2024-01-13 18:24:53,Bulk,3,Smoky BBQ Sauce,Cowboy_Food,1,4.49,4.49,73.46
961,2024-01-13 18:24:53,Bulk,12,Horse Feed Sack,Ranch_Supplies,1,19.99,19.99,73.46
961,2024-01-13 18:24:53,Bulk,24,Denim Vest,Western_Apparel,1,39.99,39.99,73.46
961,2024-01-13 18:24:53,Bulk,10,Smoked Sausage Links,Cowboy_Food,1,8.99,8.99,73.46
962,2024-01-13 15:47:24,Regular,10,Smoked Sausage Links,Cowboy_Food,1,8.99,8.99,26.97
962,2024-01-13 15:47:24,Regular,11,Lasso Rope,Ranch_Supplies,1,14.99,14.99,26.97
962,2024-01-13 15:47:24,Regular,1,Chuckwagon Beans,Cowboy_Food,1,2.99,2.99,26.97
963,2024-01-13 18:59:18,Bulk,28,Leather Saddlebag,Leather_Goods,1,59.99,59.99,115.45
963,2024-01-13 18:59:18,Bulk,23,Leather Belt,Western_Apparel,1,19.99,19.99,115.45
963,2024-01-13 18:59:18,Bulk,4,Trail Beef Jerky,Cowboy_Food,1,5.99,5.99,115.45
963,2024-01-13 18:59:18,Bulk,29,Leather Wallet,Leather_Goods,1,24.99,24.99,115.45
963,2024-01-13 18:59:18,Bulk,3,Smoky BBQ Sauce,Cowboy_Food,1,4.49,4.49,115.45
964,2024-01-13 16:53:18,Regular,29,Leather Wallet,Leather_Goods,1,24.99,24.99,24.99
965,2024-01-13 15:30:00,Casual,4,Trail Beef Jerky,Cowboy_Food,1,5.99,5.99,98.91
965,2024-01-13 15:30:00,Casual,12,Horse Feed Sack,Ranch_Supplies,2,19.99,39.98,98.91
965,2024-01-13 15:30:00,Casual,8,Hardtack Biscuits,Cowboy_Food,1,2.49,2.49,98.91
965,2024-01-13 15:30:00,Casual,18,Branding Iron,Ranch_Supplies,1,24.99,24.99,98.91
965,2024-01-13 15:30:00,Casual,27,Bull Rope Rosin,Rodeo_Gear,1,7.49,7.49,98.91
965,2024-01-13 15:30:00,Casual,14,Work Gloves,Ranch_Supplies,1,6.99,6.99,98.91
965,2024-01-13 15:30:00,Casual,16,Hay Bale Twine,Ranch_Supplies,1,5.99,5.99,98.91
965,2024-01-13 15:30:00,Casual,21,Red Bandana,Western_Apparel,1,4.99,4.99,98.91
966,2024-01-13 16:17:40,Bulk,2,Campfire Chili,Cowboy_Food,1,3.99,3.99,133.96
966,2024-01-13 16:17:40,Bulk,20,Cowboy Boots,Western_Apparel,1,89.99,89.99,133.96
966,2024-01-13 16:17:40,Bulk,12,Horse Feed Sack,Ranch_Supplies,2,19.99,39.98,133.96
967,2024-01-13 11:36:34,Regular,5,Cornbread Mix,Cowboy_Food,1,3.49,3.49,12.97
967,2024-01-13 11:36:34,Regular,21,Red Bandana,Western_Apparel,1,4.99,4.99,12.97
967,2024-01-13 11:36:34,Regular,3,Smoky BBQ Sauce,Cowboy_Food,1,4.49,4.49,12.97
968,2024-01-13 09:30:38,Regular,3,Smoky BBQ Sauce,Cowboy_Food,2,4.49,8.98,195.41
968,2024-01-13 09:30:38,Regular,22,Flannel Shirt,Western_Apparel,2,29.99,59.98,195.41
968,2024-01-13 09:30:38,Regular,18,Branding Iron,Ranch_Supplies,1,24.99,24.99,195.41
968,2024-01-13 09:30:38,Regular,25,Riding Spurs,Rodeo_Gear,1,22.99,22.99,195.41
968,2024-01-13 09:30:38,Regular,11,Lasso Rope,Ranch_Supplies,1,14.99,14.99,195.41
968,2024-01-13 09:30:38,Regular,5,Cornbread Mix,Cowboy_Food,1,3.49,3.49,195.41
968,2024-01-13 09:30:38,Regular,28,Leather Saddlebag,Leather_Goods,1,59.99,59.99,195.41
969,2024-01-13 12:08:39,Regular,3,Smoky BBQ Sauce,Cowboy_Food,2,4.49,8.98,23.97
969,2024-01-13 12:08:39,Regular,11,Lasso Rope,Ranch_Supplies,1,14.99,14.99,23.97
970,2024-01-13 14:44:01,Bulk,26,Rodeo Rope,Rodeo_Gear,1,18.99,18.99,366.34
970,2024-01-13 14:44:01,Bulk,2,Campfire Chili,Cowboy_Food,1,3.99,3.99,366.34
970,2024-01-13 14:44:01,Bulk,23,Leather Belt,Western_Apparel,1,19.99,19.99,366.34
970,2024-01-13 14:44:01,Bulk,4,Trail Beef Jerky,Cowboy_Food,2,5.99,11.98,366.34
970,2024-01-13 14:44:01,Bulk,20,Cowboy Boots,Western_Apparel,2,89.99,179.98,366.34
970,2024-01-13 14:44:01,Bulk,10,Smoked Sausage Links,Cowboy_Food,1,8.99,8.99,366.34
970,2024-01-13 14:44:01,Bulk,21,Red Bandana,Western_Apparel,2,4.99,9.98,366.34
970,2024-01-13 14:44:01,Bulk,6,Campfire Coffee,Cowboy_Food,1,7.99,7.99,366.34
970,2024-01-13 14:44:01,Bulk,19,Cowboy Hat,Western_Apparel,2,34.99,69.98,366.34
970,2024-01-13 14:44:01,Bulk,3,Smoky BBQ Sauce,Cowboy_Food,1,4.49,4.49,366.34
970,2024-01-13 14:44:01,Bulk,18,Branding Iron,Ranch_Supplies,1,24.99,24.99,366.34
970,2024-01-13 14:44:01,Bulk,9,Dried Apple Slices,Cowboy_Food,1,4.99,4.99,366.34
971,2024-01-13 11:53:52,Regular,16,Hay Bale Twine,Ranch_Supplies,1,5.99,5.99,35.98
971,2024-01-13 11:53:52,Regular,22,Flannel Shirt,Western_Apparel,1,29.99,29.99,35.98
972,2024-01-13 15:26:30,Bulk,10,Smoked Sausage Links,Cowboy_Food,1,8.99,8.99,371.36
972,2024-01-13 15:26:30,Bulk,20,Cowboy Boots,Western_Apparel,2,89.99,179.98,371.36
972,2024-01-13 15:26:30,Bulk,18,Branding Iron,Ranch_Supplies,1,24.99,24.99,371.36
972,2024-01-13 15:26:30,Bulk,19,Cowboy Hat,Western_Apparel,1,34.99,34.99,371.36
972,2024-01-13 15:26:30,Bulk,7,Prairie Honey,Cowboy_Food,1,6.49,6.49,371.36
972,2024-01-13 15:26:30,Bulk,22,Flannel Shirt,Western_Apparel,1,29.99,29.99,371.36
972,2024-01-13 15:26:30,Bulk,4,Trail Beef Jerky,Cowboy_Food,2,5.99,11.98,371.36
972,2024-01-13 15:26:30,Bulk,5,Cornbread Mix,Cowboy_Food,1,3.49,3.49,371.36
972,2024-01-13 15:26:30,Bulk,8,Hardtack Biscuits,Cowboy_Food,1,2.49,2.49,371.36
972,2024-01-13 15:26:30,Bulk,28,Leather Saddlebag,Leather_Goods,1,59.99,59.99,371.36
972,2024-01-13 15:26:30,Bulk,9,Dried Apple Slices,Cowboy_Food,1,4.99,4.99,371.36
972,2024-01-13 15:26:30,Bulk,1,Chuckwagon Beans,Cowboy_Food,1,2.99,2.99,371.36
973,2024-01-13 16:18:41,Regular,23,Leather Belt,Western_Apparel,1,19.99,19.99,146.45
973,2024-01-13 16:18:41,Regular,20,Cowboy Boots,Western_Apparel,1,89.99,89.99,146.45
973,2024-01-13 16:18:41,Regular,25,Riding Spurs,Rodeo_Gear,1,22.99,22.99,146.45
973,2024-01-13 16:18:41,Regular,7,Prairie Honey,Cowboy_Food,1,6.49,6.49,146.45
973,2024-01-13 16:18:41,Regular,14,Work Gloves,Ranch_Supplies,1,6.99,6.99,146.45
974,2024-01-13 16:17:02,Regular,22,Flannel Shirt,Western_Apparel,1,29.99,29.99,53.97
974,2024-01-13 16:17:02,Regular,21,Red Bandana,Western_Apparel,1,4.99,4.99,53.97
974,2024-01-13 16:17:02,Regular,26,Rodeo Rope,Rodeo_Gear,1,18.99,18.99,53.97
975,2024-01-13 17:41:45,Casual,27,Bull Rope Rosin,Rodeo_Gear,1,7.49,7.49,78.96
975,2024-01-13 17:41:45,Casual,3,Smoky BBQ Sauce,Cowboy_Food,1,4.49,4.49,78.96
975,2024-01-13 17:41:45,Casual,28,Leather Saddlebag,Leather_Goods,1,59.99,59.99,78.96
975,2024-01-13 17:41:45,Casual,14,Work Gloves,Ranch_Supplies,1,6.99,6.99,78.96
976,2024-01-13 18:23:40,Regular,19,Cowboy Hat,Western_Apparel,1,34.99,34.99,119.97
976,2024-01-13 18:23:40,Regular,28,Leather Saddlebag,Leather_Goods,1,59.99,59.99,119.97
976,2024-01-13 18:23:40,Regular,29,Leather Wallet,Leather_Goods,1,24.99,24.99,119.97
977,2024-01-13 17:39:22,Regular,3,Smoky BBQ Sauce,Cowboy_Food,1,4.49,4.49,50.45
977,2024-01-13 17:39:22,Regular,19,Cowboy Hat,Western_Apparel,1,34.99,34.99,50.45
977,2024-01-13 17:39:22,Regular,9,Dried Apple Slices,Cowboy_Food,1,4.99,4.99,50.45
977,2024-01-13 17:39:22,Regular,8,Hardtack Biscuits,Cowboy_Food,1,2.49,2.49,50.45
977,2024-01-13 17:39:22,Regular,5,Cornbread Mix,Cowboy_Food,1,3.49,3.49,50.45
978,2024-01-13 16:05:56,Bulk,4,Trail Beef Jerky,Cowboy_Food,1,5.99,5.99,261.84
978,2024-01-13 16:05:56,Bulk,5,Cornbread Mix,Cowboy_Food,1,3.49,3.49,261.84
978,2024-01-13 16:05:56,Bulk,3,Smoky BBQ Sauce,Cowboy_Food,1,4.49,4.49,261.84
978,2024-01-13 16:05:56,Bulk,17,Stock Tank Float,Ranch_Supplies,1,8.49,8.49,261.84
978,2024-01-13 16:05:56,Bulk,8,Hardtack Biscuits,Cowboy_Food,1,2.49,2.49,261.84
978,2024-01-13 16:05:56,Bulk,28,Leather Saddlebag,Leather_Goods,1,59.99,59.99,261.84
978,2024-01-13 16:05:56,Bulk,18,Branding Iron,Ranch_Supplies,2,24.99,49.98,261.84
978,2024-01-13 16:05:56,Bulk,10,Smoked Sausage Links,Cowboy_Food,1,8.99,8.99,261.84
978,2024-01-13 16:05:56,Bulk,30,Leather Journal,Leather_Goods,2,14.99,29.98,261.84
978,2024-01-13 16:05:56,Bulk,29,Leather Wallet,Leather_Goods,1,24.99,24.99,261.84
978,2024-01-13 16:05:56,Bulk,23,Leather Belt,Western_Apparel,2,19.99,39.98,261.84
978,2024-01-13 16:05:56,Bulk,26,Rodeo Rope,Rodeo_Gear,1,18.99,18.99,261.84
978,2024-01-13 16:05:56,Bulk,2,Campfire Chili,Cowboy_Food,1,3.99,3.99,261.84
979,2024-01-13 11:42:39,Casual,3,Smoky BBQ Sauce,Cowboy_Food,1,4.49,4.49,4.49
980,2024-01-13 18:07:54,Regular,1,Chuckwagon Beans,Cowboy_Food,1,2.99,2.99,41.45
980,2024-01-13 18:07:54,Regular,25,Riding Spurs,Rodeo_Gear,1,22.99,22.99,41.45
980,2024-01-13 18:07:54,Regular,4,Trail Beef Jerky,Cowboy_Food,1,5.99,5.99,41.45
980,2024-01-13 18:07:54,Regular,8,Hardtack Biscuits,Cowboy_Food,1,2.49,2.49,41.45
980,2024-01-13 18:07:54,Regular,14,Work Gloves,Ranch_Supplies,1,6.99,6.99,41.45
981,2024-01-13 11:27:49,Regular,6,Campfire Coffee,Cowboy_Food,3,7.99,23.97,74.43
981,2024-01-13 11:27:49,Regular,14,Work Gloves,Ranch_Supplies,1,6.99,6.99,74.43
981,2024-01-13 11:27:49,Regular,19,Cowboy Hat,Western_Apparel,1,34.99,34.99,74.43
981,2024-01-13 11:27:49,Regular,2,Campfire Chili,Cowboy_Food,1,3.99,3.99,74.43
981,2024-01-13 11:27:49,Regular,3,Smoky BBQ Sauce,Cowboy_Food,1,4.49,4.49,74.43
982,2024-01-13 11:16:12,Regular,21,Red Bandana,Western_Apparel,1,4.99,4.99,112.45
982,2024-01-13 11:16:12,Regular,8,Hardtack Biscuits,Cowboy_Food,1,2.49,2.49,112.45
982,2024-01-13 11:16:12,Regular,19,Cowboy Hat,Western_Apparel,1,34.99,34.99,112.45
982,2024-01-13 11:16:12,Regular,13,Saddle Oil,Ranch_Supplies,1,9.99,9.99,112.45
982,2024-01-13 11:16:12,Regular,28,Leather Saddlebag,Leather_Goods,1,59.99,59.99,112.45
983,2024-01-13 12:47:59,Bulk,19,Cowboy Hat,Western_Apparel,1,34.99,34.99,345.3
983,2024-01-13 12:47:59,Bulk,5,Cornbread Mix,Cowboy_Food,1,3.49,3.49,345.3
983,2024-01-13 12:47:59,Bulk,7,Prairie Honey,Cowboy_Food,1,6.49,6.49,345.3
983,2024-01-13 12:47:59,Bulk,15,Fence Wire (50ft),Ranch_Supplies,2,12.99,25.98,345.3
983,2024-01-13 12:47:59,Bulk,22,Flannel Shirt,Western_Apparel,2,29.99,59.98,345.3
983,2024-01-13 12:47:59,Bulk,21,Red Bandana,Western_Apparel,1,4.99,4.99,345.3
983,2024-01-13 12:47:59,Bulk,26,Rodeo Rope,Rodeo_Gear,2,18.99,37.98,345.3
983,2024-01-13 12:47:59,Bulk,16,Hay Bale Twine,Ranch_Supplies,1,5.99,5.99,345.3
983,2024-01-13 12:47:59,Bulk,28,Leather Saddlebag,Leather_Goods,1,59.99,59.99,345.3
983,2024-01-13 12:47:59,Bulk,25,Riding Spurs,Rodeo_Gear,1,22.99,22.99,345.3
983,2024-01-13 12:47:59,Bulk,6,Campfire Coffee,Cowboy_Food,1,7.99,7.99,345.3
983,2024-01-13 12:47:59,Bulk,30,Leather Journal,Leather_Goods,1,14.99,14.99,345.3
983,2024-01-13 12:47:59,Bulk,1,Chuckwagon Beans,Cowboy_Food,1,2.99,2.99,345.3
983,2024-01-13 12:47:59,Bulk,9,Dried Apple Slices,Cowboy_Food,1,4.99,4.99,345.3
983,2024-01-13 12:47:59,Bulk,10,Smoked Sausage Links,Cowboy_Food,1,8.99,8.99,345.3
983,2024-01-13 12:47:59,Bulk,8,Hardtack Biscuits,Cowboy_Food,1,2.49,2.49,345.3
983,2024-01-13 12:47:59,Bulk,24,Denim Vest,Western_Apparel,1,39.99,39.99,345.3
984,2024-01-13 15:49:44,Regular,18,Branding Iron,Ranch_Supplies,1,24.99,24.99,52.97
984,2024-01-13 15:49:44,Regular,15,Fence Wire (50ft),Ranch_Supplies,1,12.99,12.99,52.97
984,2024-01-13 15:49:44,Regular,30,Leather Journal,Leather_Goods,1,14.99,14.99,52.97
985,2024-01-13 16:25:11,Bulk,13,Saddle Oil,Ranch_Supplies,1,9.99,9.99,216.38
985,2024-01-13 16:25:11,Bulk,5,Cornbread Mix,Cowboy_Food,1,3.49,3.49,216.38
985,2024-01-13 16:25:11,Bulk,2,Campfire Chili,Cowboy_Food,1,3.99,3.99,216.38
985,2024-01-13 16:25:11,Bulk,25,Riding Spurs,Rodeo_Gear,1,22.99,22.99,216.38
985,2024-01-13 16:25:11,Bulk,24,Denim Vest,Western_Apparel,1,39.99,39.99,216.38
985,2024-01-13 16:25:11,Bulk,4,Trail Beef Jerky,Cowboy_Food,1,5.99,5.99,216.38
985,2024-01-13 16:25:11,Bulk,19,Cowboy Hat,Western_Apparel,2,34.99,69.98,216.38
985,2024-01-13 16:25:11,Bulk,22,Flannel Shirt,Western_Apparel,1,29.99,29.99,216.38
985,2024-01-13 16:25:11,Bulk,16,Hay Bale Twine,Ranch_Supplies,1,5.99,5.99,216.38
985,2024-01-13 16:25:11,Bulk,9,Dried Apple Slices,Cowboy_Food,1,4.99,4.99,216.38
985,2024-01-13 16:25:11,Bulk,26,Rodeo Rope,Rodeo_Gear,1,18.99,18.99,216.38
986,2024-01-13 09:34:47,Casual,28,Leather Saddlebag,Leather_Goods,1,59.99,59.99,62.48
986,2024-01-13 09:34:47,Casual,8,Hardtack Biscuits,Cowboy_Food,1,2.49,2.49,62.48
987,2024-01-13 16:57:25,Tourist,3,Smoky BBQ Sauce,Cowboy_Food,1,4.49,4.49,24.48
987,2024-01-13 16:57:25,Tourist,12,Horse Feed Sack,Ranch_Supplies,1,19.99,19.99,24.48
988,2024-01-13 11:27:51,Regular,30,Leather Journal,Leather_Goods,1,14.99,14.99,14.99
989,2024-01-13 12:32:10,Regular,14,Work Gloves,Ranch_Supplies,1,6.99,6.99,73.44
989,2024-01-13 12:32:10,Regular,2,Campfire Chili,Cowboy_Food,1,3.99,3.99,73.44
989,2024-01-13 12:32:10,Regular,24,Denim Vest,Western_Apparel,1,39.99,39.99,73.44
989,2024-01-13 12:32:10,Regular,3,Smoky BBQ Sauce,Cowboy_Food,1,4.49,4.49,73.44
989,2024-01-13 12:32:10,Regular,6,Campfire Coffee,Cowboy_Food,1,7.99,7.99,73.44
989,2024-01-13 12:32:10,Regular,13,Saddle Oil,Ranch_Supplies,1,9.99,9.99,73.44
990,2024-01-13 12:51:15,Regular,19,Cowboy Hat,Western_Apparel,1,34.99,34.99,153.94
990,2024-01-13 12:51:15,Regular,26,Rodeo Rope,Rodeo_Gear,1,18.99,18.99,153.94
990,2024-01-13 12:51:15,Regular,23,Leather Belt,Western_Apparel,1,19.99,19.99,153.94
990,2024-01-13 12:51:15,Regular,28,Leather Saddlebag,Leather_Goods,1,59.99,59.99,153.94
990,2024-01-13 12:51:15,Regular,21,Red Bandana,Western_Apparel,1,4.99,4.99,153.94
990,2024-01-13 12:51:15,Regular,11,Lasso Rope,Ranch_Supplies,1,14.99,14.99,153.94
991,2024-01-13 13:00:20,Regular,23,Leather Belt,Western_Apparel,1,19.99,19.99,184.43
991,2024-01-13 13:00:20,Regular,20,Cowboy Boots,Western_Apparel,1,89.99,89.99,184.43
991,2024-01-13 13:00:20,Regular,5,Cornbread Mix,Cowboy_Food,1,3.49,3.49,184.43
991,2024-01-13 13:00:20,Regular,25,Riding Spurs,Rodeo_Gear,1,22.99,22.99,184.43
991,2024-01-13 13:00:20,Regular,13,Saddle Oil,Ranch_Supplies,1,9.99,9.99,184.43
991,2024-01-13 13:00:20,Regular,15,Fence Wire (50ft),Ranch_Supplies,1,12.99,12.99,184.43
991,2024-01-13 13:00:20,Regular,29,Leather Wallet,Leather_Goods,1,24.99,24.99,184.43
992,2024-01-13 16:51:27,Regular,5,Cornbread Mix,Cowboy_Food,1,3.49,3.49,3.49
993,2024-01-13 10:08:37,Casual,20,Cowboy Boots,Western_Apparel,1,89.99,89.99,93.48
993,2024-01-13 10:08:37,Casual,5,Cornbread Mix,Cowboy_Food,1,3.49,3.49,93.48
994,2024-01-13 11:38:13,Regular,2,Campfire Chili,Cowboy_Food,1,3.99,3.99,86.92
994,2024-01-13 11:38:13,Regular,15,Fence Wire (50ft),Ranch_Supplies,1,12.99,12.99,86.92
994,2024-01-13 11:38:13,Regular,22,Flannel Shirt,Western_Apparel,1,29.99,29.99,86.92
994,2024-01-13 11:38:13,Regular,1,Chuckwagon Beans,Cowboy_Food,1,2.99,2.99,86.92
994,2024-01-13 11:38:13,Regular,9,Dried Apple Slices,Cowboy_Food,1,4.99,4.99,86.92
994,2024-01-13 11:38:13,Regular,26,Rodeo Rope,Rodeo_Gear,1,18.99,18.99,86.92
994,2024-01-13 11:38:13,Regular,6,Campfire Coffee,Cowboy_Food,1,7.99,7.99,86.92
994,2024-01-13 11:38:13,Regular,21,Red Bandana,Western_Apparel,1,4.99,4.99,86.92
995,2024-01-13 09:48:42,Regular,3,Smoky BBQ Sauce,Cowboy_Food,1,4.49,4.49,272.87
995,2024-01-13 09:48:42,Regular,29,Leather Wallet,Leather_Goods,1,24.99,24.99,272.87
995,2024-01-13 09:48:42,Regular,14,Work Gloves,Ranch_Supplies,2,6.99,13.98,272.87
995,2024-01-13 09:48:42,Regular,22,Flannel Shirt,Western_Apparel,3,29.99,89.97,272.87
995,2024-01-13 09:48:42,Regular,6,Campfire Coffee,Cowboy_Food,1,7.99,7.99,272.87
995,2024-01-13 09:48:42,Regular,4,Trail Beef Jerky,Cowboy_Food,1,5.99,5.99,272.87
995,2024-01-13 09:48:42,Regular,20,Cowboy Boots,Western_Apparel,1,89.99,89.99,272.87
995,2024-01-13 09:48:42,Regular,7,Prairie Honey,Cowboy_Food,1,6.49,6.49,272.87
995,2024-01-13 09:48:42,Regular,10,Smoked Sausage Links,Cowboy_Food,1,8.99,8.99,272.87
995,2024-01-13 09:48:42,Regular,23,Leather Belt,Western_Apparel,1,19.99,19.99,272.87
996,2024-01-13 16:57:01,Bulk,29,Leather Wallet,Leather_Goods,1,24.99,24.99,70.44
996,2024-01-13 16:57:01,Bulk,27,Bull Rope Rosin,Rodeo_Gear,1,7.49,7.49,70.44
996,2024-01-13 16:57:01,Bulk,5,Cornbread Mix,Cowboy_Food,1,3.49,3.49,70.44
996,2024-01-13 16:57:01,Bulk,7,Prairie Honey,Cowboy_Food,1,6.49,6.49,70.44
996,2024-01-13 16:57:01,Bulk,10,Smoked Sausage Links,Cowboy_Food,1,8.99,8.99,70.44
996,2024-01-13 16:57:01,Bulk,26,Rodeo Rope,Rodeo_Gear,1,18.99,18.99,70.44
997,2024-01-13 18:39:19,Tourist,26,Rodeo Rope,Rodeo_Gear,1,18.99,18.99,18.99
998,2024-01-13 16:18:39,Regular,23,Leather Belt,Western_Apparel,1,19.99,19.99,39.45
998,2024-01-13 16:18:39,Regular,2,Campfire Chili,Cowboy_Food,1,3.99,3.99,39.45
998,2024-01-13 16:18:39,Regular,14,Work Gloves,Ranch_Supplies,1,6.99,6.99,39.45
998,2024-01-13 16:18:39,Regular,5,Cornbread Mix,Cowboy_Food,1,3.49,3.49,39.45
998,2024-01-13 16:18:39,Regular,9,Dried Apple Slices,Cowboy_Food,1,4.99,4.99,39.45
999,2024-01-13 15:55:15,Casual,22,Flannel Shirt,Western_Apparel,1,29.99,29.99,99.46
999,2024-01-13 15:55:15,Casual,7,Prairie Honey,Cowboy_Food,1,6.49,6.49,99.46
999,2024-01-13 15:55:15,Casual,28,Leather Saddlebag,Leather_Goods,1,59.99,59.99,99.46
999,2024-01-13 15:55:15,Casual,1,Chuckwagon Beans,Cowboy_Food,1,2.99,2.99,99.46
1000,2024-01-13 17:48:25,Casual,11,Lasso Rope,Ranch_Supplies,1,14.99,14.99,52.97
1000,2024-01-13 17:48:25,Casual,26,Rodeo Rope,Rodeo_Gear,2,18.99,37.98,52.97
1001,2024-01-13 12:07:36,Regular,20,Cowboy Boots,Western_Apparel,1,89.99,89.99,214.39
1001,2024-01-13 12:07:36,Regular,8,Hardtack Biscuits,Cowboy_Food,1,2.49,2.49,214.39
1001,2024-01-13 12:07:36,Regular,2,Campfire Chili,Cowboy_Food,1,3.99,3.99,214.39
1001,2024-01-13 12:07:36,Regular,18,Branding Iron,Ranch_Supplies,1,24.99,24.99,214.39
1001,2024-01-13 12:07:36,Regular,21,Red Bandana,Western_Apparel,1,4.99,4.99,214.39
1001,2024-01-13 12:07:36,Regular,14,Work Gloves,Ranch_Supplies,1,6.99,6.99,214.39
1001,2024-01-13 12:07:36,Regular,1,Chuckwagon Beans,Cowboy_Food,2,2.99,5.98,214.39
1001,2024-01-13 12:07:36,Regular,17,Stock Tank Float,Ranch_Supplies,1,8.49,8.49,214.39
1001,2024-01-13 12:07:36,Regular,28,Leather Saddlebag,Leather_Goods,1,59.99,59.99,214.39
1001,2024-01-13 12:07:36,Regular,7,Prairie Honey,Cowboy_Food,1,6.49,6.49,214.39
1002,2024-01-13 10:28:14,Bulk,22,Flannel Shirt,Western_Apparel,2,29.99,59.98,190.37
1002,2024-01-13 10:28:14,Bulk,29,Leather Wallet,Leather_Goods,1,24.99,24.99,190.37
1002,2024-01-13 10:28:14,Bulk,15,Fence Wire (50ft),Ranch_Supplies,1,12.99,12.99,190.37
1002,2024-01-13 10:28:14,Bulk,10,Smoked Sausage Links,Cowboy_Food,2,8.99,17.98,190.37
1002,2024-01-13 10:28:14,Bulk,2,Campfire Chili,Cowboy_Food,1,3.99,3.99,190.37
1002,2024-01-13 10:28:14,Bulk,17,Stock Tank Float,Ranch_Supplies,1,8.49,8.49,190.37
1002,2024-01-13 10:28:14,Bulk,27,Bull Rope Rosin,Rodeo_Gear,1,7.49,7.49,190.37
1002,2024-01-13 10:28:14,Bulk,14,Work Gloves,Ranch_Supplies,1,6.99,6.99,190.37
1002,2024-01-13 10:28:14,Bulk,25,Riding Spurs,Rodeo_Gear,1,22.99,22.99,190.37
1002,2024-01-13 10:28:14,Bulk,3,Smoky BBQ Sauce,Cowboy_Food,1,4.49,4.49,190.37
1002,2024-01-13 10:28:14,Bulk,12,Horse Feed Sack,Ranch_Supplies,1,19.99,19.99,190.37
1003,2024-01-13 15:24:57,Regular,17,Stock Tank Float,Ranch_Supplies,1,8.49,8.49,34.45
1003,2024-01-13 15:24:57,Regular,9,Dried Apple Slices,Cowboy_Food,1,4.99,4.99,34.45
1003,2024-01-13 15:24:57,Regular,15,Fence Wire (50ft),Ranch_Supplies,1,12.99,12.99,34.45
1003,2024-01-13 15:24:57,Regular,2,Campfire Chili,Cowboy_Food,2,3.99,7.98,34.45
1004,2024-01-13 12:10:50,Regular,5,Cornbread Mix,Cowboy_Food,1,3.49,3.49,31.47
1004,2024-01-13 12:10:50,Regular,12,Horse Feed Sack,Ranch_Supplies,1,19.99,19.99,31.47
1004,2024-01-13 12:10:50,Regular,6,Campfire Coffee,Cowboy_Food,1,7.99,7.99,31.47
1005,2024-01-13 14:54:58,Regular,6,Campfire Coffee,Cowboy_Food,2,7.99,15.98,132.93
1005,2024-01-13 14:54:58,Regular,13,Saddle Oil,Ranch_Supplies,1,9.99,9.99,132.93
1005,2024-01-13 14:54:58,Regular,20,Cowboy Boots,Western_Apparel,1,89.99,89.99,132.93
1005,2024-01-13 14:54:58,Regular,9,Dried Apple Slices,Cowboy_Food,1,4.99,4.99,132.93
1005,2024-01-13 14:54:58,Regular,4,Trail Beef Jerky,Cowboy_Food,2,5.99,11.98,132.93
1006,2024-01-13 14:57:29,Regular,15,Fence Wire (50ft),Ranch_Supplies,1,12.99,12.99,12.99
1007,2024-01-13 12:48:20,Casual,20,Cowboy Boots,Western_Apparel,1,89.99,89.99,161.46
1007,2024-01-13 12:48:20,Casual,28,Leather Saddlebag,Leather_Goods,1,59.99,59.99,161.46
1007,2024-01-13 12:48:20,Casual,14,Work Gloves,Ranch_Supplies,1,6.99,6.99,161.46
1007,2024-01-13 12:48:20,Casual,3,Smoky BBQ Sauce,Cowboy_Food,1,4.49,4.49,161.46
1008,2024-01-13 15:13:59,Casual,3,Smoky BBQ Sauce,Cowboy_Food,1,4.49,4.49,24.48
1008,2024-01-13 15:13:59,Casual,23,Leather Belt,Western_Apparel,1,19.99,19.99,24.48
1009,2024-01-14 17:11:06,Casual,30,Leather Journal,Leather_Goods,1,14.99,14.99,167.41
1009,2024-01-14 17:11:06,Casual,15,Fence Wire (50ft),Ranch_Supplies,1,12.99,12.99,167.41
1009,2024-01-14 17:11:06,Casual,5,Cornbread Mix,Cowboy_Food,1,3.49,3.49,167.41
1009,2024-01-14 17:11:06,Casual,14,Work Gloves,Ranch_Supplies,1,6.99,6.99,167.41
1009,2024-01-14 17:11:06,Casual,19,Cowboy Hat,Western_Apparel,1,34.99,34.99,167.41
1009,2024-01-14 17:11:06,Casual,24,Denim Vest,Western_Apparel,2,39.99,79.98,167.41
1009,2024-01-14 17:11:06,Casual,2,Campfire Chili,Cowboy_Food,1,3.99,3.99,167.41
1009,2024-01-14 17:11:06,Casual,13,Saddle Oil,Ranch_Supplies,1,9.99,9.99,167.41
1010,2024-01-14 17:23:27,Casual,19,Cowboy Hat,Western_Apparel,1,34.99,34.99,34.99
1011,2024-01-14 14:58:03,Regular,22,Flannel Shirt,Western_Apparel,2,29.99,59.98,127.43
1011,2024-01-14 14:58:03,Regular,9,Dried Apple Slices,Cowboy_Food,1,4.99,4.99,127.43
1011,2024-01-14 14:58:03,Regular,24,Denim Vest,Western_Apparel,1,39.99,39.99,127.43
1011,2024-01-14 14:58:03,Regular,4,Trail Beef Jerky,Cowboy_Food,1,5.99,5.99,127.43
1011,2024-01-14 14:58:03,Regular,5,Cornbread Mix,Cowboy_Food,1,3.49,3.49,127.43
1011,2024-01-14 14:58:03,Regular,15,Fence Wire (50ft),Ranch_Supplies,1,12.99,12.99,127.43
1012,2024-01-14 18:54:19,Regular,12,Horse Feed Sack,Ranch_Supplies,1,19.99,19.99,209.38
1012,2024-01-14 18:54:19,Regular,19,Cowboy Hat,Western_Apparel,1,34.99,34.99,209.38
1012,2024-01-14 18:54:19,Regular,13,Saddle Oil,Ranch_Supplies,2,9.99,19.98,209.38
1012,2024-01-14 18:54:19,Regular,6,Campfire Coffee,Cowboy_Food,1,7.99,7.99,209.38
1012,2024-01-14 18:54:19,Regular,25,Riding Spurs,Rodeo_Gear,1,22.99,22.99,209.38
1012,2024-01-14 18:54:19,Regular,5,Cornbread Mix,Cowboy_Food,1,3.49,3.49,209.38
1012,2024-01-14 18:54:19,Regular,10,Smoked Sausage Links,Cowboy_Food,1,8.99,8.99,209.38
1012,2024-01-14 18:54:19,Regular,30,Leather Journal,Leather_Goods,1,14.99,14.99,209.38
1012,2024-01-14 18:54:19,Regular,28,Leather Saddlebag,Leather_Goods,1,59.99,59.99,209.38
1012,2024-01-14 18:54:19,Regular,1,Chuckwagon Beans,Cowboy_Food,1,2.99,2.99,209.38
1012,2024-01-14 18:54:19,Regular,15,Fence Wire (50ft),Ranch_Supplies,1,12.99,12.99,209.38
1013,2024-01-14 13:26:56,Casual,7,Prairie Honey,Cowboy_Food,1,6.49,6.49,12.48
1013,2024-01-14 13:26:56,Casual,16,Hay Bale Twine,Ranch_Supplies,1,5.99,5.99,12.48
1014,2024-01-14 11:26:43,Tourist,12,Horse Feed Sack,Ranch_Supplies,1,19.99,19.99,70.95
1014,2024-01-14 11:26:43,Tourist,23,Leather Belt,Western_Apparel,2,19.99,39.98,70.95
1014,2024-01-14 11:26:43,Tourist,2,Campfire Chili,Cowboy_Food,1,3.99,3.99,70.95
1014,2024-01-14 11:26:43,Tourist,14,Work Gloves,Ranch_Supplies,1,6.99,6.99,70.95
1015,2024-01-14 17:21:04,Regular,7,Prairie Honey,Cowboy_Food,1,6.49,6.49,6.49
1016,2024-01-14 14:30:22,Regular,13,Saddle Oil,Ranch_Supplies,1,9.99,9.99,23.47
1016,2024-01-14 14:30:22,Regular,10,Smoked Sausage Links,Cowboy_Food,1,8.99,8.99,23.47
1016,2024-01-14 14:30:22,Regular,3,Smoky BBQ Sauce,Cowboy_Food,1,4.49,4.49,23.47
1017,2024-01-14 17:32:52,Regular,30,Leather Journal,Leather_Goods,1,14.99,14.99,45.97
1017,2024-01-14 17:32:52,Regular,25,Riding Spurs,Rodeo_Gear,1,22.99,22.99,45.97
1017,2024-01-14 17:32:52,Regular,6,Campfire Coffee,Cowboy_Food,1,7.99,7.99,45.97
1018,2024-01-14 10:24:10,Casual,7,Prairie Honey,Cowboy_Food,1,6.49,6.49,55.95
1018,2024-01-14 10:24:10,Casual,22,Flannel Shirt,Western_Apparel,1,29.99,29.99,55.95
1018,2024-01-14 10:24:10,Casual,10,Smoked Sausage Links,Cowboy_Food,1,8.99,8.99,55.95
1018,2024-01-14 10:24:10,Casual,14,Work Gloves,Ranch_Supplies,1,6.99,6.99,55.95
1018,2024-01-14 10:24:10,Casual,5,Cornbread Mix,Cowboy_Food,1,3.49,3.49,55.95
1019,2024-01-14 10:55:45,Casual,20,Cowboy Boots,Western_Apparel,1,89.99,89.99,89.99
1020,2024-01-14 10:07:19,Bulk,13,Saddle Oil,Ranch_Supplies,2,9.99,19.98,142.92
1020,2024-01-14 10:07:19,Bulk,23,Leather Belt,Western_Apparel,2,19.99,39.98,142.92
1020,2024-01-14 10:07:19,Bulk,18,Branding Iron,Ranch_Supplies,1,24.99,24.99,142.92
1020,2024-01-14 10:07:19,Bulk,30,Leather Journal,Leather_Goods,1,14.99,14.99,142.92
1020,2024-01-14 10:07:19,Bulk,1,Chuckwagon Beans,Cowboy_Food,1,2.99,2.99,142.92
1020,2024-01-14 10:07:19,Bulk,24,Denim Vest,Western_Apparel,1,39.99,39.99,142.92
1021,2024-01-14 15:59:28,Regular,9,Dried Apple Slices,Cowboy_Food,1,4.99,4.99,4.99
1022,2024-01-14 17:16:52,Regular,4,Trail Beef Jerky,Cowboy_Food,1,5.99,5.99,27.96
1022,2024-01-14 17:16:52,Regular,17,Stock Tank Float,Ranch_Supplies,1,8.49,8.49,27.96
1022,2024-01-14 17:16:52,Regular,3,Smoky BBQ Sauce,Cowboy_Food,1,4.49,4.49,27.96
1022,2024-01-14 17:16:52,Regular,10,Smoked Sausage Links,Cowboy_Food,1,8.99,8.99,27.96
1023,2024-01-14 14:18:40,Casual,7,Prairie Honey,Cowboy_Food,1,6.49,6.49,104.92
1023,2024-01-14 14:18:40,Casual,13,Saddle Oil,Ranch_Supplies,1,9.99,9.99,104.92
1023,2024-01-14 14:18:40,Casual,12,Horse Feed Sack,Ranch_Supplies,1,19.99,19.99,104.92
1023,2024-01-14 14:18:40,Casual,23,Leather Belt,Western_Apparel,1,19.99,19.99,104.92
1023,2024-01-14 14:18:40,Casual,1,Chuckwagon Beans,Cowboy_Food,1,2.99,2.99,104.92
1023,2024-01-14 14:18:40,Casual,14,Work Gloves,Ranch_Supplies,1,6.99,6.99,104.92
1023,2024-01-14 14:18:40,Casual,5,Cornbread Mix,Cowboy_Food,1,3.49,3.49,104.92
1023,2024-01-14 14:18:40,Casual,19,Cowboy Hat,Western_Apparel,1,34.99,34.99,104.92
1024,2024-01-14 10:44:17,Regular,22,Flannel Shirt,Western_Apparel,1,29.99,29.99,97.45
1024,2024-01-14 10:44:17,Regular,19,Cowboy Hat,Western_Apparel,1,34.99,34.99,97.45
1024,2024-01-14 10:44:17,Regular,26,Rodeo Rope,Rodeo_Gear,1,18.99,18.99,97.45
1024,2024-01-14 10:44:17,Regular,7,Prairie Honey,Cowboy_Food,1,6.49,6.49,97.45
1024,2024-01-14 10:44:17,Regular,14,Work Gloves,Ranch_Supplies,1,6.99,6.99,97.45
1025,2024-01-14 13:45:00,Regular,18,Branding Iron,Ranch_Supplies,1,24.99,24.99,74.46
1025,2024-01-14 13:45:00,Regular,23,Leather Belt,Western_Apparel,1,19.99,19.99,74.46
1025,2024-01-14 13:45:00,Regular,3,Smoky BBQ Sauce,Cowboy_Food,1,4.49,4.49,74.46
1025,2024-01-14 13:45:00,Regular,29,Leather Wallet,Leather_Goods,1,24.99,24.99,74.46
1026,2024-01-14 13:15:14,Regular,4,Trail Beef Jerky,Cowboy_Food,2,5.99,11.98,42.95
1026,2024-01-14 13:15:14,Regular,26,Rodeo Rope,Rodeo_Gear,1,18.99,18.99,42.95
1026,2024-01-14 13:15:14,Regular,6,Campfire Coffee,Cowboy_Food,1,7.99,7.99,42.95
1026,2024-01-14 13:15:14,Regular,2,Campfire Chili,Cowboy_Food,1,3.99,3.99,42.95
1027,2024-01-14 16:13:25,Casual,4,Trail Beef Jerky,Cowboy_Food,1,5.99,5.99,5.99
1028,2024-01-14 16:16:08,Regular,4,Trail Beef Jerky,Cowboy_Food,1,5.99,5.99,8.98
1028,2024-01-14 16:16:08,Regular,1,Chuckwagon Beans,Cowboy_Food,1,2.99,2.99,8.98
1029,2024-01-14 10:51:52,Regular,3,Smoky BBQ Sauce,Cowboy_Food,1,4.49,4.49,4.49
1030,2024-01-14 14:33:03,Regular,20,Cowboy Boots,Western_Apparel,1,89.99,89.99,89.99
1031,2024-01-14 16:13:32,Tourist,4,Trail Beef Jerky,Cowboy_Food,2,5.99,11.98,128.41
1031,2024-01-14 16:13:32,Tourist,28,Leather Saddlebag,Leather_Goods,1,59.99,59.99,128.41
1031,2024-01-14 16:13:32,Tourist,23,Leather Belt,Western_Apparel,1,19.99,19.99,128.41
1031,2024-01-14 16:13:32,Tourist,11,Lasso Rope,Ranch_Supplies,1,14.99,14.99,128.41
1031,2024-01-14 16:13:32,Tourist,21,Red Bandana,Western_Apparel,2,4.99,9.98,128.41
1031,2024-01-14 16:13:32,Tourist,3,Smoky BBQ Sauce,Cowboy_Food,1,4.49,4.49,128.41
1031,2024-01-14 16:13:32,Tourist,14,Work Gloves,Ranch_Supplies,1,6.99,6.99,128.41
1032,2024-01-14 12:09:58,Regular,30,Leather Journal,Leather_Goods,1,14.99,14.99,22.97
1032,2024-01-14 12:09:58,Regular,3,Smoky BBQ Sauce,Cowboy_Food,1,4.49,4.49,22.97
1032,2024-01-14 12:09:58,Regular,5,Cornbread Mix,Cowboy_Food,1,3.49,3.49,22.97
1033,2024-01-14 14:22:20,Regular,25,Riding Spurs,Rodeo_Gear,1,22.99,22.99,60.47
1033,2024-01-14 14:22:20,Regular,19,Cowboy Hat,Western_Apparel,1,34.99,34.99,60.47
1033,2024-01-14 14:22:20,Regular,8,Hardtack Biscuits,Cowboy_Food,1,2.49,2.49,60.47
1034,2024-01-14 16:03:32,Regular,13,Saddle Oil,Ranch_Supplies,1,9.99,9.99,53.44
1034,2024-01-14 16:03:32,Regular,3,Smoky BBQ Sauce,Cowboy_Food,1,4.49,4.49,53.44
1034,2024-01-14 16:03:32,Regular,21,Red Bandana,Western_Apparel,1,4.99,4.99,53.44
1034,2024-01-14 16:03:32,Regular,18,Branding Iron,Ranch_Supplies,1,24.99,24.99,53.44
1034,2024-01-14 16:03:32,Regular,9,Dried Apple Slices,Cowboy_Food,1,4.99,4.99,53.44
1034,2024-01-14 16:03:32,Regular,2,Campfire Chili,Cowboy_Food,1,3.99,3.99,53.44
1035,2024-01-14 14:18:04,Regular,25,Riding Spurs,Rodeo_Gear,1,22.99,22.99,121.96
1035,2024-01-14 14:18:04,Regular,20,Cowboy Boots,Western_Apparel,1,89.99,89.99,121.96
1035,2024-01-14 14:18:04,Regular,1,Chuckwagon Beans,Cowboy_Food,1,2.99,2.99,121.96
1035,2024-01-14 14:18:04,Regular,16,Hay Bale Twine,Ranch_Supplies,1,5.99,5.99,121.96
1036,2024-01-14 09:58:43,Casual,27,Bull Rope Rosin,Rodeo_Gear,1,7.49,7.49,13.48
1036,2024-01-14 09:58:43,Casual,16,Hay Bale Twine,Ranch_Supplies,1,5.99,5.99,13.48
1037,2024-01-14 11:50:58,Casual,14,Work Gloves,Ranch_Supplies,1,6.99,6.99,31.98
1037,2024-01-14 11:50:58,Casual,29,Leather Wallet,Leather_Goods,1,24.99,24.99,31.98
1038,2024-01-14 16:56:46,Regular,17,Stock Tank Float,Ranch_Supplies,1,8.49,8.49,20.97
1038,2024-01-14 16:56:46,Regular,27,Bull Rope Rosin,Rodeo_Gear,1,7.49,7.49,20.97
1038,2024-01-14 16:56:46,Regular,21,Red Bandana,Western_Apparel,1,4.99,4.99,20.97
1039,2024-01-14 12:04:08,Casual,9,Dried Apple Slices,Cowboy_Food,1,4.99,4.99,4.99
1040,2024-01-14 17:10:21,Regular,8,Hardtack Biscuits,Cowboy_Food,1,2.49,2.49,118.41
1040,2024-01-14 17:10:21,Regular,26,Rodeo Rope,Rodeo_Gear,1,18.99,18.99,118.41
1040,2024-01-14 17:10:21,Regular,2,Campfire Chili,Cowboy_Food,1,3.99,3.99,118.41
1040,2024-01-14 17:10:21,Regular,29,Leather Wallet,Leather_Goods,2,24.99,49.98,118.41
1040,2024-01-14 17:10:21,Regular,9,Dried Apple Slices,Cowboy_Food,2,4.99,9.98,118.41
1040,2024-01-14 17:10:21,Regular,22,Flannel Shirt,Western_Apparel,1,29.99,29.99,118.41
1040,2024-01-14 17:10:21,Regular,1,Chuckwagon Beans,Cowboy_Food,1,2.99,2.99,118.41
1041,2024-01-14 15:03:43,Casual,6,Campfire Coffee,Cowboy_Food,2,7.99,15.98,45.46
1041,2024-01-14 15:03:43,Casual,18,Branding Iron,Ranch_Supplies,1,24.99,24.99,45.46
1041,2024-01-14 15:03:43,Casual,3,Smoky BBQ Sauce,Cowboy_Food,1,4.49,4.49,45.46
1042,2024-01-14 15:07:47,Regular,20,Cowboy Boots,Western_Apparel,1,89.99,89.99,212.39
1042,2024-01-14 15:07:47,Regular,16,Hay Bale Twine,Ranch_Supplies,1,5.99,5.99,212.39
1042,2024-01-14 15:07:47,Regular,27,Bull Rope Rosin,Rodeo_Gear,1,7.49,7.49,212.39
1042,2024-01-14 15:07:47,Regular,6,Campfire Coffee,Cowboy_Food,1,7.99,7.99,212.39
1042,2024-01-14 15:07:47,Regular,4,Trail Beef Jerky,Cowboy_Food,2,5.99,11.98,212.39
1042,2024-01-14 15:07:47,Regular,10,Smoked Sausage Links,Cowboy_Food,1,8.99,8.99,212.39
1042,2024-01-14 15:07:47,Regular,29,Leather Wallet,Leather_Goods,1,24.99,24.99,212.39
1042,2024-01-14 15:07:47,Regular,21,Red Bandana,Western_Apparel,1,4.99,4.99,212.39
1042,2024-01-14 15:07:47,Regular,23,Leather Belt,Western_Apparel,1,19.99,19.99,212.39
1042,2024-01-14 15:07:47,Regular,22,Flannel Shirt,Western_Apparel,1,29.99,29.99,212.39
1043,2024-01-14 16:54:24,Regular,15,Fence Wire (50ft),Ranch_Supplies,1,12.99,12.99,61.94
1043,2024-01-14 16:54:24,Regular,1,Chuckwagon Beans,Cowboy_Food,1,2.99,2.99,61.94
1043,2024-01-14 16:54:24,Regular,14,Work Gloves,Ranch_Supplies,1,6.99,6.99,61.94
1043,2024-01-14 16:54:24,Regular,11,Lasso Rope,Ranch_Supplies,1,14.99,14.99,61.94
1043,2024-01-14 16:54:24,Regular,26,Rodeo Rope,Rodeo_Gear,1,18.99,18.99,61.94
1043,2024-01-14 16:54:24,Regular,21,Red Bandana,Western_Apparel,1,4.99,4.99,61.94
1044,2024-01-14 13:57:57,Casual,11,Lasso Rope,Ranch_Supplies,1,14.99,14.99,80.95
1044,2024-01-14 13:57:57,Casual,10,Smoked Sausage Links,Cowboy_Food,1,8.99,8.99,80.95
1044,2024-01-14 13:57:57,Casual,14,Work Gloves,Ranch_Supplies,1,6.99,6.99,80.95
1044,2024-01-14 13:57:57,Casual,29,Leather Wallet,Leather_Goods,1,24.99,24.99,80.95
1044,2024-01-14 13:57:57,Casual,18,Branding Iron,Ranch_Supplies,1,24.99,24.99,80.95
1045,2024-01-14 11:58:12,Tourist,7,Prairie Honey,Cowboy_Food,1,6.49,6.49,98.43
1045,2024-01-14 11:58:12,Tourist,9,Dried Apple Slices,Cowboy_Food,1,4.99,4.99,98.43
1045,2024-01-14 11:58:12,Tourist,19,Cowboy Hat,Western_Apparel,1,34.99,34.99,98.43
1045,2024-01-14 11:58:12,Tourist,26,Rodeo Rope,Rodeo_Gear,1,18.99,18.99,98.43
1045,2024-01-14 11:58:12,Tourist,3,Smoky BBQ Sauce,Cowboy_Food,1,4.49,4.49,98.43
1045,2024-01-14 11:58:12,Tourist,5,Cornbread Mix,Cowboy_Food,1,3.49,3.49,98.43
1045,2024-01-14 11:58:12,Tourist,29,Leather Wallet,Leather_Goods,1,24.99,24.99,98.43
1046,2024-01-14 10:52:44,Casual,20,Cowboy Boots,Western_Apparel,1,89.99,89.99,95.98
1046,2024-01-14 10:52:44,Casual,16,Hay Bale Twine,Ranch_Supplies,1,5.99,5.99,95.98
1047,2024-01-14 16:22:29,Bulk,6,Campfire Coffee,Cowboy_Food,1,7.99,7.99,91.44
1047,2024-01-14 16:22:29,Bulk,11,Lasso Rope,Ranch_Supplies,1,14.99,14.99,91.44
1047,2024-01-14 16:22:29,Bulk,19,Cowboy Hat,Western_Apparel,1,34.99,34.99,91.44
1047,2024-01-14 16:22:29,Bulk,27,Bull Rope Rosin,Rodeo_Gear,1,7.49,7.49,91.44
1047,2024-01-14 16:22:29,Bulk,15,Fence Wire (50ft),Ranch_Supplies,2,12.99,25.98,91.44
1048,2024-01-14 15:05:42,Casual,3,Smoky BBQ Sauce,Cowboy_Food,1,4.49,4.49,12.48
1048,2024-01-14 15:05:42,Casual,6,Campfire Coffee,Cowboy_Food,1,7.99,7.99,12.48
1049,2024-01-14 17:07:35,Casual,24,Denim Vest,Western_Apparel,1,39.99,39.99,39.99
1050,2024-01-14 14:58:25,Regular,21,Red Bandana,Western_Apparel,1,4.99,4.99,85.92
1050,2024-01-14 14:58:25,Regular,8,Hardtack Biscuits,Cowboy_Food,1,2.49,2.49,85.92
1050,2024-01-14 14:58:25,Regular,10,Smoked Sausage Links,Cowboy_Food,1,8.99,8.99,85.92
1050,2024-01-14 14:58:25,Regular,4,Trail Beef Jerky,Cowboy_Food,1,5.99,5.99,85.92
1050,2024-01-14 14:58:25,Regular,17,Stock Tank Float,Ranch_Supplies,1,8.49,8.49,85.92
1050,2024-01-14 14:58:25,Regular,29,Leather Wallet,Leather_Goods,1,24.99,24.99,85.92
1050,2024-01-14 14:58:25,Regular,11,Lasso Rope,Ranch_Supplies,1,14.99,14.99,85.92
1050,2024-01-14 14:58:25,Regular,30,Leather Journal,Leather_Goods,1,14.99,14.99,85.92
1051,2024-01-14 14:29:48,Regular,9,Dried Apple Slices,Cowboy_Food,1,4.99,4.99,34.47
1051,2024-01-14 14:29:48,Regular,3,Smoky BBQ Sauce,Cowboy_Food,1,4.49,4.49,34.47
1051,2024-01-14 14:29:48,Regular,18,Branding Iron,Ranch_Supplies,1,24.99,24.99,34.47
1052,2024-01-14 12:33:50,Bulk,16,Hay Bale Twine,Ranch_Supplies,2,5.99,11.98,285.87
1052,2024-01-14 12:33:50,Bulk,6,Campfire Coffee,Cowboy_Food,1,7.99,7.99,285.87
1052,2024-01-14 12:33:50,Bulk,22,Flannel Shirt,Western_Apparel,1,29.99,29.99,285.87
1052,2024-01-14 12:33:50,Bulk,3,Smoky BBQ Sauce,Cowboy_Food,2,4.49,8.98,285.87
1052,2024-01-14 12:33:50,Bulk,19,Cowboy Hat,Western_Apparel,2,34.99,69.98,285.87
1052,2024-01-14 12:33:50,Bulk,12,Horse Feed Sack,Ranch_Supplies,2,19.99,39.98,285.87
1052,2024-01-14 12:33:50,Bulk,20,Cowboy Boots,Western_Apparel,1,89.99,89.99,285.87
1052,2024-01-14 12:33:50,Bulk,23,Leather Belt,Western_Apparel,1,19.99,19.99,285.87
1052,2024-01-14 12:33:50,Bulk,14,Work Gloves,Ranch_Supplies,1,6.99,6.99,285.87
1053,2024-01-14 11:39:49,Bulk,28,Leather Saddlebag,Leather_Goods,1,59.99,59.99,130.92
1053,2024-01-14 11:39:49,Bulk,10,Smoked Sausage Links,Cowboy_Food,1,8.99,8.99,130.92
1053,2024-01-14 11:39:49,Bulk,14,Work Gloves,Ranch_Supplies,1,6.99,6.99,130.92
1053,2024-01-14 11:39:49,Bulk,6,Campfire Coffee,Cowboy_Food,2,7.99,15.98,130.92
1053,2024-01-14 11:39:49,Bulk,15,Fence Wire (50ft),Ranch_Supplies,1,12.99,12.99,130.92
1053,2024-01-14 11:39:49,Bulk,23,Leather Belt,Western_Apparel,1,19.99,19.99,130.92
1053,2024-01-14 11:39:49,Bulk,16,Hay Bale Twine,Ranch_Supplies,1,5.99,5.99,130.92
1054,2024-01-14 17:15:05,Casual,29,Leather Wallet,Leather_Goods,1,24.99,24.99,194.4
1054,2024-01-14 17:15:05,Casual,2,Campfire Chili,Cowboy_Food,1,3.99,3.99,194.4
1054,2024-01-14 17:15:05,Casual,27,Bull Rope Rosin,Rodeo_Gear,1,7.49,7.49,194.4
1054,2024-01-14 17:15:05,Casual,18,Branding Iron,Ranch_Supplies,1,24.99,24.99,194.4
1054,2024-01-14 17:15:05,Casual,28,Leather Saddlebag,Leather_Goods,1,59.99,59.99,194.4
1054,2024-01-14 17:15:05,Casual,16,Hay Bale Twine,Ranch_Supplies,1,5.99,5.99,194.4
1054,2024-01-14 17:15:05,Casual,24,Denim Vest,Western_Apparel,1,39.99,39.99,194.4
1054,2024-01-14 17:15:05,Casual,21,Red Bandana,Western_Apparel,1,4.99,4.99,194.4
1054,2024-01-14 17:15:05,Casual,15,Fence Wire (50ft),Ranch_Supplies,1,12.99,12.99,194.4
1054,2024-01-14 17:15:05,Casual,10,Smoked Sausage Links,Cowboy_Food,1,8.99,8.99,194.4
1055,2024-01-14 10:46:25,Regular,30,Leather Journal,Leather_Goods,1,14.99,14.99,41.45
1055,2024-01-14 10:46:25,Regular,2,Campfire Chili,Cowboy_Food,2,3.99,7.98,41.45
1055,2024-01-14 10:46:25,Regular,17,Stock Tank Float,Ranch_Supplies,1,8.49,8.49,41.45
1055,2024-01-14 10:46:25,Regular,13,Saddle Oil,Ranch_Supplies,1,9.99,9.99,41.45
1056,2024-01-14 17:45:44,Regular,23,Leather Belt,Western_Apparel,1,19.99,19.99,90.94
1056,2024-01-14 17:45:44,Regular,15,Fence Wire (50ft),Ranch_Supplies,2,12.99,25.98,90.94
1056,2024-01-14 17:45:44,Regular,1,Chuckwagon Beans,Cowboy_Food,1,2.99,2.99,90.94
1056,2024-01-14 17:45:44,Regular,14,Work Gloves,Ranch_Supplies,1,6.99,6.99,90.94
1056,2024-01-14 17:45:44,Regular,19,Cowboy Hat,Western_Apparel,1,34.99,34.99,90.94
1057,2024-01-14 09:53:52,Regular,6,Campfire Coffee,Cowboy_Food,1,7.99,7.99,106.96
1057,2024-01-14 09:53:52,Regular,20,Cowboy Boots,Western_Apparel,1,89.99,89.99,106.96
1057,2024-01-14 09:53:52,Regular,1,Chuckwagon Beans,Cowboy_Food,1,2.99,2.99,106.96
1057,2024-01-14 09:53:52,Regular,16,Hay Bale Twine,Ranch_Supplies,1,5.99,5.99,106.96
1058,2024-01-14 15:29:21,Casual,4,Trail Beef Jerky,Cowboy_Food,1,5.99,5.99,27.97
1058,2024-01-14 15:29:21,Casual,11,Lasso Rope,Ranch_Supplies,1,14.99,14.99,27.97
1058,2024-01-14 15:29:21,Casual,14,Work Gloves,Ranch_Supplies,1,6.99,6.99,27.97
1059,2024-01-14 10:22:44,Regular,27,Bull Rope Rosin,Rodeo_Gear,1,7.49,7.49,57.95
1059,2024-01-14 10:22:44,Regular,11,Lasso Rope,Ranch_Supplies,1,14.99,14.99,57.95
1059,2024-01-14 10:22:44,Regular,8,Hardtack Biscuits,Cowboy_Food,1,2.49,2.49,57.95
1059,2024-01-14 10:22:44,Regular,22,Flannel Shirt,Western_Apparel,1,29.99,29.99,57.95
1059,2024-01-14 10:22:44,Regular,1,Chuckwagon Beans,Cowboy_Food,1,2.99,2.99,57.95
1060,2024-01-14 16:57:33,Casual,26,Rodeo Rope,Rodeo_Gear,1,18.99,18.99,141.94
1060,2024-01-14 16:57:33,Casual,22,Flannel Shirt,Western_Apparel,1,29.99,29.99,141.94
1060,2024-01-14 16:57:33,Casual,28,Leather Saddlebag,Leather_Goods,1,59.99,59.99,141.94
1060,2024-01-14 16:57:33,Casual,21,Red Bandana,Western_Apparel,1,4.99,4.99,141.94
1060,2024-01-14 16:57:33,Casual,6,Campfire Coffee,Cowboy_Food,1,7.99,7.99,141.94
1060,2024-01-14 16:57:33,Casual,12,Horse Feed Sack,Ranch_Supplies,1,19.99,19.99,141.94
1061,2024-01-14 11:45:13,Regular,25,Riding Spurs,Rodeo_Gear,1,22.99,22.99,35.97
1061,2024-01-14 11:45:13,Regular,4,Trail Beef Jerky,Cowboy_Food,1,5.99,5.99,35.97
1061,2024-01-14 11:45:13,Regular,14,Work Gloves,Ranch_Supplies,1,6.99,6.99,35.97
1062,2024-01-14 15:46:53,Regular,18,Branding Iron,Ranch_Supplies,1,24.99,24.99,187.94
1062,2024-01-14 15:46:53,Regular,6,Campfire Coffee,Cowboy_Food,1,7.99,7.99,187.94
1062,2024-01-14 15:46:53,Regular,23,Leather Belt,Western_Apparel,2,19.99,39.98,187.94
1062,2024-01-14 15:46:53,Regular,20,Cowboy Boots,Western_Apparel,1,89.99,89.99,187.94
1062,2024-01-14 15:46:53,Regular,29,Leather Wallet,Leather_Goods,1,24.99,24.99,187.94
1063,2024-01-14 17:52:26,Casual,23,Leather Belt,Western_Apparel,1,19.99,19.99,109.98
1063,2024-01-14 17:52:26,Casual,20,Cowboy Boots,Western_Apparel,1,89.99,89.99,109.98
1064,2024-01-14 16:15:36,Regular,19,Cowboy Hat,Western_Apparel,1,34.99,34.99,53.97
1064,2024-01-14 16:15:36,Regular,15,Fence Wire (50ft),Ranch_Supplies,1,12.99,12.99,53.97
1064,2024-01-14 16:15:36,Regular,4,Trail Beef Jerky,Cowboy_Food,1,5.99,5.99,53.97
1065,2024-01-14 11:29:17,Casual,22,Flannel Shirt,Western_Apparel,1,29.99,29.99,29.99
1066,2024-01-14 17:03:01,Regular,8,Hardtack Biscuits,Cowboy_Food,2,2.49,4.98,36.46
1066,2024-01-14 17:03:01,Regular,29,Leather Wallet,Leather_Goods,1,24.99,24.99,36.46
1066,2024-01-14 17:03:01,Regular,7,Prairie Honey,Cowboy_Food,1,6.49,6.49,36.46
1067,2024-01-14 14:48:27,Bulk,19,Cowboy Hat,Western_Apparel,2,34.99,69.98,184.43
1067,2024-01-14 14:48:27,Bulk,3,Smoky BBQ Sauce,Cowboy_Food,1,4.49,4.49,184.43
1067,2024-01-14 14:48:27,Bulk,27,Bull Rope Rosin,Rodeo_Gear,1,7.49,7.49,184.43
1067,2024-01-14 14:48:27,Bulk,28,Leather Saddlebag,Leather_Goods,1,59.99,59.99,184.43
1067,2024-01-14 14:48:27,Bulk,8,Hardtack Biscuits,Cowboy_Food,1,2.49,2.49,184.43
1067,2024-01-14 14:48:27,Bulk,24,Denim Vest,Western_Apparel,1,39.99,39.99,184.43
1068,2024-01-14 09:34:43,Bulk,21,Red Bandana,Western_Apparel,1,4.99,4.99,385.84
1068,2024-01-14 09:34:43,Bulk,18,Branding Iron,Ranch_Supplies,1,24.99,24.99,385.84
1068,2024-01-14 09:34:43,Bulk,8,Hardtack Biscuits,Cowboy_Food,1,2.49,2.49,385.84
1068,2024-01-14 09:34:43,Bulk,3,Smoky BBQ Sauce,Cowboy_Food,1,4.49,4.49,385.84
1068,2024-01-14 09:34:43,Bulk,24,Denim Vest,Western_Apparel,1,39.99,39.99,385.84
1068,2024-01-14 09:34:43,Bulk,14,Work Gloves,Ranch_Supplies,1,6.99,6.99,385.84
1068,2024-01-14 09:34:43,Bulk,20,Cowboy Boots,Western_Apparel,1,89.99,89.99,385.84
1068,2024-01-14 09:34:43,Bulk,25,Riding Spurs,Rodeo_Gear,2,22.99,45.98,385.84
1068,2024-01-14 09:34:43,Bulk,1,Chuckwagon Beans,Cowboy_Food,1,2.99,2.99,385.84
1068,2024-01-14 09:34:43,Bulk,22,Flannel Shirt,Western_Apparel,1,29.99,29.99,385.84
1068,2024-01-14 09:34:43,Bulk,29,Leather Wallet,Leather_Goods,1,24.99,24.99,385.84
1068,2024-01-14 09:34:43,Bulk,6,Campfire Coffee,Cowboy_Food,1,7.99,7.99,385.84
1068,2024-01-14 09:34:43,Bulk,9,Dried Apple Slices,Cowboy_Food,1,4.99,4.99,385.84
1068,2024-01-14 09:34:43,Bulk,19,Cowboy Hat,Western_Apparel,1,34.99,34.99,385.84
1068,2024-01-14 09:34:43,Bulk,28,Leather Saddlebag,Leather_Goods,1,59.99,59.99,385.84
1069,2024-01-14 15:13:19,Casual,15,Fence Wire (50ft),Ranch_Supplies,2,12.99,25.98,198.4
1069,2024-01-14 15:13:19,Casual,22,Flannel Shirt,Western_Apparel,1,29.99,29.99,198.4
1069,2024-01-14 15:13:19,Casual,18,Branding Iron,Ranch_Supplies,1,24.99,24.99,198.4
1069,2024-01-14 15:13:19,Casual,2,Campfire Chili,Cowboy_Food,2,3.99,7.98,198.4
1069,2024-01-14 15:13:19,Casual,5,Cornbread Mix,Cowboy_Food,1,3.49,3.49,198.4
1069,2024-01-14 15:13:19,Casual,20,Cowboy Boots,Western_Apparel,1,89.99,89.99,198.4
1069,2024-01-14 15:13:19,Casual,14,Work Gloves,Ranch_Supplies,1,6.99,6.99,198.4
1069,2024-01-14 15:13:19,Casual,10,Smoked Sausage Links,Cowboy_Food,1,8.99,8.99,198.4
1070,2024-01-14 17:09:55,Regular,21,Red Bandana,Western_Apparel,1,4.99,4.99,43.95
1070,2024-01-14 17:09:55,Regular,7,Prairie Honey,Cowboy_Food,1,6.49,6.49,43.95
1070,2024-01-14 17:09:55,Regular,8,Hardtack Biscuits,Cowboy_Food,1,2.49,2.49,43.95
1070,2024-01-14 17:09:55,Regular,30,Leather Journal,Leather_Goods,1,14.99,14.99,43.95
1070,2024-01-14 17:09:55,Regular,11,Lasso Rope,Ranch_Supplies,1,14.99,14.99,43.95
1071,2024-01-14 14:41:45,Regular,25,Riding Spurs,Rodeo_Gear,1,22.99,22.99,32.98
1071,2024-01-14 14:41:45,Regular,13,Saddle Oil,Ranch_Supplies,1,9.99,9.99,32.98
1072,2024-01-14 16:50:38,Bulk,25,Riding Spurs,Rodeo_Gear,1,22.99,22.99,76.93
1072,2024-01-14 16:50:38,Bulk,2,Campfire Chili,Cowboy_Food,1,3.99,3.99,76.93
1072,2024-01-14 16:50:38,Bulk,30,Leather Journal,Leather_Goods,1,14.99,14.99,76.93
1072,2024-01-14 16:50:38,Bulk,17,Stock Tank Float,Ranch_Supplies,2,8.49,16.98,76.93
1072,2024-01-14 16:50:38,Bulk,11,Lasso Rope,Ranch_Supplies,1,14.99,14.99,76.93
1072,2024-01-14 16:50:38,Bulk,1,Chuckwagon Beans,Cowboy_Food,1,2.99,2.99,76.93
1073,2024-01-14 16:33:48,Tourist,1,Chuckwagon Beans,Cowboy_Food,1,2.99,2.99,2.99
1074,2024-01-15 16:35:51,Tourist,12,Horse Feed Sack,Ranch_Supplies,1,19.99,19.99,38.98
1074,2024-01-15 16:35:51,Tourist,26,Rodeo Rope,Rodeo_Gear,1,18.99,18.99,38.98
1075,2024-01-15 17:39:35,Regular,23,Leather Belt,Western_Apparel,1,19.99,19.99,155.43
1075,2024-01-15 17:39:35,Regular,16,Hay Bale Twine,Ranch_Supplies,1,5.99,5.99,155.43
1075,2024-01-15 17:39:35,Regular,6,Campfire Coffee,Cowboy_Food,1,7.99,7.99,155.43
1075,2024-01-15 17:39:35,Regular,2,Campfire Chili,Cowboy_Food,1,3.99,3.99,155.43
1075,2024-01-15 17:39:35,Regular,18,Branding Iron,Ranch_Supplies,1,24.99,24.99,155.43
1075,2024-01-15 17:39:35,Regular,8,Hardtack Biscuits,Cowboy_Food,1,2.49,2.49,155.43
1075,2024-01-15 17:39:35,Regular,20,Cowboy Boots,Western_Apparel,1,89.99,89.99,155.43
1076,2024-01-15 18:06:58,Tourist,26,Rodeo Rope,Rodeo_Gear,1,18.99,18.99,37.97
1076,2024-01-15 18:06:58,Tourist,2,Campfire Chili,Cowboy_Food,1,3.99,3.99,37.97
1076,2024-01-15 18:06:58,Tourist,30,Leather Journal,Leather_Goods,1,14.99,14.99,37.97
1077,2024-01-15 11:34:16,Regular,4,Trail Beef Jerky,Cowboy_Food,1,5.99,5.99,19.47
1077,2024-01-15 11:34:16,Regular,21,Red Bandana,Western_Apparel,1,4.99,4.99,19.47
1077,2024-01-15 11:34:16,Regular,17,Stock Tank Float,Ranch_Supplies,1,8.49,8.49,19.47
1078,2024-01-15 14:05:54,Regular,29,Leather Wallet,Leather_Goods,1,24.99,24.99,117.94
1078,2024-01-15 14:05:54,Regular,10,Smoked Sausage Links,Cowboy_Food,2,8.99,17.98,117.94
1078,2024-01-15 14:05:54,Regular,22,Flannel Shirt,Western_Apparel,1,29.99,29.99,117.94
1078,2024-01-15 14:05:54,Regular,13,Saddle Oil,Ranch_Supplies,1,9.99,9.99,117.94
1078,2024-01-15 14:05:54,Regular,19,Cowboy Hat,Western_Apparel,1,34.99,34.99,117.94
1079,2024-01-15 16:27:54,Bulk,10,Smoked Sausage Links,Cowboy_Food,1,8.99,8.99,58.44
1079,2024-01-15 16:27:54,Bulk,12,Horse Feed Sack,Ranch_Supplies,1,19.99,19.99,58.44
1079,2024-01-15 16:27:54,Bulk,21,Red Bandana,Western_Apparel,1,4.99,4.99,58.44
1079,2024-01-15 16:27:54,Bulk,6,Campfire Coffee,Cowboy_Food,1,7.99,7.99,58.44
1079,2024-01-15 16:27:54,Bulk,15,Fence Wire (50ft),Ranch_Supplies,1,12.99,12.99,58.44
1079,2024-01-15 16:27:54,Bulk,5,Cornbread Mix,Cowboy_Food,1,3.49,3.49,58.44
1080,2024-01-15 10:12:45,Regular,14,Work Gloves,Ranch_Supplies,2,6.99,13.98,164.89
1080,2024-01-15 10:12:45,Regular,28,Leather Saddlebag,Leather_Goods,1,59.99,59.99,164.89
1080,2024-01-15 10:12:45,Regular,24,Denim Vest,Western_Apparel,1,39.99,39.99,164.89
1080,2024-01-15 10:12:45,Regular,3,Smoky BBQ Sauce,Cowboy_Food,1,4.49,4.49,164.89
1080,2024-01-15 10:12:45,Regular,8,Hardtack Biscuits,Cowboy_Food,2,2.49,4.98,164.89
1080,2024-01-15 10:12:45,Regular,7,Prairie Honey,Cowboy_Food,1,6.49,6.49,164.89
1080,2024-01-15 10:12:45,Regular,25,Riding Spurs,Rodeo_Gear,1,22.99,22.99,164.89
1080,2024-01-15 10:12:45,Regular,6,Campfire Coffee,Cowboy_Food,1,7.99,7.99,164.89
1080,2024-01-15 10:12:45,Regular,2,Campfire Chili,Cowboy_Food,1,3.99,3.99,164.89
1081,2024-01-15 16:37:09,Bulk,9,Dried Apple Slices,Cowboy_Food,1,4.99,4.99,67.45
1081,2024-01-15 16:37:09,Bulk,27,Bull Rope Rosin,Rodeo_Gear,1,7.49,7.49,67.45
1081,2024-01-15 16:37:09,Bulk,22,Flannel Shirt,Western_Apparel,1,29.99,29.99,67.45
1081,2024-01-15 16:37:09,Bulk,21,Red Bandana,Western_Apparel,1,4.99,4.99,67.45
1081,2024-01-15 16:37:09,Bulk,12,Horse Feed Sack,Ranch_Supplies,1,19.99,19.99,67.45
1082,2024-01-15 09:16:05,Casual,5,Cornbread Mix,Cowboy_Food,1,3.49,3.49,100.93
1082,2024-01-15 09:16:05,Casual,17,Stock Tank Float,Ranch_Supplies,1,8.49,8.49,100.93
1082,2024-01-15 09:16:05,Casual,10,Smoked Sausage Links,Cowboy_Food,2,8.99,17.98,100.93
1082,2024-01-15 09:16:05,Casual,29,Leather Wallet,Leather_Goods,1,24.99,24.99,100.93
1082,2024-01-15 09:16:05,Casual,4,Trail Beef Jerky,Cowboy_Food,1,5.99,5.99,100.93
1082,2024-01-15 09:16:05,Casual,24,Denim Vest,Western_Apparel,1,39.99,39.99,100.93
1083,2024-01-15 17:51:07,Casual,12,Horse Feed Sack,Ranch_Supplies,1,19.99,19.99,19.99
1084,2024-01-15 16:37:42,Regular,10,Smoked Sausage Links,Cowboy_Food,1,8.99,8.99,17.47
1084,2024-01-15 16:37:42,Regular,3,Smoky BBQ Sauce,Cowboy_Food,1,4.49,4.49,17.47
1084,2024-01-15 16:37:42,Regular,2,Campfire Chili,Cowboy_Food,1,3.99,3.99,17.47
1085,2024-01-15 15:46:23,Regular,1,Chuckwagon Beans,Cowboy_Food,1,2.99,2.99,61.95
1085,2024-01-15 15:46:23,Regular,19,Cowboy Hat,Western_Apparel,1,34.99,34.99,61.95
1085,2024-01-15 15:46:23,Regular,8,Hardtack Biscuits,Cowboy_Food,1,2.49,2.49,61.95
1085,2024-01-15 15:46:23,Regular,7,Prairie Honey,Cowboy_Food,1,6.49,6.49,61.95
1085,2024-01-15 15:46:23,Regular,30,Leather Journal,Leather_Goods,1,14.99,14.99,61.95
1086,2024-01-15 14:40:59,Regular,11,Lasso Rope,Ranch_Supplies,1,14.99,14.99,129.96
1086,2024-01-15 14:40:59,Regular,30,Leather Journal,Leather_Goods,1,14.99,14.99,129.96
1086,2024-01-15 14:40:59,Regular,20,Cowboy Boots,Western_Apparel,1,89.99,89.99,129.96
1086,2024-01-15 14:40:59,Regular,13,Saddle Oil,Ranch_Supplies,1,9.99,9.99,129.96
1087,2024-01-15 18:44:00,Regular,11,Lasso Rope,Ranch_Supplies,1,14.99,14.99,202.39
1087,2024-01-15 18:44:00,Regular,5,Cornbread Mix,Cowboy_Food,2,3.49,6.98,202.39
1087,2024-01-15 18:44:00,Regular,30,Leather Journal,Leather_Goods,1,14.99,14.99,202.39
1087,2024-01-15 18:44:00,Regular,28,Leather Saddlebag,Leather_Goods,1,59.99,59.99,202.39
1087,2024-01-15 18:44:00,Regular,23,Leather Belt,Western_Apparel,2,19.99,39.98,202.39
1087,2024-01-15 18:44:00,Regular,8,Hardtack Biscuits,Cowboy_Food,1,2.49,2.49,202.39
1087,2024-01-15 18:44:00,Regular,29,Leather Wallet,Leather_Goods,1,24.99,24.99,202.39
1087,2024-01-15 18:44:00,Regular,1,Chuckwagon Beans,Cowboy_Food,1,2.99,2.99,202.39
1087,2024-01-15 18:44:00,Regular,19,Cowboy Hat,Western_Apparel,1,34.99,34.99,202.39
1088,2024-01-15 16:43:22,Regular,26,Rodeo Rope,Rodeo_Gear,1,18.99,18.99,27.47
1088,2024-01-15 16:43:22,Regular,9,Dried Apple Slices,Cowboy_Food,1,4.99,4.99,27.47
1088,2024-01-15 16:43:22,Regular,5,Cornbread Mix,Cowboy_Food,1,3.49,3.49,27.47
1089,2024-01-15 17:07:15,Regular,5,Cornbread Mix,Cowboy_Food,2,3.49,6.98,39.44
1089,2024-01-15 17:07:15,Regular,30,Leather Journal,Leather_Goods,1,14.99,14.99,39.44
1089,2024-01-15 17:07:15,Regular,21,Red Bandana,Western_Apparel,1,4.99,4.99,39.44
1089,2024-01-15 17:07:15,Regular,6,Campfire Coffee,Cowboy_Food,1,7.99,7.99,39.44
1089,2024-01-15 17:07:15,Regular,3,Smoky BBQ Sauce,Cowboy_Food,1,4.49,4.49,39.44
1090,2024-01-15 17:13:52,Casual,14,Work Gloves,Ranch_Supplies,1,6.99,6.99,56.97
1090,2024-01-15 17:13:52,Casual,13,Saddle Oil,Ranch_Supplies,1,9.99,9.99,56.97
1090,2024-01-15 17:13:52,Casual,24,Denim Vest,Western_Apparel,1,39.99,39.99,56.97
1091,2024-01-15 09:47:07,Tourist,19,Cowboy Hat,Western_Apparel,1,34.99,34.99,49.46
1091,2024-01-15 09:47:07,Tourist,4,Trail Beef Jerky,Cowboy_Food,1,5.99,5.99,49.46
1091,2024-01-15 09:47:07,Tourist,3,Smoky BBQ Sauce,Cowboy_Food,1,4.49,4.49,49.46
1091,2024-01-15 09:47:07,Tourist,2,Campfire Chili,Cowboy_Food,1,3.99,3.99,49.46
1092,2024-01-15 10:20:24,Casual,11,Lasso Rope,Ranch_Supplies,1,14.99,14.99,18.98
1092,2024-01-15 10:20:24,Casual,2,Campfire Chili,Cowboy_Food,1,3.99,3.99,18.98
1093,2024-01-15 11:38:52,Regular,4,Trail Beef Jerky,Cowboy_Food,2,5.99,11.98,110.91
1093,2024-01-15 11:38:52,Regular,17,Stock Tank Float,Ranch_Supplies,1,8.49,8.49,110.91
1093,2024-01-15 11:38:52,Regular,23,Leather Belt,Western_Apparel,2,19.99,39.98,110.91
1093,2024-01-15 11:38:52,Regular,29,Leather Wallet,Leather_Goods,1,24.99,24.99,110.91
1093,2024-01-15 11:38:52,Regular,7,Prairie Honey,Cowboy_Food,1,6.49,6.49,110.91
1093,2024-01-15 11:38:52,Regular,2,Campfire Chili,Cowboy_Food,1,3.99,3.99,110.91
1093,2024-01-15 11:38:52,Regular,30,Leather Journal,Leather_Goods,1,14.99,14.99,110.91
1094,2024-01-15 16:17:58,Bulk,5,Cornbread Mix,Cowboy_Food,2,3.49,6.98,345.31
1094,2024-01-15 16:17:58,Bulk,8,Hardtack Biscuits,Cowboy_Food,1,2.49,2.49,345.31
1094,2024-01-15 16:17:58,Bulk,6,Campfire Coffee,Cowboy_Food,1,7.99,7.99,345.31
1094,2024-01-15 16:17:58,Bulk,16,Hay Bale Twine,Ranch_Supplies,2,5.99,11.98,345.31
1094,2024-01-15 16:17:58,Bulk,9,Dried Apple Slices,Cowboy_Food,2,4.99,9.98,345.31
1094,2024-01-15 16:17:58,Bulk,21,Red Bandana,Western_Apparel,2,4.99,9.98,345.31
1094,2024-01-15 16:17:58,Bulk,15,Fence Wire (50ft),Ranch_Supplies,1,12.99,12.99,345.31
1094,2024-01-15 16:17:58,Bulk,29,Leather Wallet,Leather_Goods,1,24.99,24.99,345.31
1094,2024-01-15 16:17:58,Bulk,19,Cowboy Hat,Western_Apparel,1,34.99,34.99,345.31
1094,2024-01-15 16:17:58,Bulk,1,Chuckwagon Beans,Cowboy_Food,2,2.99,5.98,345.31
1094,2024-01-15 16:17:58,Bulk,22,Flannel Shirt,Western_Apparel,1,29.99,29.99,345.31
1094,2024-01-15 16:17:58,Bulk,14,Work Gloves,Ranch_Supplies,1,6.99,6.99,345.31
1094,2024-01-15 16:17:58,Bulk,20,Cowboy Boots,Western_Apparel,2,89.99,179.98,345.31
1095,2024-01-15 16:06:54,Regular,14,Work Gloves,Ranch_Supplies,1,6.99,6.99,66.97
1095,2024-01-15 16:06:54,Regular,24,Denim Vest,Western_Apparel,1,39.99,39.99,66.97
1095,2024-01-15 16:06:54,Regular,12,Horse Feed Sack,Ranch_Supplies,1,19.99,19.99,66.97
1096,2024-01-15 12:53:39,Regular,12,Horse Feed Sack,Ranch_Supplies,1,19.99,19.99,73.94
1096,2024-01-15 12:53:39,Regular,30,Leather Journal,Leather_Goods,1,14.99,14.99,73.94
1096,2024-01-15 12:53:39,Regular,3,Smoky BBQ Sauce,Cowboy_Food,2,4.49,8.98,73.94
1096,2024-01-15 12:53:39,Regular,25,Riding Spurs,Rodeo_Gear,1,22.99,22.99,73.94
1096,2024-01-15 12:53:39,Regular,14,Work Gloves,Ranch_Supplies,1,6.99,6.99,73.94
1097,2024-01-15 18:29:09,Regular,9,Dried Apple Slices,Cowboy_Food,1,4.99,4.99,36.96
1097,2024-01-15 18:29:09,Regular,15,Fence Wire (50ft),Ranch_Supplies,1,12.99,12.99,36.96
1097,2024-01-15 18:29:09,Regular,2,Campfire Chili,Cowboy_Food,1,3.99,3.99,36.96
1097,2024-01-15 18:29:09,Regular,11,Lasso Rope,Ranch_Supplies,1,14.99,14.99,36.96
1098,2024-01-15 10:45:05,Tourist,4,Trail Beef Jerky,Cowboy_Food,1,5.99,5.99,85.46
1098,2024-01-15 10:45:05,Tourist,19,Cowboy Hat,Western_Apparel,1,34.99,34.99,85.46
1098,2024-01-15 10:45:05,Tourist,3,Smoky BBQ Sauce,Cowboy_Food,1,4.49,4.49,85.46
1098,2024-01-15 10:45:05,Tourist,24,Denim Vest,Western_Apparel,1,39.99,39.99,85.46
1099,2024-01-15 16:56:24,Bulk,24,Denim Vest,Western_Apparel,1,39.99,39.99,138.43
1099,2024-01-15 16:56:24,Bulk,25,Riding Spurs,Rodeo_Gear,1,22.99,22.99,138.43
1099,2024-01-15 16:56:24,Bulk,30,Leather Journal,Leather_Goods,2,14.99,29.98,138.43
1099,2024-01-15 16:56:24,Bulk,2,Campfire Chili,Cowboy_Food,1,3.99,3.99,138.43
1099,2024-01-15 16:56:24,Bulk,19,Cowboy Hat,Western_Apparel,1,34.99,34.99,138.43
1099,2024-01-15 16:56:24,Bulk,7,Prairie Honey,Cowboy_Food,1,6.49,6.49,138.43
1100,2024-01-15 15:11:28,Regular,30,Leather Journal,Leather_Goods,1,14.99,14.99,59.97
1100,2024-01-15 15:11:28,Regular,24,Denim Vest,Western_Apparel,1,39.99,39.99,59.97
1100,2024-01-15 15:11:28,Regular,9,Dried Apple Slices,Cowboy_Food,1,4.99,4.99,59.97
1101,2024-01-15 14:32:30,Bulk,14,Work Gloves,Ranch_Supplies,1,6.99,6.99,20.96
1101,2024-01-15 14:32:30,Bulk,9,Dried Apple Slices,Cowboy_Food,1,4.99,4.99,20.96
1101,2024-01-15 14:32:30,Bulk,8,Hardtack Biscuits,Cowboy_Food,1,2.49,2.49,20.96
1101,2024-01-15 14:32:30,Bulk,7,Prairie Honey,Cowboy_Food,1,6.49,6.49,20.96
1102,2024-01-15 09:52:02,Tourist,29,Leather Wallet,Leather_Goods,1,24.99,24.99,32.98
1102,2024-01-15 09:52:02,Tourist,6,Campfire Coffee,Cowboy_Food,1,7.99,7.99,32.98
1103,2024-01-15 16:40:40,Regular,29,Leather Wallet,Leather_Goods,3,24.99,74.97,121.43
1103,2024-01-15 16:40:40,Regular,21,Red Bandana,Western_Apparel,1,4.99,4.99,121.43
1103,2024-01-15 16:40:40,Regular,22,Flannel Shirt,Western_Apparel,1,29.99,29.99,121.43
1103,2024-01-15 16:40:40,Regular,27,Bull Rope Rosin,Rodeo_Gear,1,7.49,7.49,121.43
1103,2024-01-15 16:40:40,Regular,2,Campfire Chili,Cowboy_Food,1,3.99,3.99,121.43
1104,2024-01-15 16:54:23,Casual,11,Lasso Rope,Ranch_Supplies,1,14.99,14.99,14.99
1105,2024-01-15 12:48:06,Regular,18,Branding Iron,Ranch_Supplies,1,24.99,24.99,30.98
1105,2024-01-15 12:48:06,Regular,4,Trail Beef Jerky,Cowboy_Food,1,5.99,5.99,30.98
1106,2024-01-15 15:27:54,Regular,3,Smoky BBQ Sauce,Cowboy_Food,1,4.49,4.49,10.98
1106,2024-01-15 15:27:54,Regular,7,Prairie Honey,Cowboy_Food,1,6.49,6.49,10.98
1107,2024-01-15 16:01:21,Casual,15,Fence Wire (50ft),Ranch_Supplies,1,12.99,12.99,168.93
1107,2024-01-15 16:01:21,Casual,20,Cowboy Boots,Western_Apparel,1,89.99,89.99,168.93
1107,2024-01-15 16:01:21,Casual,9,Dried Apple Slices,Cowboy_Food,1,4.99,4.99,168.93
1107,2024-01-15 16:01:21,Casual,1,Chuckwagon Beans,Cowboy_Food,2,2.99,5.98,168.93
1107,2024-01-15 16:01:21,Casual,19,Cowboy Hat,Western_Apparel,1,34.99,34.99,168.93
1107,2024-01-15 16:01:21,Casual,12,Horse Feed Sack,Ranch_Supplies,1,19.99,19.99,168.93
1108,2024-01-15 13:38:13,Regular,14,Work Gloves,Ranch_Supplies,1,6.99,6.99,13.48
1108,2024-01-15 13:38:13,Regular,7,Prairie Honey,Cowboy_Food,1,6.49,6.49,13.48
1109,2024-01-15 16:04:29,Casual,15,Fence Wire (50ft),Ranch_Supplies,1,12.99,12.99,76.47
1109,2024-01-15 16:04:29,Casual,28,Leather Saddlebag,Leather_Goods,1,59.99,59.99,76.47
1109,2024-01-15 16:04:29,Casual,5,Cornbread Mix,Cowboy_Food,1,3.49,3.49,76.47
1110,2024-01-15 14:44:57,Regular,1,Chuckwagon Beans,Cowboy_Food,1,2.99,2.99,22.98
1110,2024-01-15 14:44:57,Regular,12,Horse Feed Sack,Ranch_Supplies,1,19.99,19.99,22.98
1111,2024-01-15 17:34:49,Bulk,10,Smoked Sausage Links,Cowboy_Food,3,8.99,26.97,122.9
1111,2024-01-15 17:34:49,Bulk,30,Leather Journal,Leather_Goods,1,14.99,14.99,122.9
1111,2024-01-15 17:34:49,Bulk,9,Dried Apple Slices,Cowboy_Food,1,4.99,4.99,122.9
1111,2024-01-15 17:34:49,Bulk,25,Riding Spurs,Rodeo_Gear,1,22.99,22.99,122.9
1111,2024-01-15 17:34:49,Bulk,3,Smoky BBQ Sauce,Cowboy_Food,1,4.49,4.49,122.9
1111,2024-01-15 17:34:49,Bulk,13,Saddle Oil,Ranch_Supplies,1,9.99,9.99,122.9
1111,2024-01-15 17:34:49,Bulk,5,Cornbread Mix,Cowboy_Food,1,3.49,3.49,122.9
1111,2024-01-15 17:34:49,Bulk,19,Cowboy Hat,Western_Apparel,1,34.99,34.99,122.9
1112,2024-01-15 16:37:05,Bulk,30,Leather Journal,Leather_Goods,1,14.99,14.99,313.8
1112,2024-01-15 16:37:05,Bulk,2,Campfire Chili,Cowboy_Food,1,3.99,3.99,313.8
1112,2024-01-15 16:37:05,Bulk,7,Prairie Honey,Cowboy_Food,2,6.49,12.98,313.8
1112,2024-01-15 16:37:05,Bulk,11,Lasso Rope,Ranch_Supplies,2,14.99,29.98,313.8
1112,2024-01-15 16:37:05,Bulk,17,Stock Tank Float,Ranch_Supplies,1,8.49,8.49,313.8
1112,2024-01-15 16:37:05,Bulk,16,Hay Bale Twine,Ranch_Supplies,3,5.99,17.97,313.8
1112,2024-01-15 16:37:05,Bulk,27,Bull Rope Rosin,Rodeo_Gear,1,7.49,7.49,313.8
1112,2024-01-15 16:37:05,Bulk,24,Denim Vest,Western_Apparel,1,39.99,39.99,313.8
1112,2024-01-15 16:37:05,Bulk,14,Work Gloves,Ranch_Supplies,1,6.99,6.99,313.8
1112,2024-01-15 16:37:05,Bulk,8,Hardtack Biscuits,Cowboy_Food,2,2.49,4.98,313.8
1112,2024-01-15 16:37:05,Bulk,22,Flannel Shirt,Western_Apparel,2,29.99,59.98,313.8
1112,2024-01-15 16:37:05,Bulk,13,Saddle Oil,Ranch_Supplies,1,9.99,9.99,313.8
1112,2024-01-15 16:37:05,Bulk,4,Trail Beef Jerky,Cowboy_Food,1,5.99,5.99,313.8
1112,2024-01-15 16:37:05,Bulk,20,Cowboy Boots,Western_Apparel,1,89.99,89.99,313.8
1113,2024-01-15 10:55:41,Casual,30,Leather Journal,Leather_Goods,1,14.99,14.99,56.95
1113,2024-01-15 10:55:41,Casual,21,Red Bandana,Western_Apparel,2,4.99,9.98,56.95
1113,2024-01-15 10:55:41,Casual,18,Branding Iron,Ranch_Supplies,1,24.99,24.99,56.95
1113,2024-01-15 10:55:41,Casual,14,Work Gloves,Ranch_Supplies,1,6.99,6.99,56.95
1114,2024-01-15 17:04:39,Casual,1,Chuckwagon Beans,Cowboy_Food,1,2.99,2.99,32.98
1114,2024-01-15 17:04:39,Casual,22,Flannel Shirt,Western_Apparel,1,29.99,29.99,32.98
1115,2024-01-15 13:05:53,Bulk,8,Hardtack Biscuits,Cowboy_Food,1,2.49,2.49,106.43
1115,2024-01-15 13:05:53,Bulk,27,Bull Rope Rosin,Rodeo_Gear,1,7.49,7.49,106.43
1115,2024-01-15 13:05:53,Bulk,6,Campfire Coffee,Cowboy_Food,1,7.99,7.99,106.43
1115,2024-01-15 13:05:53,Bulk,24,Denim Vest,Western_Apparel,1,39.99,39.99,106.43
1115,2024-01-15 13:05:53,Bulk,5,Cornbread Mix,Cowboy_Food,1,3.49,3.49,106.43
1115,2024-01-15 13:05:53,Bulk,19,Cowboy Hat,Western_Apparel,1,34.99,34.99,106.43
1115,2024-01-15 13:05:53,Bulk,13,Saddle Oil,Ranch_Supplies,1,9.99,9.99,106.43
1116,2024-01-15 18:02:57,Regular,7,Prairie Honey,Cowboy_Food,2,6.49,12.98,188.39
1116,2024-01-15 18:02:57,Regular,27,Bull Rope Rosin,Rodeo_Gear,1,7.49,7.49,188.39
1116,2024-01-15 18:02:57,Regular,4,Trail Beef Jerky,Cowboy_Food,1,5.99,5.99,188.39
1116,2024-01-15 18:02:57,Regular,2,Campfire Chili,Cowboy_Food,1,3.99,3.99,188.39
1116,2024-01-15 18:02:57,Regular,9,Dried Apple Slices,Cowboy_Food,1,4.99,4.99,188.39
1116,2024-01-15 18:02:57,Regular,22,Flannel Shirt,Western_Apparel,1,29.99,29.99,188.39
1116,2024-01-15 18:02:57,Regular,20,Cowboy Boots,Western_Apparel,1,89.99,89.99,188.39
1116,2024-01-15 18:02:57,Regular,30,Leather Journal,Leather_Goods,1,14.99,14.99,188.39
1116,2024-01-15 18:02:57,Regular,10,Smoked Sausage Links,Cowboy_Food,2,8.99,17.98,188.39
1117,2024-01-15 15:59:44,Regular,24,Denim Vest,Western_Apparel,2,39.99,79.98,178.93
1117,2024-01-15 15:59:44,Regular,16,Hay Bale Twine,Ranch_Supplies,1,5.99,5.99,178.93
1117,2024-01-15 15:59:44,Regular,6,Campfire Coffee,Cowboy_Food,1,7.99,7.99,178.93
1117,2024-01-15 15:59:44,Regular,29,Leather Wallet,Leather_Goods,2,24.99,49.98,178.93
1117,2024-01-15 15:59:44,Regular,19,Cowboy Hat,Western_Apparel,1,34.99,34.99,178.93
1118,2024-01-15 09:54:39,Bulk,2,Campfire Chili,Cowboy_Food,1,3.99,3.99,237.35
1118,2024-01-15 09:54:39,Bulk,16,Hay Bale Twine,Ranch_Supplies,1,5.99,5.99,237.35
1118,2024-01-15 09:54:39,Bulk,20,Cowboy Boots,Western_Apparel,1,89.99,89.99,237.35
1118,2024-01-15 09:54:39,Bulk,3,Smoky BBQ Sauce,Cowboy_Food,1,4.49,4.49,237.35
1118,2024-01-15 09:54:39,Bulk,7,Prairie Honey,Cowboy_Food,2,6.49,12.98,237.35
1118,2024-01-15 09:54:39,Bulk,21,Red Bandana,Western_Apparel,2,4.99,9.98,237.35
1118,2024-01-15 09:54:39,Bulk,23,Leather Belt,Western_Apparel,2,19.99,39.98,237.35
1118,2024-01-15 09:54:39,Bulk,30,Leather Journal,Leather_Goods,1,14.99,14.99,237.35
1118,2024-01-15 09:54:39,Bulk,25,Riding Spurs,Rodeo_Gear,1,22.99,22.99,237.35
1118,2024-01-15 09:54:39,Bulk,4,Trail Beef Jerky,Cowboy_Food,2,5.99,11.98,237.35
1118,2024-01-15 09:54:39,Bulk,12,Horse Feed Sack,Ranch_Supplies,1,19.99,19.99,237.35
1119,2024-01-15 16:42:21,Regular,9,Dried Apple Slices,Cowboy_Food,1,4.99,4.99,64.46
1119,2024-01-15 16:42:21,Regular,22,Flannel Shirt,Western_Apparel,1,29.99,29.99,64.46
1119,2024-01-15 16:42:21,Regular,3,Smoky BBQ Sauce,Cowboy_Food,1,4.49,4.49,64.46
1119,2024-01-15 16:42:21,Regular,18,Branding Iron,Ranch_Supplies,1,24.99,24.99,64.46
1120,2024-01-15 11:05:53,Regular,14,Work Gloves,Ranch_Supplies,1,6.99,6.99,33.93
1120,2024-01-15 11:05:53,Regular,5,Cornbread Mix,Cowboy_Food,1,3.49,3.49,33.93
1120,2024-01-15 11:05:53,Regular,3,Smoky BBQ Sauce,Cowboy_Food,1,4.49,4.49,33.93
1120,2024-01-15 11:05:53,Regular,2,Campfire Chili,Cowboy_Food,1,3.99,3.99,33.93
1120,2024-01-15 11:05:53,Regular,1,Chuckwagon Beans,Cowboy_Food,1,2.99,2.99,33.93
1120,2024-01-15 11:05:53,Regular,16,Hay Bale Twine,Ranch_Supplies,1,5.99,5.99,33.93
1120,2024-01-15 11:05:53,Regular,4,Trail Beef Jerky,Cowboy_Food,1,5.99,5.99,33.93
1121,2024-01-15 17:34:56,Tourist,3,Smoky BBQ Sauce,Cowboy_Food,1,4.49,4.49,42.95
1121,2024-01-15 17:34:56,Tourist,30,Leather Journal,Leather_Goods,1,14.99,14.99,42.95
1121,2024-01-15 17:34:56,Tourist,14,Work Gloves,Ranch_Supplies,1,6.99,6.99,42.95
1121,2024-01-15 17:34:56,Tourist,10,Smoked Sausage Links,Cowboy_Food,1,8.99,8.99,42.95
1121,2024-01-15 17:34:56,Tourist,27,Bull Rope Rosin,Rodeo_Gear,1,7.49,7.49,42.95
1122,2024-01-15 18:10:59,Regular,14,Work Gloves,Ranch_Supplies,1,6.99,6.99,49.97
1122,2024-01-15 18:10:59,Regular,6,Campfire Coffee,Cowboy_Food,1,7.99,7.99,49.97
1122,2024-01-15 18:10:59,Regular,19,Cowboy Hat,Western_Apparel,1,34.99,34.99,49.97
1123,2024-01-15 16:30:57,Regular,15,Fence Wire (50ft),Ranch_Supplies,1,12.99,12.99,22.47
1123,2024-01-15 16:30:57,Regular,7,Prairie Honey,Cowboy_Food,1,6.49,6.49,22.47
1123,2024-01-15 16:30:57,Regular,1,Chuckwagon Beans,Cowboy_Food,1,2.99,2.99,22.47
1124,2024-01-15 15:34:38,Tourist,14,Work Gloves,Ranch_Supplies,1,6.99,6.99,6.99
1125,2024-01-15 15:59:57,Bulk,19,Cowboy Hat,Western_Apparel,1,34.99,34.99,50.96
1125,2024-01-15 15:59:57,Bulk,21,Red Bandana,Western_Apparel,2,4.99,9.98,50.96
1125,2024-01-15 15:59:57,Bulk,4,Trail Beef Jerky,Cowboy_Food,1,5.99,5.99,50.96
1126,2024-01-15 14:40:46,Casual,3,Smoky BBQ Sauce,Cowboy_Food,1,4.49,4.49,4.49
1127,2024-01-15 10:39:14,Regular,24,Denim Vest,Western_Apparel,1,39.99,39.99,57.97
1127,2024-01-15 10:39:14,Regular,30,Leather Journal,Leather_Goods,1,14.99,14.99,57.97
1127,2024-01-15 10:39:14,Regular,1,Chuckwagon Beans,Cowboy_Food,1,2.99,2.99,57.97
1128,2024-01-15 17:59:01,Regular,14,Work Gloves,Ranch_Supplies,1,6.99,6.99,24.46
1128,2024-01-15 17:59:01,Regular,10,Smoked Sausage Links,Cowboy_Food,1,8.99,8.99,24.46
1128,2024-01-15 17:59:01,Regular,9,Dried Apple Slices,Cowboy_Food,1,4.99,4.99,24.46
1128,2024-01-15 17:59:01,Regular,5,Cornbread Mix,Cowboy_Food,1,3.49,3.49,24.46
1129,2024-01-15 12:57:58,Bulk,4,Trail Beef Jerky,Cowboy_Food,1,5.99,5.99,121.4
1129,2024-01-15 12:57:58,Bulk,3,Smoky BBQ Sauce,Cowboy_Food,2,4.49,8.98,121.4
1129,2024-01-15 12:57:58,Bulk,19,Cowboy Hat,Western_Apparel,1,34.99,34.99,121.4
1129,2024-01-15 12:57:58,Bulk,29,Leather Wallet,Leather_Goods,1,24.99,24.99,121.4
1129,2024-01-15 12:57:58,Bulk,8,Hardtack Biscuits,Cowboy_Food,1,2.49,2.49,121.4
1129,2024-01-15 12:57:58,Bulk,1,Chuckwagon Beans,Cowboy_Food,1,2.99,2.99,121.4
1129,2024-01-15 12:57:58,Bulk,25,Riding Spurs,Rodeo_Gear,1,22.99,22.99,121.4
1129,2024-01-15 12:57:58,Bulk,10,Smoked Sausage Links,Cowboy_Food,2,8.99,17.98,121.4
1130,2024-01-15 12:43:25,Regular,20,Cowboy Boots,Western_Apparel,1,89.99,89.99,155.89
1130,2024-01-15 12:43:25,Regular,7,Prairie Honey,Cowboy_Food,1,6.49,6.49,155.89
1130,2024-01-15 12:43:25,Regular,15,Fence Wire (50ft),Ranch_Supplies,1,12.99,12.99,155.89
1130,2024-01-15 12:43:25,Regular,3,Smoky BBQ Sauce,Cowboy_Food,1,4.49,4.49,155.89
1130,2024-01-15 12:43:25,Regular,1,Chuckwagon Beans,Cowboy_Food,3,2.99,8.97,155.89
1130,2024-01-15 12:43:25,Regular,4,Trail Beef Jerky,Cowboy_Food,2,5.99,11.98,155.89
1130,2024-01-15 12:43:25,Regular,16,Hay Bale Twine,Ranch_Supplies,1,5.99,5.99,155.89
1130,2024-01-15 12:43:25,Regular,11,Lasso Rope,Ranch_Supplies,1,14.99,14.99,155.89
1131,2024-01-15 11:35:52,Casual,14,Work Gloves,Ranch_Supplies,1,6.99,6.99,140.96
1131,2024-01-15 11:35:52,Casual,20,Cowboy Boots,Western_Apparel,1,89.99,89.99,140.96
1131,2024-01-15 11:35:52,Casual,19,Cowboy Hat,Western_Apparel,1,34.99,34.99,140.96
1131,2024-01-15 11:35:52,Casual,10,Smoked Sausage Links,Cowboy_Food,1,8.99,8.99,140.96
1132,2024-01-15 18:49:17,Regular,24,Denim Vest,Western_Apparel,1,39.99,39.99,71.46
1132,2024-01-15 18:49:17,Regular,14,Work Gloves,Ranch_Supplies,1,6.99,6.99,71.46
1132,2024-01-15 18:49:17,Regular,3,Smoky BBQ Sauce,Cowboy_Food,1,4.49,4.49,71.46
1132,2024-01-15 18:49:17,Regular,23,Leather Belt,Western_Apparel,1,19.99,19.99,71.46
1133,2024-01-15 18:07:21,Regular,14,Work Gloves,Ranch_Supplies,1,6.99,6.99,166.45
1133,2024-01-15 18:07:21,Regular,20,Cowboy Boots,Western_Apparel,1,89.99,89.99,166.45
1133,2024-01-15 18:07:21,Regular,3,Smoky BBQ Sauce,Cowboy_Food,1,4.49,4.49,166.45
1133,2024-01-15 18:07:21,Regular,22,Flannel Shirt,Western_Apparel,1,29.99,29.99,166.45
1133,2024-01-15 18:07:21,Regular,19,Cowboy Hat,Western_Apparel,1,34.99,34.99,166.45
1134,2024-01-15 13:17:49,Regular,23,Leather Belt,Western_Apparel,3,19.99,59.97,229.85
1134,2024-01-15 13:17:49,Regular,29,Leather Wallet,Leather_Goods,1,24.99,24.99,229.85
1134,2024-01-15 13:17:49,Regular,7,Prairie Honey,Cowboy_Food,1,6.49,6.49,229.85
1134,2024-01-15 13:17:49,Regular,14,Work Gloves,Ranch_Supplies,1,6.99,6.99,229.85
1134,2024-01-15 13:17:49,Regular,21,Red Bandana,Western_Apparel,1,4.99,4.99,229.85
1134,2024-01-15 13:17:49,Regular,4,Trail Beef Jerky,Cowboy_Food,2,5.99,11.98,229.85
1134,2024-01-15 13:17:49,Regular,17,Stock Tank Float,Ranch_Supplies,1,8.49,8.49,229.85
1134,2024-01-15 13:17:49,Regular,26,Rodeo Rope,Rodeo_Gear,1,18.99,18.99,229.85
1134,2024-01-15 13:17:49,Regular,12,Horse Feed Sack,Ranch_Supplies,1,19.99,19.99,229.85
1134,2024-01-15 13:17:49,Regular,5,Cornbread Mix,Cowboy_Food,2,3.49,6.98,229.85
1134,2024-01-15 13:17:49,Regular,28,Leather Saddlebag,Leather_Goods,1,59.99,59.99,229.85
1135,2024-01-15 12:10:31,Regular,12,Horse Feed Sack,Ranch_Supplies,1,19.99,19.99,34.97
1135,2024-01-15 12:10:31,Regular,9,Dried Apple Slices,Cowboy_Food,1,4.99,4.99,34.97
1135,2024-01-15 12:10:31,Regular,13,Saddle Oil,Ranch_Supplies,1,9.99,9.99,34.97
1136,2024-01-15 17:06:40,Regular,4,Trail Beef Jerky,Cowboy_Food,1,5.99,5.99,69.45
1136,2024-01-15 17:06:40,Regular,15,Fence Wire (50ft),Ranch_Supplies,1,12.99,12.99,69.45
1136,2024-01-15 17:06:40,Regular,7,Prairie Honey,Cowboy_Food,1,6.49,6.49,69.45
1136,2024-01-15 17:06:40,Regular,19,Cowboy Hat,Western_Apparel,1,34.99,34.99,69.45
1136,2024-01-15 17:06:40,Regular,10,Smoked Sausage Links,Cowboy_Food,1,8.99,8.99,69.45
1137,2024-01-15 14:35:19,Casual,26,Rodeo Rope,Rodeo_Gear,1,18.99,18.99,118.44
1137,2024-01-15 14:35:19,Casual,24,Denim Vest,Western_Apparel,1,39.99,39.99,118.44
1137,2024-01-15 14:35:19,Casual,3,Smoky BBQ Sauce,Cowboy_Food,1,4.49,4.49,118.44
1137,2024-01-15 14:35:19,Casual,15,Fence Wire (50ft),Ranch_Supplies,1,12.99,12.99,118.44
1137,2024-01-15 14:35:19,Casual,19,Cowboy Hat,Western_Apparel,1,34.99,34.99,118.44
1137,2024-01-15 14:35:19,Casual,14,Work Gloves,Ranch_Supplies,1,6.99,6.99,118.44
1138,2024-01-16 16:31:36,Bulk,22,Flannel Shirt,Western_Apparel,1,29.99,29.99,196.4
1138,2024-01-16 16:31:36,Bulk,23,Leather Belt,Western_Apparel,1,19.99,19.99,196.4
1138,2024-01-16 16:31:36,Bulk,30,Leather Journal,Leather_Goods,1,14.99,14.99,196.4
1138,2024-01-16 16:31:36,Bulk,28,Leather Saddlebag,Leather_Goods,1,59.99,59.99,196.4
1138,2024-01-16 16:31:36,Bulk,12,Horse Feed Sack,Ranch_Supplies,1,19.99,19.99,196.4
1138,2024-01-16 16:31:36,Bulk,4,Trail Beef Jerky,Cowboy_Food,1,5.99,5.99,196.4
1138,2024-01-16 16:31:36,Bulk,1,Chuckwagon Beans,Cowboy_Food,1,2.99,2.99,196.4
1138,2024-01-16 16:31:36,Bulk,15,Fence Wire (50ft),Ranch_Supplies,1,12.99,12.99,196.4
1138,2024-01-16 16:31:36,Bulk,25,Riding Spurs,Rodeo_Gear,1,22.99,22.99,196.4
1138,2024-01-16 16:31:36,Bulk,7,Prairie Honey,Cowboy_Food,1,6.49,6.49,196.4
1139,2024-01-16 18:23:10,Regular,1,Chuckwagon Beans,Cowboy_Food,1,2.99,2.99,230.89
1139,2024-01-16 18:23:10,Regular,3,Smoky BBQ Sauce,Cowboy_Food,1,4.49,4.49,230.89
1139,2024-01-16 18:23:10,Regular,4,Trail Beef Jerky,Cowboy_Food,2,5.99,11.98,230.89
1139,2024-01-16 18:23:10,Regular,20,Cowboy Boots,Western_Apparel,1,89.99,89.99,230.89
1139,2024-01-16 18:23:10,Regular,24,Denim Vest,Western_Apparel,1,39.99,39.99,230.89
1139,2024-01-16 18:23:10,Regular,22,Flannel Shirt,Western_Apparel,1,29.99,29.99,230.89
1139,2024-01-16 18:23:10,Regular,21,Red Bandana,Western_Apparel,1,4.99,4.99,230.89
1139,2024-01-16 18:23:10,Regular,30,Leather Journal,Leather_Goods,1,14.99,14.99,230.89
1139,2024-01-16 18:23:10,Regular,29,Leather Wallet,Leather_Goods,1,24.99,24.99,230.89
1139,2024-01-16 18:23:10,Regular,7,Prairie Honey,Cowboy_Food,1,6.49,6.49,230.89
1140,2024-01-16 17:21:25,Bulk,30,Leather Journal,Leather_Goods,2,14.99,29.98,228.88
1140,2024-01-16 17:21:25,Bulk,29,Leather Wallet,Leather_Goods,1,24.99,24.99,228.88
1140,2024-01-16 17:21:25,Bulk,25,Riding Spurs,Rodeo_Gear,2,22.99,45.98,228.88
1140,2024-01-16 17:21:25,Bulk,27,Bull Rope Rosin,Rodeo_Gear,1,7.49,7.49,228.88
1140,2024-01-16 17:21:25,Bulk,11,Lasso Rope,Ranch_Supplies,1,14.99,14.99,228.88
1140,2024-01-16 17:21:25,Bulk,6,Campfire Coffee,Cowboy_Food,1,7.99,7.99,228.88
1140,2024-01-16 17:21:25,Bulk,5,Cornbread Mix,Cowboy_Food,1,3.49,3.49,228.88
1140,2024-01-16 17:21:25,Bulk,26,Rodeo Rope,Rodeo_Gear,1,18.99,18.99,228.88
1140,2024-01-16 17:21:25,Bulk,24,Denim Vest,Western_Apparel,1,39.99,39.99,228.88
1140,2024-01-16 17:21:25,Bulk,19,Cowboy Hat,Western_Apparel,1,34.99,34.99,228.88
1141,2024-01-16 17:10:08,Regular,26,Rodeo Rope,Rodeo_Gear,1,18.99,18.99,81.94
1141,2024-01-16 17:10:08,Regular,18,Branding Iron,Ranch_Supplies,1,24.99,24.99,81.94
1141,2024-01-16 17:10:08,Regular,21,Red Bandana,Western_Apparel,1,4.99,4.99,81.94
1141,2024-01-16 17:10:08,Regular,11,Lasso Rope,Ranch_Supplies,2,14.99,29.98,81.94
1141,2024-01-16 17:10:08,Regular,1,Chuckwagon Beans,Cowboy_Food,1,2.99,2.99,81.94
1142,2024-01-16 16:39:29,Casual,30,Leather Journal,Leather_Goods,1,14.99,14.99,23.97
1142,2024-01-16 16:39:29,Casual,4,Trail Beef Jerky,Cowboy_Food,1,5.99,5.99,23.97
1142,2024-01-16 16:39:29,Casual,1,Chuckwagon Beans,Cowboy_Food,1,2.99,2.99,23.97
1143,2024-01-16 16:14:57,Casual,4,Trail Beef Jerky,Cowboy_Food,1,5.99,5.99,5.99
1144,2024-01-16 17:38:27,Regular,13,Saddle Oil,Ranch_Supplies,1,9.99,9.99,15.98
1144,2024-01-16 17:38:27,Regular,16,Hay Bale Twine,Ranch_Supplies,1,5.99,5.99,15.98
1145,2024-01-16 16:03:44,Bulk,20,Cowboy Boots,Western_Apparel,1,89.99,89.99,212.38
1145,2024-01-16 16:03:44,Bulk,7,Prairie Honey,Cowboy_Food,1,6.49,6.49,212.38
1145,2024-01-16 16:03:44,Bulk,1,Chuckwagon Beans,Cowboy_Food,1,2.99,2.99,212.38
1145,2024-01-16 16:03:44,Bulk,29,Leather Wallet,Leather_Goods,2,24.99,49.98,212.38
1145,2024-01-16 16:03:44,Bulk,22,Flannel Shirt,Western_Apparel,1,29.99,29.99,212.38
1145,2024-01-16 16:03:44,Bulk,5,Cornbread Mix,Cowboy_Food,2,3.49,6.98,212.38
1145,2024-01-16 16:03:44,Bulk,16,Hay Bale Twine,Ranch_Supplies,1,5.99,5.99,212.38
1145,2024-01-16 16:03:44,Bulk,17,Stock Tank Float,Ranch_Supplies,1,8.49,8.49,212.38
1145,2024-01-16 16:03:44,Bulk,3,Smoky BBQ Sauce,Cowboy_Food,1,4.49,4.49,212.38
1145,2024-01-16 16:03:44,Bulk,14,Work Gloves,Ranch_Supplies,1,6.99,6.99,212.38
1146,2024-01-16 10:34:26,Regular,2,Campfire Chili,Cowboy_Food,1,3.99,3.99,24.97
1146,2024-01-16 10:34:26,Regular,4,Trail Beef Jerky,Cowboy_Food,1,5.99,5.99,24.97
1146,2024-01-16 10:34:26,Regular,30,Leather Journal,Leather_Goods,1,14.99,14.99,24.97
1147,2024-01-16 15:52:54,Regular,1,Chuckwagon Beans,Cowboy_Food,2,2.99,5.98,94.44
1147,2024-01-16 15:52:54,Regular,2,Campfire Chili,Cowboy_Food,1,3.99,3.99,94.44
1147,2024-01-16 15:52:54,Regular,23,Leather Belt,Western_Apparel,1,19.99,19.99,94.44
1147,2024-01-16 15:52:54,Regular,3,Smoky BBQ Sauce,Cowboy_Food,1,4.49,4.49,94.44
1147,2024-01-16 15:52:54,Regular,28,Leather Saddlebag,Leather_Goods,1,59.99,59.99,94.44
1148,2024-01-16 10:51:12,Casual,16,Hay Bale Twine,Ranch_Supplies,1,5.99,5.99,27.97
1148,2024-01-16 10:51:12,Casual,15,Fence Wire (50ft),Ranch_Supplies,1,12.99,12.99,27.97
1148,2024-01-16 10:51:12,Casual,10,Smoked Sausage Links,Cowboy_Food,1,8.99,8.99,27.97
1149,2024-01-16 18:11:50,Regular,21,Red Bandana,Western_Apparel,1,4.99,4.99,14.98
1149,2024-01-16 18:11:50,Regular,13,Saddle Oil,Ranch_Supplies,1,9.99,9.99,14.98
1150,2024-01-16 16:14:43,Regular,20,Cowboy Boots,Western_Apparel,1,89.99,89.99,89.99
1151,2024-01-16 15:42:53,Regular,14,Work Gloves,Ranch_Supplies,1,6.99,6.99,99.47
1151,2024-01-16 15:42:53,Regular,8,Hardtack Biscuits,Cowboy_Food,1,2.49,2.49,99.47
1151,2024-01-16 15:42:53,Regular,20,Cowboy Boots,Western_Apparel,1,89.99,89.99,99.47
1152,2024-01-16 11:38:07,Bulk,24,Denim Vest,Western_Apparel,1,39.99,39.99,77.93
1152,2024-01-16 11:38:07,Bulk,16,Hay Bale Twine,Ranch_Supplies,1,5.99,5.99,77.93
1152,2024-01-16 11:38:07,Bulk,26,Rodeo Rope,Rodeo_Gear,1,18.99,18.99,77.93
1152,2024-01-16 11:38:07,Bulk,8,Hardtack Biscuits,Cowboy_Food,2,2.49,4.98,77.93
1152,2024-01-16 11:38:07,Bulk,9,Dried Apple Slices,Cowboy_Food,1,4.99,4.99,77.93
1152,2024-01-16 11:38:07,Bulk,1,Chuckwagon Beans,Cowboy_Food,1,2.99,2.99,77.93
1153,2024-01-16 15:27:53,Casual,1,Chuckwagon Beans,Cowboy_Food,1,2.99,2.99,2.99
1154,2024-01-16 13:10:54,Regular,23,Leather Belt,Western_Apparel,1,19.99,19.99,116.45
1154,2024-01-16 13:10:54,Regular,10,Smoked Sausage Links,Cowboy_Food,1,8.99,8.99,116.45
1154,2024-01-16 13:10:54,Regular,12,Horse Feed Sack,Ranch_Supplies,1,19.99,19.99,116.45
1154,2024-01-16 13:10:54,Regular,28,Leather Saddlebag,Leather_Goods,1,59.99,59.99,116.45
1154,2024-01-16 13:10:54,Regular,27,Bull Rope Rosin,Rodeo_Gear,1,7.49,7.49,116.45
1155,2024-01-16 16:23:17,Regular,28,Leather Saddlebag,Leather_Goods,1,59.99,59.99,88.46
1155,2024-01-16 16:23:17,Regular,21,Red Bandana,Western_Apparel,1,4.99,4.99,88.46
1155,2024-01-16 16:23:17,Regular,3,Smoky BBQ Sauce,Cowboy_Food,1,4.49,4.49,88.46
1155,2024-01-16 16:23:17,Regular,26,Rodeo Rope,Rodeo_Gear,1,18.99,18.99,88.46
1156,2024-01-16 16:00:37,Regular,12,Horse Feed Sack,Ranch_Supplies,2,19.99,39.98,161.89
1156,2024-01-16 16:00:37,Regular,17,Stock Tank Float,Ranch_Supplies,1,8.49,8.49,161.89
1156,2024-01-16 16:00:37,Regular,15,Fence Wire (50ft),Ranch_Supplies,1,12.99,12.99,161.89
1156,2024-01-16 16:00:37,Regular,21,Red Bandana,Western_Apparel,1,4.99,4.99,161.89
1156,2024-01-16 16:00:37,Regular,2,Campfire Chili,Cowboy_Food,2,3.99,7.98,161.89
1156,2024-01-16 16:00:37,Regular,23,Leather Belt,Western_Apparel,1,19.99,19.99,161.89
1156,2024-01-16 16:00:37,Regular,8,Hardtack Biscuits,Cowboy_Food,1,2.49,2.49,161.89
1156,2024-01-16 16:00:37,Regular,24,Denim Vest,Western_Apparel,1,39.99,39.99,161.89
1156,2024-01-16 16:00:37,Regular,29,Leather Wallet,Leather_Goods,1,24.99,24.99,161.89
1157,2024-01-16 15:19:35,Regular,3,Smoky BBQ Sauce,Cowboy_Food,2,4.49,8.98,201.42
1157,2024-01-16 15:19:35,Regular,28,Leather Saddlebag,Leather_Goods,2,59.99,119.98,201.42
1157,2024-01-16 15:19:35,Regular,4,Trail Beef Jerky,Cowboy_Food,1,5.99,5.99,201.42
1157,2024-01-16 15:19:35,Regular,29,Leather Wallet,Leather_Goods,1,24.99,24.99,201.42
1157,2024-01-16 15:19:35,Regular,7,Prairie Honey,Cowboy_Food,1,6.49,6.49,201.42
1157,2024-01-16 15:19:35,Regular,19,Cowboy Hat,Western_Apparel,1,34.99,34.99,201.42
1158,2024-01-16 12:06:02,Regular,20,Cowboy Boots,Western_Apparel,1,89.99,89.99,206.95
1158,2024-01-16 12:06:02,Regular,28,Leather Saddlebag,Leather_Goods,1,59.99,59.99,206.95
1158,2024-01-16 12:06:02,Regular,24,Denim Vest,Western_Apparel,1,39.99,39.99,206.95
1158,2024-01-16 12:06:02,Regular,10,Smoked Sausage Links,Cowboy_Food,1,8.99,8.99,206.95
1158,2024-01-16 12:06:02,Regular,6,Campfire Coffee,Cowboy_Food,1,7.99,7.99,206.95
1159,2024-01-16 15:31:31,Casual,28,Leather Saddlebag,Leather_Goods,1,59.99,59.99,168.44
1159,2024-01-16 15:31:31,Casual,29,Leather Wallet,Leather_Goods,1,24.99,24.99,168.44
1159,2024-01-16 15:31:31,Casual,17,Stock Tank Float,Ranch_Supplies,1,8.49,8.49,168.44
1159,2024-01-16 15:31:31,Casual,23,Leather Belt,Western_Apparel,1,19.99,19.99,168.44
1159,2024-01-16 15:31:31,Casual,19,Cowboy Hat,Western_Apparel,1,34.99,34.99,168.44
1159,2024-01-16 15:31:31,Casual,12,Horse Feed Sack,Ranch_Supplies,1,19.99,19.99,168.44
1160,2024-01-16 15:01:39,Bulk,6,Campfire Coffee,Cowboy_Food,1,7.99,7.99,265.33
1160,2024-01-16 15:01:39,Bulk,21,Red Bandana,Western_Apparel,3,4.99,14.97,265.33
1160,2024-01-16 15:01:39,Bulk,4,Trail Beef Jerky,Cowboy_Food,1,5.99,5.99,265.33
1160,2024-01-16 15:01:39,Bulk,20,Cowboy Boots,Western_Apparel,1,89.99,89.99,265.33
1160,2024-01-16 15:01:39,Bulk,10,Smoked Sausage Links,Cowboy_Food,3,8.99,26.97,265.33
1160,2024-01-16 15:01:39,Bulk,7,Prairie Honey,Cowboy_Food,1,6.49,6.49,265.33
1160,2024-01-16 15:01:39,Bulk,18,Branding Iron,Ranch_Supplies,1,24.99,24.99,265.33
1160,2024-01-16 15:01:39,Bulk,22,Flannel Shirt,Western_Apparel,1,29.99,29.99,265.33
1160,2024-01-16 15:01:39,Bulk,25,Riding Spurs,Rodeo_Gear,2,22.99,45.98,265.33
1160,2024-01-16 15:01:39,Bulk,1,Chuckwagon Beans,Cowboy_Food,1,2.99,2.99,265.33
1160,2024-01-16 15:01:39,Bulk,9,Dried Apple Slices,Cowboy_Food,1,4.99,4.99,265.33
1160,2024-01-16 15:01:39,Bulk,2,Campfire Chili,Cowboy_Food,1,3.99,3.99,265.33
1161,2024-01-16 17:23:12,Regular,19,Cowboy Hat,Western_Apparel,1,34.99,34.99,50.96
1161,2024-01-16 17:23:12,Regular,14,Work Gloves,Ranch_Supplies,1,6.99,6.99,50.96
1161,2024-01-16 17:23:12,Regular,7,Prairie Honey,Cowboy_Food,1,6.49,6.49,50.96
1161,2024-01-16 17:23:12,Regular,8,Hardtack Biscuits,Cowboy_Food,1,2.49,2.49,50.96
1162,2024-01-16 17:41:21,Bulk,19,Cowboy Hat,Western_Apparel,1,34.99,34.99,75.44
1162,2024-01-16 17:41:21,Bulk,4,Trail Beef Jerky,Cowboy_Food,1,5.99,5.99,75.44
1162,2024-01-16 17:41:21,Bulk,5,Cornbread Mix,Cowboy_Food,1,3.49,3.49,75.44
1162,2024-01-16 17:41:21,Bulk,26,Rodeo Rope,Rodeo_Gear,1,18.99,18.99,75.44
1162,2024-01-16 17:41:21,Bulk,27,Bull Rope Rosin,Rodeo_Gear,1,7.49,7.49,75.44
1162,2024-01-16 17:41:21,Bulk,3,Smoky BBQ Sauce,Cowboy_Food,1,4.49,4.49,75.44
1163,2024-01-16 16:50:35,Casual,9,Dried Apple Slices,Cowboy_Food,1,4.99,4.99,69.46
1163,2024-01-16 16:50:35,Casual,24,Denim Vest,Western_Apparel,1,39.99,39.99,69.46
1163,2024-01-16 16:50:35,Casual,3,Smoky BBQ Sauce,Cowboy_Food,1,4.49,4.49,69.46
1163,2024-01-16 16:50:35,Casual,12,Horse Feed Sack,Ranch_Supplies,1,19.99,19.99,69.46
1164,2024-01-16 12:49:55,Regular,8,Hardtack Biscuits,Cowboy_Food,1,2.49,2.49,23.47
1164,2024-01-16 12:49:55,Regular,11,Lasso Rope,Ranch_Supplies,1,14.99,14.99,23.47
1164,2024-01-16 12:49:55,Regular,16,Hay Bale Twine,Ranch_Supplies,1,5.99,5.99,23.47
1165,2024-01-16 10:05:03,Regular,22,Flannel Shirt,Western_Apparel,1,29.99,29.99,40.97
1165,2024-01-16 10:05:03,Regular,14,Work Gloves,Ranch_Supplies,1,6.99,6.99,40.97
1165,2024-01-16 10:05:03,Regular,2,Campfire Chili,Cowboy_Food,1,3.99,3.99,40.97
1166,2024-01-16 17:57:56,Casual,1,Chuckwagon Beans,Cowboy_Food,1,2.99,2.99,2.99
1167,2024-01-16 18:48:48,Regular,19,Cowboy Hat,Western_Apparel,1,34.99,34.99,34.99
1168,2024-01-16 11:04:50,Casual,10,Smoked Sausage Links,Cowboy_Food,1,8.99,8.99,48.98
1168,2024-01-16 11:04:50,Casual,24,Denim Vest,Western_Apparel,1,39.99,39.99,48.98
1169,2024-01-16 16:27:02,Casual,14,Work Gloves,Ranch_Supplies,1,6.99,6.99,110.96
1169,2024-01-16 16:27:02,Casual,9,Dried Apple Slices,Cowboy_Food,1,4.99,4.99,110.96
1169,2024-01-16 16:27:02,Casual,10,Smoked Sausage Links,Cowboy_Food,1,8.99,8.99,110.96
1169,2024-01-16 16:27:02,Casual,20,Cowboy Boots,Western_Apparel,1,89.99,89.99,110.96
1170,2024-01-16 14:37:34,Casual,17,Stock Tank Float,Ranch_Supplies,1,8.49,8.49,8.49
1171,2024-01-16 11:14:22,Regular,13,Saddle Oil,Ranch_Supplies,1,9.99,9.99,104.45
1171,2024-01-16 11:14:22,Regular,12,Horse Feed Sack,Ranch_Supplies,1,19.99,19.99,104.45
1171,2024-01-16 11:14:22,Regular,19,Cowboy Hat,Western_Apparel,2,34.99,69.98,104.45
1171,2024-01-16 11:14:22,Regular,3,Smoky BBQ Sauce,Cowboy_Food,1,4.49,4.49,104.45
1172,2024-01-16 18:57:55,Regular,2,Campfire Chili,Cowboy_Food,1,3.99,3.99,63.98
1172,2024-01-16 18:57:55,Regular,28,Leather Saddlebag,Leather_Goods,1,59.99,59.99,63.98
1173,2024-01-16 18:01:44,Casual,15,Fence Wire (50ft),Ranch_Supplies,1,12.99,12.99,69.95
1173,2024-01-16 18:01:44,Casual,19,Cowboy Hat,Western_Apparel,1,34.99,34.99,69.95
1173,2024-01-16 18:01:44,Casual,5,Cornbread Mix,Cowboy_Food,2,3.49,6.98,69.95
1173,2024-01-16 18:01:44,Casual,30,Leather Journal,Leather_Goods,1,14.99,14.99,69.95
1174,2024-01-16 18:38:38,Regular,7,Prairie Honey,Cowboy_Food,1,6.49,6.49,44.46
1174,2024-01-16 18:38:38,Regular,11,Lasso Rope,Ranch_Supplies,1,14.99,14.99,44.46
1174,2024-01-16 18:38:38,Regular,15,Fence Wire (50ft),Ranch_Supplies,1,12.99,12.99,44.46
1174,2024-01-16 18:38:38,Regular,13,Saddle Oil,Ranch_Supplies,1,9.99,9.99,44.46
1175,2024-01-16 11:12:01,Regular,27,Bull Rope Rosin,Rodeo_Gear,2,7.49,14.98,70.43
1175,2024-01-16 11:12:01,Regular,14,Work Gloves,Ranch_Supplies,1,6.99,6.99,70.43
1175,2024-01-16 11:12:01,Regular,21,Red Bandana,Western_Apparel,1,4.99,4.99,70.43
1175,2024-01-16 11:12:01,Regular,5,Cornbread Mix,Cowboy_Food,1,3.49,3.49,70.43
1175,2024-01-16 11:12:01,Regular,11,Lasso Rope,Ranch_Supplies,1,14.99,14.99,70.43
1175,2024-01-16 11:12:01,Regular,29,Leather Wallet,Leather_Goods,1,24.99,24.99,70.43
1176,2024-01-16 15:16:52,Bulk,3,Smoky BBQ Sauce,Cowboy_Food,1,4.49,4.49,92.43
1176,2024-01-16 15:16:52,Bulk,10,Smoked Sausage Links,Cowboy_Food,1,8.99,8.99,92.43
1176,2024-01-16 15:16:52,Bulk,9,Dried Apple Slices,Cowboy_Food,1,4.99,4.99,92.43
1176,2024-01-16 15:16:52,Bulk,6,Campfire Coffee,Cowboy_Food,1,7.99,7.99,92.43
1176,2024-01-16 15:16:52,Bulk,25,Riding Spurs,Rodeo_Gear,1,22.99,22.99,92.43
1176,2024-01-16 15:16:52,Bulk,1,Chuckwagon Beans,Cowboy_Food,1,2.99,2.99,92.43
1176,2024-01-16 15:16:52,Bulk,24,Denim Vest,Western_Apparel,1,39.99,39.99,92.43
1177,2024-01-16 17:42:29,Regular,17,Stock Tank Float,Ranch_Supplies,1,8.49,8.49,62.95
1177,2024-01-16 17:42:29,Regular,1,Chuckwagon Beans,Cowboy_Food,1,2.99,2.99,62.95
1177,2024-01-16 17:42:29,Regular,7,Prairie Honey,Cowboy_Food,1,6.49,6.49,62.95
1177,2024-01-16 17:42:29,Regular,19,Cowboy Hat,Western_Apparel,1,34.99,34.99,62.95
1177,2024-01-16 17:42:29,Regular,13,Saddle Oil,Ranch_Supplies,1,9.99,9.99,62.95
1178,2024-01-16 16:23:09,Bulk,5,Cornbread Mix,Cowboy_Food,1,3.49,3.49,150.88
1178,2024-01-16 16:23:09,Bulk,3,Smoky BBQ Sauce,Cowboy_Food,1,4.49,4.49,150.88
1178,2024-01-16 16:23:09,Bulk,22,Flannel Shirt,Western_Apparel,2,29.99,59.98,150.88
1178,2024-01-16 16:23:09,Bulk,2,Campfire Chili,Cowboy_Food,1,3.99,3.99,150.88
1178,2024-01-16 16:23:09,Bulk,27,Bull Rope Rosin,Rodeo_Gear,1,7.49,7.49,150.88
1178,2024-01-16 16:23:09,Bulk,1,Chuckwagon Beans,Cowboy_Food,1,2.99,2.99,150.88
1178,2024-01-16 16:23:09,Bulk,18,Branding Iron,Ranch_Supplies,1,24.99,24.99,150.88
1178,2024-01-16 16:23:09,Bulk,7,Prairie Honey,Cowboy_Food,1,6.49,6.49,150.88
1178,2024-01-16 16:23:09,Bulk,13,Saddle Oil,Ranch_Supplies,1,9.99,9.99,150.88
1178,2024-01-16 16:23:09,Bulk,12,Horse Feed Sack,Ranch_Supplies,1,19.99,19.99,150.88
1178,2024-01-16 16:23:09,Bulk,14,Work Gloves,Ranch_Supplies,1,6.99,6.99,150.88
1179,2024-01-16 14:44:52,Tourist,28,Leather Saddlebag,Leather_Goods,1,59.99,59.99,209.94
1179,2024-01-16 14:44:52,Tourist,23,Leather Belt,Western_Apparel,1,19.99,19.99,209.94
1179,2024-01-16 14:44:52,Tourist,4,Trail Beef Jerky,Cowboy_Food,1,5.99,5.99,209.94
1179,2024-01-16 14:44:52,Tourist,2,Campfire Chili,Cowboy_Food,1,3.99,3.99,209.94
1179,2024-01-16 14:44:52,Tourist,22,Flannel Shirt,Western_Apparel,1,29.99,29.99,209.94
1179,2024-01-16 14:44:52,Tourist,20,Cowboy Boots,Western_Apparel,1,89.99,89.99,209.94
1180,2024-01-16 15:27:54,Bulk,17,Stock Tank Float,Ranch_Supplies,1,8.49,8.49,41.96
1180,2024-01-16 15:27:54,Bulk,27,Bull Rope Rosin,Rodeo_Gear,1,7.49,7.49,41.96
1180,2024-01-16 15:27:54,Bulk,1,Chuckwagon Beans,Cowboy_Food,1,2.99,2.99,41.96
1180,2024-01-16 15:27:54,Bulk,25,Riding Spurs,Rodeo_Gear,1,22.99,22.99,41.96
1181,2024-01-16 10:06:29,Regular,8,Hardtack Biscuits,Cowboy_Food,1,2.49,2.49,40.46
1181,2024-01-16 10:06:29,Regular,18,Branding Iron,Ranch_Supplies,1,24.99,24.99,40.46
1181,2024-01-16 10:06:29,Regular,6,Campfire Coffee,Cowboy_Food,1,7.99,7.99,40.46
1181,2024-01-16 10:06:29,Regular,9,Dried Apple Slices,Cowboy_Food,1,4.99,4.99,40.46
1182,2024-01-16 16:02:39,Tourist,6,Campfire Coffee,Cowboy_Food,1,7.99,7.99,62.97
1182,2024-01-16 16:02:39,Tourist,19,Cowboy Hat,Western_Apparel,1,34.99,34.99,62.97
1182,2024-01-16 16:02:39,Tourist,12,Horse Feed Sack,Ranch_Supplies,1,19.99,19.99,62.97
1183,2024-01-16 17:26:36,Bulk,9,Dried Apple Slices,Cowboy_Food,3,4.99,14.97,217.8
1183,2024-01-16 17:26:36,Bulk,1,Chuckwagon Beans,Cowboy_Food,2,2.99,5.98,217.8
1183,2024-01-16 17:26:36,Bulk,26,Rodeo Rope,Rodeo_Gear,2,18.99,37.98,217.8
1183,2024-01-16 17:26:36,Bulk,28,Leather Saddlebag,Leather_Goods,1,59.99,59.99,217.8
1183,2024-01-16 17:26:36,Bulk,14,Work Gloves,Ranch_Supplies,2,6.99,13.98,217.8
1183,2024-01-16 17:26:36,Bulk,17,Stock Tank Float,Ranch_Supplies,1,8.49,8.49,217.8
1183,2024-01-16 17:26:36,Bulk,5,Cornbread Mix,Cowboy_Food,2,3.49,6.98,217.8
1183,2024-01-16 17:26:36,Bulk,4,Trail Beef Jerky,Cowboy_Food,2,5.99,11.98,217.8
1183,2024-01-16 17:26:36,Bulk,8,Hardtack Biscuits,Cowboy_Food,1,2.49,2.49,217.8
1183,2024-01-16 17:26:36,Bulk,25,Riding Spurs,Rodeo_Gear,1,22.99,22.99,217.8
1183,2024-01-16 17:26:36,Bulk,12,Horse Feed Sack,Ranch_Supplies,1,19.99,19.99,217.8
1183,2024-01-16 17:26:36,Bulk,2,Campfire Chili,Cowboy_Food,1,3.99,3.99,217.8
1183,2024-01-16 17:26:36,Bulk,6,Campfire Coffee,Cowboy_Food,1,7.99,7.99,217.8
1184,2024-01-16 09:10:18,Regular,29,Leather Wallet,Leather_Goods,1,24.99,24.99,148.42
1184,2024-01-16 09:10:18,Regular,2,Campfire Chili,Cowboy_Food,1,3.99,3.99,148.42
1184,2024-01-16 09:10:18,Regular,7,Prairie Honey,Cowboy_Food,1,6.49,6.49,148.42
1184,2024-01-16 09:10:18,Regular,28,Leather Saddlebag,Leather_Goods,1,59.99,59.99,148.42
1184,2024-01-16 09:10:18,Regular,21,Red Bandana,Western_Apparel,1,4.99,4.99,148.42
1184,2024-01-16 09:10:18,Regular,17,Stock Tank Float,Ranch_Supplies,1,8.49,8.49,148.42
1184,2024-01-16 09:10:18,Regular,19,Cowboy Hat,Western_Apparel,1,34.99,34.99,148.42
1184,2024-01-16 09:10:18,Regular,3,Smoky BBQ Sauce,Cowboy_Food,1,4.49,4.49,148.42
1185,2024-01-16 11:20:44,Bulk,19,Cowboy Hat,Western_Apparel,3,34.99,104.97,225.89
1185,2024-01-16 11:20:44,Bulk,13,Saddle Oil,Ranch_Supplies,1,9.99,9.99,225.89
1185,2024-01-16 11:20:44,Bulk,22,Flannel Shirt,Western_Apparel,1,29.99,29.99,225.89
1185,2024-01-16 11:20:44,Bulk,16,Hay Bale Twine,Ranch_Supplies,1,5.99,5.99,225.89
1185,2024-01-16 11:20:44,Bulk,18,Branding Iron,Ranch_Supplies,2,24.99,49.98,225.89
1185,2024-01-16 11:20:44,Bulk,11,Lasso Rope,Ranch_Supplies,1,14.99,14.99,225.89
1185,2024-01-16 11:20:44,Bulk,2,Campfire Chili,Cowboy_Food,1,3.99,3.99,225.89
1185,2024-01-16 11:20:44,Bulk,4,Trail Beef Jerky,Cowboy_Food,1,5.99,5.99,225.89
1186,2024-01-16 15:27:59,Regular,16,Hay Bale Twine,Ranch_Supplies,1,5.99,5.99,35.98
1186,2024-01-16 15:27:59,Regular,22,Flannel Shirt,Western_Apparel,1,29.99,29.99,35.98
1187,2024-01-16 15:44:56,Regular,14,Work Gloves,Ranch_Supplies,1,6.99,6.99,13.48
1187,2024-01-16 15:44:56,Regular,7,Prairie Honey,Cowboy_Food,1,6.49,6.49,13.48
1188,2024-01-16 13:10:41,Bulk,29,Leather Wallet,Leather_Goods,1,24.99,24.99,35.47
1188,2024-01-16 13:10:41,Bulk,3,Smoky BBQ Sauce,Cowboy_Food,1,4.49,4.49,35.47
1188,2024-01-16 13:10:41,Bulk,16,Hay Bale Twine,Ranch_Supplies,1,5.99,5.99,35.47
1189,2024-01-16 09:55:21,Regular,17,Stock Tank Float,Ranch_Supplies,1,8.49,8.49,57.94
1189,2024-01-16 09:55:21,Regular,10,Smoked Sausage Links,Cowboy_Food,1,8.99,8.99,57.94
1189,2024-01-16 09:55:21,Regular,18,Branding Iron,Ranch_Supplies,1,24.99,24.99,57.94
1189,2024-01-16 09:55:21,Regular,7,Prairie Honey,Cowboy_Food,1,6.49,6.49,57.94
1189,2024-01-16 09:55:21,Regular,16,Hay Bale Twine,Ranch_Supplies,1,5.99,5.99,57.94
1189,2024-01-16 09:55:21,Regular,1,Chuckwagon Beans,Cowboy_Food,1,2.99,2.99,57.94
1190,2024-01-16 16:45:54,Regular,10,Smoked Sausage Links,Cowboy_Food,1,8.99,8.99,176.43
1190,2024-01-16 16:45:54,Regular,20,Cowboy Boots,Western_Apparel,1,89.99,89.99,176.43
1190,2024-01-16 16:45:54,Regular,22,Flannel Shirt,Western_Apparel,2,29.99,59.98,176.43
1190,2024-01-16 16:45:54,Regular,5,Cornbread Mix,Cowboy_Food,1,3.49,3.49,176.43
1190,2024-01-16 16:45:54,Regular,6,Campfire Coffee,Cowboy_Food,1,7.99,7.99,176.43
1190,2024-01-16 16:45:54,Regular,4,Trail Beef Jerky,Cowboy_Food,1,5.99,5.99,176.43
1191,2024-01-16 12:01:55,Bulk,29,Leather Wallet,Leather_Goods,1,24.99,24.99,217.81
1191,2024-01-16 12:01:55,Bulk,5,Cornbread Mix,Cowboy_Food,2,3.49,6.98,217.81
1191,2024-01-16 12:01:55,Bulk,8,Hardtack Biscuits,Cowboy_Food,1,2.49,2.49,217.81
1191,2024-01-16 12:01:55,Bulk,10,Smoked Sausage Links,Cowboy_Food,2,8.99,17.98,217.81
1191,2024-01-16 12:01:55,Bulk,19,Cowboy Hat,Western_Apparel,1,34.99,34.99,217.81
1191,2024-01-16 12:01:55,Bulk,4,Trail Beef Jerky,Cowboy_Food,3,5.99,17.97,217.81
1191,2024-01-16 12:01:55,Bulk,23,Leather Belt,Western_Apparel,1,19.99,19.99,217.81
1191,2024-01-16 12:01:55,Bulk,15,Fence Wire (50ft),Ranch_Supplies,1,12.99,12.99,217.81
1191,2024-01-16 12:01:55,Bulk,11,Lasso Rope,Ranch_Supplies,2,14.99,29.98,217.81
1191,2024-01-16 12:01:55,Bulk,3,Smoky BBQ Sauce,Cowboy_Food,1,4.49,4.49,217.81
1191,2024-01-16 12:01:55,Bulk,2,Campfire Chili,Cowboy_Food,1,3.99,3.99,217.81
1191,2024-01-16 12:01:55,Bulk,26,Rodeo Rope,Rodeo_Gear,2,18.99,37.98,217.81
1191,2024-01-16 12:01:55,Bulk,1,Chuckwagon Beans,Cowboy_Food,1,2.99,2.99,217.81
1192,2024-01-16 16:13:00,Regular,4,Trail Beef Jerky,Cowboy_Food,1,5.99,5.99,146.43
1192,2024-01-16 16:13:00,Regular,20,Cowboy Boots,Western_Apparel,1,89.99,89.99,146.43
1192,2024-01-16 16:13:00,Regular,13,Saddle Oil,Ranch_Supplies,1,9.99,9.99,146.43
1192,2024-01-16 16:13:00,Regular,5,Cornbread Mix,Cowboy_Food,1,3.49,3.49,146.43
1192,2024-01-16 16:13:00,Regular,17,Stock Tank Float,Ranch_Supplies,2,8.49,16.98,146.43
1192,2024-01-16 16:13:00,Regular,23,Leather Belt,Western_Apparel,1,19.99,19.99,146.43
1193,2024-01-16 15:44:20,Bulk,30,Leather Journal,Leather_Goods,1,14.99,14.99,40.96
1193,2024-01-16 15:44:20,Bulk,11,Lasso Rope,Ranch_Supplies,1,14.99,14.99,40.96
1193,2024-01-16 15:44:20,Bulk,9,Dried Apple Slices,Cowboy_Food,1,4.99,4.99,40.96
1193,2024-01-16 15:44:20,Bulk,4,Trail Beef Jerky,Cowboy_Food,1,5.99,5.99,40.96
1194,2024-01-16 14:41:33,Regular,3,Smoky BBQ Sauce,Cowboy_Food,1,4.49,4.49,17.97
1194,2024-01-16 14:41:33,Regular,16,Hay Bale Twine,Ranch_Supplies,1,5.99,5.99,17.97
1194,2024-01-16 14:41:33,Regular,27,Bull Rope Rosin,Rodeo_Gear,1,7.49,7.49,17.97
1195,2024-01-16 15:55:34,Bulk,13,Saddle Oil,Ranch_Supplies,1,9.99,9.99,421.8
1195,2024-01-16 15:55:34,Bulk,15,Fence Wire (50ft),Ranch_Supplies,2,12.99,25.98,421.8
1195,2024-01-16 15:55:34,Bulk,6,Campfire Coffee,Cowboy_Food,2,7.99,15.98,421.8
1195,2024-01-16 15:55:34,Bulk,5,Cornbread Mix,Cowboy_Food,1,3.49,3.49,421.8
1195,2024-01-16 15:55:34,Bulk,3,Smoky BBQ Sauce,Cowboy_Food,2,4.49,8.98,421.8
1195,2024-01-16 15:55:34,Bulk,2,Campfire Chili,Cowboy_Food,1,3.99,3.99,421.8
1195,2024-01-16 15:55:34,Bulk,14,Work Gloves,Ranch_Supplies,1,6.99,6.99,421.8
1195,2024-01-16 15:55:34,Bulk,25,Riding Spurs,Rodeo_Gear,1,22.99,22.99,421.8
1195,2024-01-16 15:55:34,Bulk,20,Cowboy Boots,Western_Apparel,2,89.99,179.98,421.8
1195,2024-01-16 15:55:34,Bulk,11,Lasso Rope,Ranch_Supplies,1,14.99,14.99,421.8
1195,2024-01-16 15:55:34,Bulk,1,Chuckwagon Beans,Cowboy_Food,1,2.99,2.99,421.8
1195,2024-01-16 15:55:34,Bulk,7,Prairie Honey,Cowboy_Food,1,6.49,6.49,421.8
1195,2024-01-16 15:55:34,Bulk,18,Branding Iron,Ranch_Supplies,1,24.99,24.99,421.8
1195,2024-01-16 15:55:34,Bulk,10,Smoked Sausage Links,Cowboy_Food,1,8.99,8.99,421.8
1195,2024-01-16 15:55:34,Bulk,28,Leather Saddlebag,Leather_Goods,1,59.99,59.99,421.8
1195,2024-01-16 15:55:34,Bulk,29,Leather Wallet,Leather_Goods,1,24.99,24.99,421.8
1196,2024-01-16 16:30:42,Casual,27,Bull Rope Rosin,Rodeo_Gear,1,7.49,7.49,101.94
1196,2024-01-16 16:30:42,Casual,29,Leather Wallet,Leather_Goods,1,24.99,24.99,101.94
1196,2024-01-16 16:30:42,Casual,23,Leather Belt,Western_Apparel,1,19.99,19.99,101.94
1196,2024-01-16 16:30:42,Casual,16,Hay Bale Twine,Ranch_Supplies,1,5.99,5.99,101.94
1196,2024-01-16 16:30:42,Casual,24,Denim Vest,Western_Apparel,1,39.99,39.99,101.94
1196,2024-01-16 16:30:42,Casual,5,Cornbread Mix,Cowboy_Food,1,3.49,3.49,101.94
1197,2024-01-16 15:49:30,Regular,29,Leather Wallet,Leather_Goods,1,24.99,24.99,67.44
1197,2024-01-16 15:49:30,Regular,14,Work Gloves,Ranch_Supplies,2,6.99,13.98,67.44
1197,2024-01-16 15:49:30,Regular,26,Rodeo Rope,Rodeo_Gear,1,18.99,18.99,67.44
1197,2024-01-16 15:49:30,Regular,4,Trail Beef Jerky,Cowboy_Food,1,5.99,5.99,67.44
1197,2024-01-16 15:49:30,Regular,5,Cornbread Mix,Cowboy_Food,1,3.49,3.49,67.44
1198,2024-01-16 15:43:00,Casual,21,Red Bandana,Western_Apparel,1,4.99,4.99,9.48
1198,2024-01-16 15:43:00,Casual,3,Smoky BBQ Sauce,Cowboy_Food,1,4.49,4.49,9.48
1199,2024-01-16 14:45:09,Regular,5,Cornbread Mix,Cowboy_Food,2,3.49,6.98,55.94
1199,2024-01-16 14:45:09,Regular,4,Trail Beef Jerky,Cowboy_Food,1,5.99,5.99,55.94
1199,2024-01-16 14:45:09,Regular,22,Flannel Shirt,Western_Apparel,1,29.99,29.99,55.94
1199,2024-01-16 14:45:09,Regular,6,Campfire Coffee,Cowboy_Food,1,7.99,7.99,55.94
1199,2024-01-16 14:45:09,Regular,9,Dried Apple Slices,Cowboy_Food,1,4.99,4.99,55.94
1200,2024-01-17 16:20:45,Bulk,28,Leather Saddlebag,Leather_Goods,1,59.99,59.99,142.42
1200,2024-01-17 16:20:45,Bulk,2,Campfire Chili,Cowboy_Food,1,3.99,3.99,142.42
1200,2024-01-17 16:20:45,Bulk,3,Smoky BBQ Sauce,Cowboy_Food,1,4.49,4.49,142.42
1200,2024-01-17 16:20:45,Bulk,15,Fence Wire (50ft),Ranch_Supplies,1,12.99,12.99,142.42
1200,2024-01-17 16:20:45,Bulk,13,Saddle Oil,Ranch_Supplies,1,9.99,9.99,142.42
1200,2024-01-17 16:20:45,Bulk,19,Cowboy Hat,Western_Apparel,1,34.99,34.99,142.42
1200,2024-01-17 16:20:45,Bulk,6,Campfire Coffee,Cowboy_Food,2,7.99,15.98,142.42
1201,2024-01-17 15:54:09,Tourist,21,Red Bandana,Western_Apparel,1,4.99,4.99,63.97
1201,2024-01-17 15:54:09,Tourist,26,Rodeo Rope,Rodeo_Gear,1,18.99,18.99,63.97
1201,2024-01-17 15:54:09,Tourist,24,Denim Vest,Western_Apparel,1,39.99,39.99,63.97
1202,2024-01-17 15:11:07,Regular,22,Flannel Shirt,Western_Apparel,1,29.99,29.99,127.45
1202,2024-01-17 15:11:07,Regular,28,Leather Saddlebag,Leather_Goods,1,59.99,59.99,127.45
1202,2024-01-17 15:11:07,Regular,27,Bull Rope Rosin,Rodeo_Gear,1,7.49,7.49,127.45
1202,2024-01-17 15:11:07,Regular,9,Dried Apple Slices,Cowboy_Food,1,4.99,4.99,127.45
1202,2024-01-17 15:11:07,Regular,18,Branding Iron,Ranch_Supplies,1,24.99,24.99,127.45
1203,2024-01-17 14:09:33,Bulk,12,Horse Feed Sack,Ranch_Supplies,1,19.99,19.99,252.86
1203,2024-01-17 14:09:33,Bulk,9,Dried Apple Slices,Cowboy_Food,1,4.99,4.99,252.86
1203,2024-01-17 14:09:33,Bulk,15,Fence Wire (50ft),Ranch_Supplies,1,12.99,12.99,252.86
1203,2024-01-17 14:09:33,Bulk,1,Chuckwagon Beans,Cowboy_Food,1,2.99,2.99,252.86
1203,2024-01-17 14:09:33,Bulk,10,Smoked Sausage Links,Cowboy_Food,2,8.99,17.98,252.86
1203,2024-01-17 14:09:33,Bulk,14,Work Gloves,Ranch_Supplies,1,6.99,6.99,252.86
1203,2024-01-17 14:09:33,Bulk,23,Leather Belt,Western_Apparel,1,19.99,19.99,252.86
1203,2024-01-17 14:09:33,Bulk,20,Cowboy Boots,Western_Apparel,1,89.99,89.99,252.86
1203,2024-01-17 14:09:33,Bulk,25,Riding Spurs,Rodeo_Gear,1,22.99,22.99,252.86
1203,2024-01-17 14:09:33,Bulk,4,Trail Beef Jerky,Cowboy_Food,1,5.99,5.99,252.86
1203,2024-01-17 14:09:33,Bulk,11,Lasso Rope,Ranch_Supplies,1,14.99,14.99,252.86
1203,2024-01-17 14:09:33,Bulk,29,Leather Wallet,Leather_Goods,1,24.99,24.99,252.86
1203,2024-01-17 14:09:33,Bulk,6,Campfire Coffee,Cowboy_Food,1,7.99,7.99,252.86
1204,2024-01-17 12:13:40,Regular,22,Flannel Shirt,Western_Apparel,1,29.99,29.99,49.98
1204,2024-01-17 12:13:40,Regular,12,Horse Feed Sack,Ranch_Supplies,1,19.99,19.99,49.98
1205,2024-01-17 16:34:58,Casual,19,Cowboy Hat,Western_Apparel,2,34.99,69.98,159.96
1205,2024-01-17 16:34:58,Casual,22,Flannel Shirt,Western_Apparel,1,29.99,29.99,159.96
1205,2024-01-17 16:34:58,Casual,28,Leather Saddlebag,Leather_Goods,1,59.99,59.99,159.96
1206,2024-01-17 12:47:27,Regular,11,Lasso Rope,Ranch_Supplies,1,14.99,14.99,100.45
1206,2024-01-17 12:47:27,Regular,17,Stock Tank Float,Ranch_Supplies,1,8.49,8.49,100.45
1206,2024-01-17 12:47:27,Regular,10,Smoked Sausage Links,Cowboy_Food,1,8.99,8.99,100.45
1206,2024-01-17 12:47:27,Regular,6,Campfire Coffee,Cowboy_Food,1,7.99,7.99,100.45
1206,2024-01-17 12:47:27,Regular,28,Leather Saddlebag,Leather_Goods,1,59.99,59.99,100.45
1207,2024-01-17 17:22:12,Bulk,11,Lasso Rope,Ranch_Supplies,4,14.99,59.96,369.3
1207,2024-01-17 17:22:12,Bulk,28,Leather Saddlebag,Leather_Goods,1,59.99,59.99,369.3
1207,2024-01-17 17:22:12,Bulk,19,Cowboy Hat,Western_Apparel,2,34.99,69.98,369.3
1207,2024-01-17 17:22:12,Bulk,22,Flannel Shirt,Western_Apparel,2,29.99,59.98,369.3
1207,2024-01-17 17:22:12,Bulk,3,Smoky BBQ Sauce,Cowboy_Food,2,4.49,8.98,369.3
1207,2024-01-17 17:22:12,Bulk,29,Leather Wallet,Leather_Goods,1,24.99,24.99,369.3
1207,2024-01-17 17:22:12,Bulk,6,Campfire Coffee,Cowboy_Food,1,7.99,7.99,369.3
1207,2024-01-17 17:22:12,Bulk,14,Work Gloves,Ranch_Supplies,1,6.99,6.99,369.3
1207,2024-01-17 17:22:12,Bulk,15,Fence Wire (50ft),Ranch_Supplies,1,12.99,12.99,369.3
1207,2024-01-17 17:22:12,Bulk,4,Trail Beef Jerky,Cowboy_Food,1,5.99,5.99,369.3
1207,2024-01-17 17:22:12,Bulk,1,Chuckwagon Beans,Cowboy_Food,1,2.99,2.99,369.3
1207,2024-01-17 17:22:12,Bulk,5,Cornbread Mix,Cowboy_Food,1,3.49,3.49,369.3
1207,2024-01-17 17:22:12,Bulk,21,Red Bandana,Western_Apparel,1,4.99,4.99,369.3
1207,2024-01-17 17:22:12,Bulk,24,Denim Vest,Western_Apparel,1,39.99,39.99,369.3
1208,2024-01-17 15:54:32,Regular,14,Work Gloves,Ranch_Supplies,1,6.99,6.99,289.38
1208,2024-01-17 15:54:32,Regular,28,Leather Saddlebag,Leather_Goods,2,59.99,119.98,289.38
1208,2024-01-17 15:54:32,Regular,11,Lasso Rope,Ranch_Supplies,1,14.99,14.99,289.38
1208,2024-01-17 15:54:32,Regular,27,Bull Rope Rosin,Rodeo_Gear,1,7.49,7.49,289.38
1208,2024-01-17 15:54:32,Regular,12,Horse Feed Sack,Ranch_Supplies,1,19.99,19.99,289.38
1208,2024-01-17 15:54:32,Regular,22,Flannel Shirt,Western_Apparel,1,29.99,29.99,289.38
1208,2024-01-17 15:54:32,Regular,16,Hay Bale Twine,Ranch_Supplies,1,5.99,5.99,289.38
1208,2024-01-17 15:54:32,Regular,9,Dried Apple Slices,Cowboy_Food,1,4.99,4.99,289.38
1208,2024-01-17 15:54:32,Regular,2,Campfire Chili,Cowboy_Food,1,3.99,3.99,289.38
1208,2024-01-17 15:54:32,Regular,24,Denim Vest,Western_Apparel,1,39.99,39.99,289.38
1208,2024-01-17 15:54:32,Regular,19,Cowboy Hat,Western_Apparel,1,34.99,34.99,289.38
1209,2024-01-17 16:10:18,Regular,28,Leather Saddlebag,Leather_Goods,1,59.99,59.99,252.42
1209,2024-01-17 16:10:18,Regular,22,Flannel Shirt,Western_Apparel,1,29.99,29.99,252.42
1209,2024-01-17 16:10:18,Regular,19,Cowboy Hat,Western_Apparel,1,34.99,34.99,252.42
1209,2024-01-17 16:10:18,Regular,9,Dried Apple Slices,Cowboy_Food,1,4.99,4.99,252.42
1209,2024-01-17 16:10:18,Regular,1,Chuckwagon Beans,Cowboy_Food,1,2.99,2.99,252.42
1209,2024-01-17 16:10:18,Regular,7,Prairie Honey,Cowboy_Food,1,6.49,6.49,252.42
1209,2024-01-17 16:10:18,Regular,20,Cowboy Boots,Western_Apparel,1,89.99,89.99,252.42
1209,2024-01-17 16:10:18,Regular,25,Riding Spurs,Rodeo_Gear,1,22.99,22.99,252.42
1210,2024-01-17 15:24:10,Regular,2,Campfire Chili,Cowboy_Food,1,3.99,3.99,47.47
1210,2024-01-17 15:24:10,Regular,19,Cowboy Hat,Western_Apparel,1,34.99,34.99,47.47
1210,2024-01-17 15:24:10,Regular,17,Stock Tank Float,Ranch_Supplies,1,8.49,8.49,47.47
1211,2024-01-17 17:58:05,Regular,23,Leather Belt,Western_Apparel,1,19.99,19.99,19.99
1212,2024-01-17 14:34:43,Casual,22,Flannel Shirt,Western_Apparel,1,29.99,29.99,95.94
1212,2024-01-17 14:34:43,Casual,25,Riding Spurs,Rodeo_Gear,1,22.99,22.99,95.94
1212,2024-01-17 14:34:43,Casual,13,Saddle Oil,Ranch_Supplies,1,9.99,9.99,95.94
1212,2024-01-17 14:34:43,Casual,2,Campfire Chili,Cowboy_Food,2,3.99,7.98,95.94
1212,2024-01-17 14:34:43,Casual,18,Branding Iron,Ranch_Supplies,1,24.99,24.99,95.94
1213,2024-01-17 14:38:38,Regular,20,Cowboy Boots,Western_Apparel,1,89.99,89.99,187.45
1213,2024-01-17 14:38:38,Regular,25,Riding Spurs,Rodeo_Gear,1,22.99,22.99,187.45
1213,2024-01-17 14:38:38,Regular,28,Leather Saddlebag,Leather_Goods,1,59.99,59.99,187.45
1213,2024-01-17 14:38:38,Regular,17,Stock Tank Float,Ranch_Supplies,1,8.49,8.49,187.45
1213,2024-01-17 14:38:38,Regular,4,Trail Beef Jerky,Cowboy_Food,1,5.99,5.99,187.45
1214,2024-01-17 17:41:09,Tourist,15,Fence Wire (50ft),Ranch_Supplies,2,12.99,25.98,144.44
1214,2024-01-17 17:41:09,Tourist,19,Cowboy Hat,Western_Apparel,1,34.99,34.99,144.44
1214,2024-01-17 17:41:09,Tourist,26,Rodeo Rope,Rodeo_Gear,1,18.99,18.99,144.44
1214,2024-01-17 17:41:09,Tourist,3,Smoky BBQ Sauce,Cowboy_Food,1,4.49,4.49,144.44
1214,2024-01-17 17:41:09,Tourist,28,Leather Saddlebag,Leather_Goods,1,59.99,59.99,144.44
1215,2024-01-17 16:00:33,Regular,28,Leather Saddlebag,Leather_Goods,1,59.99,59.99,92.44
1215,2024-01-17 16:00:33,Regular,7,Prairie Honey,Cowboy_Food,1,6.49,6.49,92.44
1215,2024-01-17 16:00:33,Regular,30,Leather Journal,Leather_Goods,1,14.99,14.99,92.44
1215,2024-01-17 16:00:33,Regular,1,Chuckwagon Beans,Cowboy_Food,1,2.99,2.99,92.44
1215,2024-01-17 16:00:33,Regular,3,Smoky BBQ Sauce,Cowboy_Food,1,4.49,4.49,92.44
1215,2024-01-17 16:00:33,Regular,5,Cornbread Mix,Cowboy_Food,1,3.49,3.49,92.44
1216,2024-01-17 14:53:53,Regular,11,Lasso Rope,Ranch_Supplies,1,14.99,14.99,35.45
1216,2024-01-17 14:53:53,Regular,21,Red Bandana,Western_Apparel,2,4.99,9.98,35.45
1216,2024-01-17 14:53:53,Regular,5,Cornbread Mix,Cowboy_Food,1,3.49,3.49,35.45
1216,2024-01-17 14:53:53,Regular,14,Work Gloves,Ranch_Supplies,1,6.99,6.99,35.45
1217,2024-01-17 12:11:49,Regular,13,Saddle Oil,Ranch_Supplies,1,9.99,9.99,76.96
1217,2024-01-17 12:11:49,Regular,24,Denim Vest,Western_Apparel,1,39.99,39.99,76.96
1217,2024-01-17 12:11:49,Regular,12,Horse Feed Sack,Ranch_Supplies,1,19.99,19.99,76.96
1217,2024-01-17 12:11:49,Regular,14,Work Gloves,Ranch_Supplies,1,6.99,6.99,76.96
1218,2024-01-17 12:02:27,Regular,22,Flannel Shirt,Western_Apparel,1,29.99,29.99,169.4
1218,2024-01-17 12:02:27,Regular,19,Cowboy Hat,Western_Apparel,1,34.99,34.99,169.4
1218,2024-01-17 12:02:27,Regular,10,Smoked Sausage Links,Cowboy_Food,1,8.99,8.99,169.4
1218,2024-01-17 12:02:27,Regular,11,Lasso Rope,Ranch_Supplies,2,14.99,29.98,169.4
1218,2024-01-17 12:02:27,Regular,3,Smoky BBQ Sauce,Cowboy_Food,1,4.49,4.49,169.4
1218,2024-01-17 12:02:27,Regular,6,Campfire Coffee,Cowboy_Food,1,7.99,7.99,169.4
1218,2024-01-17 12:02:27,Regular,15,Fence Wire (50ft),Ranch_Supplies,1,12.99,12.99,169.4
1218,2024-01-17 12:02:27,Regular,23,Leather Belt,Western_Apparel,1,19.99,19.99,169.4
1218,2024-01-17 12:02:27,Regular,12,Horse Feed Sack,Ranch_Supplies,1,19.99,19.99,169.4
1219,2024-01-17 17:05:03,Casual,5,Cornbread Mix,Cowboy_Food,1,3.49,3.49,38.48
1219,2024-01-17 17:05:03,Casual,19,Cowboy Hat,Western_Apparel,1,34.99,34.99,38.48
1220,2024-01-17 12:21:38,Regular,4,Trail Beef Jerky,Cowboy_Food,1,5.99,5.99,143.91
1220,2024-01-17 12:21:38,Regular,10,Smoked Sausage Links,Cowboy_Food,1,8.99,8.99,143.91
1220,2024-01-17 12:21:38,Regular,21,Red Bandana,Western_Apparel,1,4.99,4.99,143.91
1220,2024-01-17 12:21:38,Regular,20,Cowboy Boots,Western_Apparel,1,89.99,89.99,143.91
1220,2024-01-17 12:21:38,Regular,9,Dried Apple Slices,Cowboy_Food,1,4.99,4.99,143.91
1220,2024-01-17 12:21:38,Regular,14,Work Gloves,Ranch_Supplies,3,6.99,20.97,143.91
1220,2024-01-17 12:21:38,Regular,6,Campfire Coffee,Cowboy_Food,1,7.99,7.99,143.91
1221,2024-01-17 09:18:30,Casual,5,Cornbread Mix,Cowboy_Food,1,3.49,3.49,43.46
1221,2024-01-17 09:18:30,Casual,10,Smoked Sausage Links,Cowboy_Food,1,8.99,8.99,43.46
1221,2024-01-17 09:18:30,Casual,29,Leather Wallet,Leather_Goods,1,24.99,24.99,43.46
1221,2024-01-17 09:18:30,Casual,4,Trail Beef Jerky,Cowboy_Food,1,5.99,5.99,43.46
1222,2024-01-17 09:44:55,Regular,23,Leather Belt,Western_Apparel,1,19.99,19.99,127.44
1222,2024-01-17 09:44:55,Regular,8,Hardtack Biscuits,Cowboy_Food,1,2.49,2.49,127.44
1222,2024-01-17 09:44:55,Regular,24,Denim Vest,Western_Apparel,1,39.99,39.99,127.44
1222,2024-01-17 09:44:55,Regular,25,Riding Spurs,Rodeo_Gear,2,22.99,45.98,127.44
1222,2024-01-17 09:44:55,Regular,26,Rodeo Rope,Rodeo_Gear,1,18.99,18.99,127.44
1223,2024-01-17 18:34:33,Regular,9,Dried Apple Slices,Cowboy_Food,1,4.99,4.99,4.99
1224,2024-01-17 15:44:44,Regular,1,Chuckwagon Beans,Cowboy_Food,2,2.99,5.98,305.81
1224,2024-01-17 15:44:44,Regular,13,Saddle Oil,Ranch_Supplies,1,9.99,9.99,305.81
1224,2024-01-17 15:44:44,Regular,25,Riding Spurs,Rodeo_Gear,3,22.99,68.97,305.81
1224,2024-01-17 15:44:44,Regular,11,Lasso Rope,Ranch_Supplies,2,14.99,29.98,305.81
1224,2024-01-17 15:44:44,Regular,8,Hardtack Biscuits,Cowboy_Food,1,2.49,2.49,305.81
1224,2024-01-17 15:44:44,Regular,14,Work Gloves,Ranch_Supplies,1,6.99,6.99,305.81
1224,2024-01-17 15:44:44,Regular,19,Cowboy Hat,Western_Apparel,1,34.99,34.99,305.81
1224,2024-01-17 15:44:44,Regular,4,Trail Beef Jerky,Cowboy_Food,1,5.99,5.99,305.81
1224,2024-01-17 15:44:44,Regular,10,Smoked Sausage Links,Cowboy_Food,1,8.99,8.99,305.81
1224,2024-01-17 15:44:44,Regular,16,Hay Bale Twine,Ranch_Supplies,1,5.99,5.99,305.81
1224,2024-01-17 15:44:44,Regular,15,Fence Wire (50ft),Ranch_Supplies,1,12.99,12.99,305.81
1224,2024-01-17 15:44:44,Regular,24,Denim Vest,Western_Apparel,1,39.99,39.99,305.81
1224,2024-01-17 15:44:44,Regular,28,Leather Saddlebag,Leather_Goods,1,59.99,59.99,305.81
1224,2024-01-17 15:44:44,Regular,3,Smoky BBQ Sauce,Cowboy_Food,1,4.49,4.49,305.81
1224,2024-01-17 15:44:44,Regular,6,Campfire Coffee,Cowboy_Food,1,7.99,7.99,305.81
1225,2024-01-17 15:15:31,Bulk,24,Denim Vest,Western_Apparel,1,39.99,39.99,51.96
1225,2024-01-17 15:15:31,Bulk,8,Hardtack Biscuits,Cowboy_Food,1,2.49,2.49,51.96
1225,2024-01-17 15:15:31,Bulk,9,Dried Apple Slices,Cowboy_Food,1,4.99,4.99,51.96
1225,2024-01-17 15:15:31,Bulk,3,Smoky BBQ Sauce,Cowboy_Food,1,4.49,4.49,51.96
1226,2024-01-17 17:53:32,Bulk,22,Flannel Shirt,Western_Apparel,1,29.99,29.99,79.45
1226,2024-01-17 17:53:32,Bulk,5,Cornbread Mix,Cowboy_Food,1,3.49,3.49,79.45
1226,2024-01-17 17:53:32,Bulk,6,Campfire Coffee,Cowboy_Food,1,7.99,7.99,79.45
1226,2024-01-17 17:53:32,Bulk,26,Rodeo Rope,Rodeo_Gear,2,18.99,37.98,79.45
1227,2024-01-17 13:19:19,Tourist,27,Bull Rope Rosin,Rodeo_Gear,1,7.49,7.49,50.45
1227,2024-01-17 13:19:19,Tourist,13,Saddle Oil,Ranch_Supplies,1,9.99,9.99,50.45
1227,2024-01-17 13:19:19,Tourist,23,Leather Belt,Western_Apparel,1,19.99,19.99,50.45
1227,2024-01-17 13:19:19,Tourist,2,Campfire Chili,Cowboy_Food,1,3.99,3.99,50.45
1227,2024-01-17 13:19:19,Tourist,10,Smoked Sausage Links,Cowboy_Food,1,8.99,8.99,50.45
1228,2024-01-17 17:02:24,Regular,23,Leather Belt,Western_Apparel,1,19.99,19.99,49.98
1228,2024-01-17 17:02:24,Regular,22,Flannel Shirt,Western_Apparel,1,29.99,29.99,49.98
1229,2024-01-17 16:38:17,Regular,12,Horse Feed Sack,Ranch_Supplies,1,19.99,19.99,43.96
1229,2024-01-17 16:38:17,Regular,2,Campfire Chili,Cowboy_Food,1,3.99,3.99,43.96
1229,2024-01-17 16:38:17,Regular,13,Saddle Oil,Ranch_Supplies,2,9.99,19.98,43.96
1230,2024-01-17 15:09:27,Casual,7,Prairie Honey,Cowboy_Food,1,6.49,6.49,26.46
1230,2024-01-17 15:09:27,Casual,5,Cornbread Mix,Cowboy_Food,2,3.49,6.98,26.46
1230,2024-01-17 15:09:27,Casual,15,Fence Wire (50ft),Ranch_Supplies,1,12.99,12.99,26.46
1231,2024-01-17 16:55:57,Bulk,21,Red Bandana,Western_Apparel,1,4.99,4.99,169.91
1231,2024-01-17 16:55:57,Bulk,10,Smoked Sausage Links,Cowboy_Food,1,8.99,8.99,169.91
1231,2024-01-17 16:55:57,Bulk,12,Horse Feed Sack,Ranch_Supplies,1,19.99,19.99,169.91
1231,2024-01-17 16:55:57,Bulk,4,Trail Beef Jerky,Cowboy_Food,2,5.99,11.98,169.91
1231,2024-01-17 16:55:57,Bulk,20,Cowboy Boots,Western_Apparel,1,89.99,89.99,169.91
1231,2024-01-17 16:55:57,Bulk,2,Campfire Chili,Cowboy_Food,1,3.99,3.99,169.91
1231,2024-01-17 16:55:57,Bulk,30,Leather Journal,Leather_Goods,1,14.99,14.99,169.91
1231,2024-01-17 16:55:57,Bulk,11,Lasso Rope,Ranch_Supplies,1,14.99,14.99,169.91
1232,2024-01-17 18:23:20,Casual,9,Dried Apple Slices,Cowboy_Food,1,4.99,4.99,68.95
1232,2024-01-17 18:23:20,Casual,29,Leather Wallet,Leather_Goods,1,24.99,24.99,68.95
1232,2024-01-17 18:23:20,Casual,10,Smoked Sausage Links,Cowboy_Food,1,8.99,8.99,68.95
1232,2024-01-17 18:23:20,Casual,23,Leather Belt,Western_Apparel,1,19.99,19.99,68.95
1232,2024-01-17 18:23:20,Casual,13,Saddle Oil,Ranch_Supplies,1,9.99,9.99,68.95
1233,2024-01-17 11:40:27,Regular,26,Rodeo Rope,Rodeo_Gear,1,18.99,18.99,18.99
1234,2024-01-17 09:41:56,Casual,30,Leather Journal,Leather_Goods,1,14.99,14.99,74.98
1234,2024-01-17 09:41:56,Casual,28,Leather Saddlebag,Leather_Goods,1,59.99,59.99,74.98
1235,2024-01-17 17:12:09,Regular,5,Cornbread Mix,Cowboy_Food,1,3.49,3.49,70.46
1235,2024-01-17 17:12:09,Regular,14,Work Gloves,Ranch_Supplies,1,6.99,6.99,70.46
1235,2024-01-17 17:12:09,Regular,22,Flannel Shirt,Western_Apparel,2,29.99,59.98,70.46
1236,2024-01-17 14:19:15,Tourist,6,Campfire Coffee,Cowboy_Food,1,7.99,7.99,7.99
1237,2024-01-17 15:38:29,Regular,20,Cowboy Boots,Western_Apparel,1,89.99,89.99,117.97
1237,2024-01-17 15:38:29,Regular,1,Chuckwagon Beans,Cowboy_Food,1,2.99,2.99,117.97
1237,2024-01-17 15:38:29,Regular,29,Leather Wallet,Leather_Goods,1,24.99,24.99,117.97
1238,2024-01-17 11:50:24,Casual,10,Smoked Sausage Links,Cowboy_Food,1,8.99,8.99,64.96
1238,2024-01-17 11:50:24,Casual,19,Cowboy Hat,Western_Apparel,1,34.99,34.99,64.96
1238,2024-01-17 11:50:24,Casual,11,Lasso Rope,Ranch_Supplies,1,14.99,14.99,64.96
1238,2024-01-17 11:50:24,Casual,16,Hay Bale Twine,Ranch_Supplies,1,5.99,5.99,64.96
1239,2024-01-17 17:19:20,Regular,13,Saddle Oil,Ranch_Supplies,1,9.99,9.99,149.45
1239,2024-01-17 17:19:20,Regular,8,Hardtack Biscuits,Cowboy_Food,1,2.49,2.49,149.45
1239,2024-01-17 17:19:20,Regular,20,Cowboy Boots,Western_Apparel,1,89.99,89.99,149.45
1239,2024-01-17 17:19:20,Regular,24,Denim Vest,Western_Apparel,1,39.99,39.99,149.45
1239,2024-01-17 17:19:20,Regular,14,Work Gloves,Ranch_Supplies,1,6.99,6.99,149.45
1240,2024-01-17 16:38:46,Casual,3,Smoky BBQ Sauce,Cowboy_Food,1,4.49,4.49,60.44
1240,2024-01-17 16:38:46,Casual,9,Dried Apple Slices,Cowboy_Food,1,4.99,4.99,60.44
1240,2024-01-17 16:38:46,Casual,11,Lasso Rope,Ranch_Supplies,1,14.99,14.99,60.44
1240,2024-01-17 16:38:46,Casual,23,Leather Belt,Western_Apparel,1,19.99,19.99,60.44
1240,2024-01-17 16:38:46,Casual,16,Hay Bale Twine,Ranch_Supplies,1,5.99,5.99,60.44
1240,2024-01-17 16:38:46,Casual,13,Saddle Oil,Ranch_Supplies,1,9.99,9.99,60.44
1241,2024-01-17 18:14:29,Casual,6,Campfire Coffee,Cowboy_Food,1,7.99,7.99,7.99
1242,2024-01-17 15:08:21,Casual,18,Branding Iron,Ranch_Supplies,1,24.99,24.99,24.99
1243,2024-01-17 18:32:28,Regular,10,Smoked Sausage Links,Cowboy_Food,1,8.99,8.99,151.95
1243,2024-01-17 18:32:28,Regular,20,Cowboy Boots,Western_Apparel,1,89.99,89.99,151.95
1243,2024-01-17 18:32:28,Regular,6,Campfire Coffee,Cowboy_Food,1,7.99,7.99,151.95
1243,2024-01-17 18:32:28,Regular,29,Leather Wallet,Leather_Goods,1,24.99,24.99,151.95
1243,2024-01-17 18:32:28,Regular,12,Horse Feed Sack,Ranch_Supplies,1,19.99,19.99,151.95
1244,2024-01-17 15:24:53,Regular,2,Campfire Chili,Cowboy_Food,1,3.99,3.99,65.45
1244,2024-01-17 15:24:53,Regular,9,Dried Apple Slices,Cowboy_Food,1,4.99,4.99,65.45
1244,2024-01-17 15:24:53,Regular,18,Branding Iron,Ranch_Supplies,2,24.99,49.98,65.45
1244,2024-01-17 15:24:53,Regular,7,Prairie Honey,Cowboy_Food,1,6.49,6.49,65.45
1245,2024-01-17 16:06:59,Casual,6,Campfire Coffee,Cowboy_Food,2,7.99,15.98,75.97
1245,2024-01-17 16:06:59,Casual,28,Leather Saddlebag,Leather_Goods,1,59.99,59.99,75.97
1246,2024-01-17 16:23:14,Bulk,27,Bull Rope Rosin,Rodeo_Gear,1,7.49,7.49,172.87
1246,2024-01-17 16:23:14,Bulk,12,Horse Feed Sack,Ranch_Supplies,2,19.99,39.98,172.87
1246,2024-01-17 16:23:14,Bulk,22,Flannel Shirt,Western_Apparel,1,29.99,29.99,172.87
1246,2024-01-17 16:23:14,Bulk,3,Smoky BBQ Sauce,Cowboy_Food,2,4.49,8.98,172.87
1246,2024-01-17 16:23:14,Bulk,2,Campfire Chili,Cowboy_Food,1,3.99,3.99,172.87
1246,2024-01-17 16:23:14,Bulk,5,Cornbread Mix,Cowboy_Food,1,3.49,3.49,172.87
1246,2024-01-17 16:23:14,Bulk,21,Red Bandana,Western_Apparel,1,4.99,4.99,172.87
1246,2024-01-17 16:23:14,Bulk,10,Smoked Sausage Links,Cowboy_Food,1,8.99,8.99,172.87
1246,2024-01-17 16:23:14,Bulk,13,Saddle Oil,Ranch_Supplies,1,9.99,9.99,172.87
1246,2024-01-17 16:23:14,Bulk,19,Cowboy Hat,Western_Apparel,1,34.99,34.99,172.87
1246,2024-01-17 16:23:14,Bulk,23,Leather Belt,Western_Apparel,1,19.99,19.99,172.87
1247,2024-01-17 15:15:02,Bulk,11,Lasso Rope,Ranch_Supplies,1,14.99,14.99,278.42
1247,2024-01-17 15:15:02,Bulk,20,Cowboy Boots,Western_Apparel,1,89.99,89.99,278.42
1247,2024-01-17 15:15:02,Bulk,3,Smoky BBQ Sauce,Cowboy_Food,1,4.49,4.49,278.42
1247,2024-01-17 15:15:02,Bulk,28,Leather Saddlebag,Leather_Goods,2,59.99,119.98,278.42
1247,2024-01-17 15:15:02,Bulk,14,Work Gloves,Ranch_Supplies,2,6.99,13.98,278.42
1247,2024-01-17 15:15:02,Bulk,19,Cowboy Hat,Western_Apparel,1,34.99,34.99,278.42
1248,2024-01-17 15:45:01,Regular,28,Leather Saddlebag,Leather_Goods,1,59.99,59.99,88.96
1248,2024-01-17 15:45:01,Regular,6,Campfire Coffee,Cowboy_Food,1,7.99,7.99,88.96
1248,2024-01-17 15:45:01,Regular,4,Trail Beef Jerky,Cowboy_Food,1,5.99,5.99,88.96
1248,2024-01-17 15:45:01,Regular,30,Leather Journal,Leather_Goods,1,14.99,14.99,88.96
1249,2024-01-17 11:51:26,Regular,14,Work Gloves,Ranch_Supplies,1,6.99,6.99,30.97
1249,2024-01-17 11:51:26,Regular,2,Campfire Chili,Cowboy_Food,1,3.99,3.99,30.97
1249,2024-01-17 11:51:26,Regular,12,Horse Feed Sack,Ranch_Supplies,1,19.99,19.99,30.97
1250,2024-01-17 13:32:37,Regular,24,Denim Vest,Western_Apparel,1,39.99,39.99,106.93
1250,2024-01-17 13:32:37,Regular,15,Fence Wire (50ft),Ranch_Supplies,1,12.99,12.99,106.93
1250,2024-01-17 13:32:37,Regular,7,Prairie Honey,Cowboy_Food,1,6.49,6.49,106.93
1250,2024-01-17 13:32:37,Regular,11,Lasso Rope,Ranch_Supplies,1,14.99,14.99,106.93
1250,2024-01-17 13:32:37,Regular,8,Hardtack Biscuits,Cowboy_Food,1,2.49,2.49,106.93
1250,2024-01-17 13:32:37,Regular,13,Saddle Oil,Ranch_Supplies,1,9.99,9.99,106.93
1250,2024-01-17 13:32:37,Regular,23,Leather Belt,Western_Apparel,1,19.99,19.99,106.93
1251,2024-01-17 16:32:03,Bulk,14,Work Gloves,Ranch_Supplies,1,6.99,6.99,120.94
1251,2024-01-17 16:32:03,Bulk,19,Cowboy Hat,Western_Apparel,1,34.99,34.99,120.94
1251,2024-01-17 16:32:03,Bulk,6,Campfire Coffee,Cowboy_Food,1,7.99,7.99,120.94
1251,2024-01-17 16:32:03,Bulk,28,Leather Saddlebag,Leather_Goods,1,59.99,59.99,120.94
1251,2024-01-17 16:32:03,Bulk,16,Hay Bale Twine,Ranch_Supplies,1,5.99,5.99,120.94
1251,2024-01-17 16:32:03,Bulk,21,Red Bandana,Western_Apparel,1,4.99,4.99,120.94
1252,2024-01-17 10:06:30,Regular,26,Rodeo Rope,Rodeo_Gear,1,18.99,18.99,32.97
1252,2024-01-17 10:06:30,Regular,6,Campfire Coffee,Cowboy_Food,1,7.99,7.99,32.97
1252,2024-01-17 10:06:30,Regular,16,Hay Bale Twine,Ranch_Supplies,1,5.99,5.99,32.97
1253,2024-01-17 16:31:23,Regular,28,Leather Saddlebag,Leather_Goods,1,59.99,59.99,64.98
1253,2024-01-17 16:31:23,Regular,9,Dried Apple Slices,Cowboy_Food,1,4.99,4.99,64.98
1254,2024-01-17 12:37:55,Casual,20,Cowboy Boots,Western_Apparel,2,89.99,179.98,260.93
1254,2024-01-17 12:37:55,Casual,22,Flannel Shirt,Western_Apparel,1,29.99,29.99,260.93
1254,2024-01-17 12:37:55,Casual,9,Dried Apple Slices,Cowboy_Food,1,4.99,4.99,260.93
1254,2024-01-17 12:37:55,Casual,11,Lasso Rope,Ranch_Supplies,1,14.99,14.99,260.93
1254,2024-01-17 12:37:55,Casual,29,Leather Wallet,Leather_Goods,1,24.99,24.99,260.93
1254,2024-01-17 12:37:55,Casual,16,Hay Bale Twine,Ranch_Supplies,1,5.99,5.99,260.93
1255,2024-01-17 12:16:36,Bulk,28,Leather Saddlebag,Leather_Goods,1,59.99,59.99,158.41
1255,2024-01-17 12:16:36,Bulk,4,Trail Beef Jerky,Cowboy_Food,2,5.99,11.98,158.41
1255,2024-01-17 12:16:36,Bulk,16,Hay Bale Twine,Ranch_Supplies,1,5.99,5.99,158.41
1255,2024-01-17 12:16:36,Bulk,11,Lasso Rope,Ranch_Supplies,1,14.99,14.99,158.41
1255,2024-01-17 12:16:36,Bulk,8,Hardtack Biscuits,Cowboy_Food,1,2.49,2.49,158.41
1255,2024-01-17 12:16:36,Bulk,19,Cowboy Hat,Western_Apparel,1,34.99,34.99,158.41
1255,2024-01-17 12:16:36,Bulk,1,Chuckwagon Beans,Cowboy_Food,1,2.99,2.99,158.41
1255,2024-01-17 12:16:36,Bulk,29,Leather Wallet,Leather_Goods,1,24.99,24.99,158.41
1256,2024-01-17 16:29:25,Casual,8,Hardtack Biscuits,Cowboy_Food,1,2.49,2.49,132.47
1256,2024-01-17 16:29:25,Casual,24,Denim Vest,Western_Apparel,1,39.99,39.99,132.47
1256,2024-01-17 16:29:25,Casual,20,Cowboy Boots,Western_Apparel,1,89.99,89.99,132.47
1257,2024-01-17 11:47:35,Regular,20,Cowboy Boots,Western_Apparel,1,89.99,89.99,266.88
1257,2024-01-17 11:47:35,Regular,25,Riding Spurs,Rodeo_Gear,2,22.99,45.98,266.88
1257,2024-01-17 11:47:35,Regular,19,Cowboy Hat,Western_Apparel,1,34.99,34.99,266.88
1257,2024-01-17 11:47:35,Regular,6,Campfire Coffee,Cowboy_Food,1,7.99,7.99,266.88
1257,2024-01-17 11:47:35,Regular,9,Dried Apple Slices,Cowboy_Food,2,4.99,9.98,266.88
1257,2024-01-17 11:47:35,Regular,22,Flannel Shirt,Western_Apparel,1,29.99,29.99,266.88
1257,2024-01-17 11:47:35,Regular,11,Lasso Rope,Ranch_Supplies,1,14.99,14.99,266.88
1257,2024-01-17 11:47:35,Regular,21,Red Bandana,Western_Apparel,1,4.99,4.99,266.88
1257,2024-01-17 11:47:35,Regular,1,Chuckwagon Beans,Cowboy_Food,1,2.99,2.99,266.88
1257,2024-01-17 11:47:35,Regular,18,Branding Iron,Ranch_Supplies,1,24.99,24.99,266.88
1258,2024-01-17 18:20:08,Regular,27,Bull Rope Rosin,Rodeo_Gear,1,7.49,7.49,107.39
1258,2024-01-17 18:20:08,Regular,9,Dried Apple Slices,Cowboy_Food,1,4.99,4.99,107.39
1258,2024-01-17 18:20:08,Regular,6,Campfire Coffee,Cowboy_Food,2,7.99,15.98,107.39
1258,2024-01-17 18:20:08,Regular,22,Flannel Shirt,Western_Apparel,1,29.99,29.99,107.39
1258,2024-01-17 18:20:08,Regular,30,Leather Journal,Leather_Goods,1,14.99,14.99,107.39
1258,2024-01-17 18:20:08,Regular,12,Horse Feed Sack,Ranch_Supplies,1,19.99,19.99,107.39
1258,2024-01-17 18:20:08,Regular,8,Hardtack Biscuits,Cowboy_Food,1,2.49,2.49,107.39
1258,2024-01-17 18:20:08,Regular,2,Campfire Chili,Cowboy_Food,1,3.99,3.99,107.39
1258,2024-01-17 18:20:08,Regular,1,Chuckwagon Beans,Cowboy_Food,1,2.99,2.99,107.39
1258,2024-01-17 18:20:08,Regular,3,Smoky BBQ Sauce,Cowboy_Food,1,4.49,4.49,107.39
1259,2024-01-17 18:47:28,Bulk,5,Cornbread Mix,Cowboy_Food,1,3.49,3.49,83.45
1259,2024-01-17 18:47:28,Bulk,9,Dried Apple Slices,Cowboy_Food,1,4.99,4.99,83.45
1259,2024-01-17 18:47:28,Bulk,4,Trail Beef Jerky,Cowboy_Food,1,5.99,5.99,83.45
1259,2024-01-17 18:47:28,Bulk,10,Smoked Sausage Links,Cowboy_Food,1,8.99,8.99,83.45
1259,2024-01-17 18:47:28,Bulk,28,Leather Saddlebag,Leather_Goods,1,59.99,59.99,83.45
1260,2024-01-17 14:58:19,Regular,23,Leather Belt,Western_Apparel,1,19.99,19.99,39.97
1260,2024-01-17 14:58:19,Regular,21,Red Bandana,Western_Apparel,1,4.99,4.99,39.97
1260,2024-01-17 14:58:19,Regular,30,Leather Journal,Leather_Goods,1,14.99,14.99,39.97
1261,2024-01-17 14:17:10,Bulk,1,Chuckwagon Beans,Cowboy_Food,1,2.99,2.99,67.95
1261,2024-01-17 14:17:10,Bulk,17,Stock Tank Float,Ranch_Supplies,1,8.49,8.49,67.95
1261,2024-01-17 14:17:10,Bulk,15,Fence Wire (50ft),Ranch_Supplies,1,12.99,12.99,67.95
1261,2024-01-17 14:17:10,Bulk,24,Denim Vest,Western_Apparel,1,39.99,39.99,67.95
1261,2024-01-17 14:17:10,Bulk,5,Cornbread Mix,Cowboy_Food,1,3.49,3.49,67.95
1262,2024-01-17 10:37:23,Regular,12,Horse Feed Sack,Ranch_Supplies,1,19.99,19.99,31.47
1262,2024-01-17 10:37:23,Regular,6,Campfire Coffee,Cowboy_Food,1,7.99,7.99,31.47
1262,2024-01-17 10:37:23,Regular,5,Cornbread Mix,Cowboy_Food,1,3.49,3.49,31.47
1263,2024-01-17 16:57:38,Bulk,26,Rodeo Rope,Rodeo_Gear,1,18.99,18.99,58.97
1263,2024-01-17 16:57:38,Bulk,23,Leather Belt,Western_Apparel,2,19.99,39.98,58.97
1264,2024-01-17 11:21:34,Regular,21,Red Bandana,Western_Apparel,1,4.99,4.99,32.47
1264,2024-01-17 11:21:34,Regular,8,Hardtack Biscuits,Cowboy_Food,1,2.49,2.49,32.47
1264,2024-01-17 11:21:34,Regular,18,Branding Iron,Ranch_Supplies,1,24.99,24.99,32.47
1265,2024-01-17 18:01:57,Bulk,10,Smoked Sausage Links,Cowboy_Food,2,8.99,17.98,200.39
1265,2024-01-17 18:01:57,Bulk,15,Fence Wire (50ft),Ranch_Supplies,2,12.99,25.98,200.39
1265,2024-01-17 18:01:57,Bulk,17,Stock Tank Float,Ranch_Supplies,1,8.49,8.49,200.39
1265,2024-01-17 18:01:57,Bulk,3,Smoky BBQ Sauce,Cowboy_Food,1,4.49,4.49,200.39
1265,2024-01-17 18:01:57,Bulk,20,Cowboy Boots,Western_Apparel,1,89.99,89.99,200.39
1265,2024-01-17 18:01:57,Bulk,14,Work Gloves,Ranch_Supplies,1,6.99,6.99,200.39
1265,2024-01-17 18:01:57,Bulk,8,Hardtack Biscuits,Cowboy_Food,1,2.49,2.49,200.39
1265,2024-01-17 18:01:57,Bulk,26,Rodeo Rope,Rodeo_Gear,1,18.99,18.99,200.39
1265,2024-01-17 18:01:57,Bulk,18,Branding Iron,Ranch_Supplies,1,24.99,24.99,200.39
1266,2024-01-17 18:47:16,Casual,19,Cowboy Hat,Western_Apparel,2,34.99,69.98,175.95
1266,2024-01-17 18:47:16,Casual,4,Trail Beef Jerky,Cowboy_Food,1,5.99,5.99,175.95
1266,2024-01-17 18:47:16,Casual,24,Denim Vest,Western_Apparel,1,39.99,39.99,175.95
1266,2024-01-17 18:47:16,Casual,28,Leather Saddlebag,Leather_Goods,1,59.99,59.99,175.95
1267,2024-01-18 15:24:13,Regular,14,Work Gloves,Ranch_Supplies,2,6.99,13.98,18.97
1267,2024-01-18 15:24:13,Regular,9,Dried Apple Slices,Cowboy_Food,1,4.99,4.99,18.97
1268,2024-01-18 17:46:13,Tourist,23,Leather Belt,Western_Apparel,1,19.99,19.99,112.91
1268,2024-01-18 17:46:13,Tourist,3,Smoky BBQ Sauce,Cowboy_Food,1,4.49,4.49,112.91
1268,2024-01-18 17:46:13,Tourist,27,Bull Rope Rosin,Rodeo_Gear,2,7.49,14.98,112.91
1268,2024-01-18 17:46:13,Tourist,11,Lasso Rope,Ranch_Supplies,1,14.99,14.99,112.91
1268,2024-01-18 17:46:13,Tourist,22,Flannel Shirt,Western_Apparel,1,29.99,29.99,112.91
1268,2024-01-18 17:46:13,Tourist,30,Leather Journal,Leather_Goods,1,14.99,14.99,112.91
1268,2024-01-18 17:46:13,Tourist,17,Stock Tank Float,Ranch_Supplies,1,8.49,8.49,112.91
1268,2024-01-18 17:46:13,Tourist,21,Red Bandana,Western_Apparel,1,4.99,4.99,112.91
1269,2024-01-18 11:55:07,Regular,6,Campfire Coffee,Cowboy_Food,1,7.99,7.99,30.96
1269,2024-01-18 11:55:07,Regular,4,Trail Beef Jerky,Cowboy_Food,1,5.99,5.99,30.96
1269,2024-01-18 11:55:07,Regular,15,Fence Wire (50ft),Ranch_Supplies,1,12.99,12.99,30.96
1269,2024-01-18 11:55:07,Regular,2,Campfire Chili,Cowboy_Food,1,3.99,3.99,30.96
1270,2024-01-18 10:39:31,Regular,10,Smoked Sausage Links,Cowboy_Food,1,8.99,8.99,101.97
1270,2024-01-18 10:39:31,Regular,20,Cowboy Boots,Western_Apparel,1,89.99,89.99,101.97
1270,2024-01-18 10:39:31,Regular,1,Chuckwagon Beans,Cowboy_Food,1,2.99,2.99,101.97
1271,2024-01-18 16:38:32,Regular,5,Cornbread Mix,Cowboy_Food,1,3.49,3.49,118.46
1271,2024-01-18 16:38:32,Regular,28,Leather Saddlebag,Leather_Goods,1,59.99,59.99,118.46
1271,2024-01-18 16:38:32,Regular,18,Branding Iron,Ranch_Supplies,1,24.99,24.99,118.46
1271,2024-01-18 16:38:32,Regular,22,Flannel Shirt,Western_Apparel,1,29.99,29.99,118.46
1272,2024-01-18 15:21:01,Regular,3,Smoky BBQ Sauce,Cowboy_Food,1,4.49,4.49,59.95
1272,2024-01-18 15:21:01,Regular,26,Rodeo Rope,Rodeo_Gear,1,18.99,18.99,59.95
1272,2024-01-18 15:21:01,Regular,7,Prairie Honey,Cowboy_Food,1,6.49,6.49,59.95
1272,2024-01-18 15:21:01,Regular,30,Leather Journal,Leather_Goods,1,14.99,14.99,59.95
1272,2024-01-18 15:21:01,Regular,11,Lasso Rope,Ranch_Supplies,1,14.99,14.99,59.95
1273,2024-01-18 10:14:27,Regular,28,Leather Saddlebag,Leather_Goods,1,59.99,59.99,300.91
1273,2024-01-18 10:14:27,Regular,1,Chuckwagon Beans,Cowboy_Food,2,2.99,5.98,300.91
1273,2024-01-18 10:14:27,Regular,20,Cowboy Boots,Western_Apparel,2,89.99,179.98,300.91
1273,2024-01-18 10:14:27,Regular,23,Leather Belt,Western_Apparel,1,19.99,19.99,300.91
1273,2024-01-18 10:14:27,Regular,12,Horse Feed Sack,Ranch_Supplies,1,19.99,19.99,300.91
1273,2024-01-18 10:14:27,Regular,10,Smoked Sausage Links,Cowboy_Food,1,8.99,8.99,300.91
1273,2024-01-18 10:14:27,Regular,4,Trail Beef Jerky,Cowboy_Food,1,5.99,5.99,300.91
1274,2024-01-18 12:21:44,Regular,29,Leather Wallet,Leather_Goods,1,24.99,24.99,54.98
1274,2024-01-18 12:21:44,Regular,22,Flannel Shirt,Western_Apparel,1,29.99,29.99,54.98
1275,2024-01-18 12:55:00,Bulk,4,Trail Beef Jerky,Cowboy_Food,2,5.99,11.98,68.43
1275,2024-01-18 12:55:00,Bulk,3,Smoky BBQ Sauce,Cowboy_Food,2,4.49,8.98,68.43
1275,2024-01-18 12:55:00,Bulk,18,Branding Iron,Ranch_Supplies,1,24.99,24.99,68.43
1275,2024-01-18 12:55:00,Bulk,5,Cornbread Mix,Cowboy_Food,1,3.49,3.49,68.43
1275,2024-01-18 12:55:00,Bulk,26,Rodeo Rope,Rodeo_Gear,1,18.99,18.99,68.43
1276,2024-01-18 16:21:18,Casual,1,Chuckwagon Beans,Cowboy_Food,1,2.99,2.99,42.98
1276,2024-01-18 16:21:18,Casual,24,Denim Vest,Western_Apparel,1,39.99,39.99,42.98
1277,2024-01-18 15:06:57,Regular,4,Trail Beef Jerky,Cowboy_Food,1,5.99,5.99,213.89
1277,2024-01-18 15:06:57,Regular,16,Hay Bale Twine,Ranch_Supplies,1,5.99,5.99,213.89
1277,2024-01-18 15:06:57,Regular,15,Fence Wire (50ft),Ranch_Supplies,1,12.99,12.99,213.89
1277,2024-01-18 15:06:57,Regular,18,Branding Iron,Ranch_Supplies,1,24.99,24.99,213.89
1277,2024-01-18 15:06:57,Regular,24,Denim Vest,Western_Apparel,1,39.99,39.99,213.89
1277,2024-01-18 15:06:57,Regular,11,Lasso Rope,Ranch_Supplies,1,14.99,14.99,213.89
1277,2024-01-18 15:06:57,Regular,26,Rodeo Rope,Rodeo_Gear,1,18.99,18.99,213.89
1277,2024-01-18 15:06:57,Regular,13,Saddle Oil,Ranch_Supplies,2,9.99,19.98,213.89
1277,2024-01-18 15:06:57,Regular,19,Cowboy Hat,Western_Apparel,2,34.99,69.98,213.89
1278,2024-01-18 15:14:25,Casual,1,Chuckwagon Beans,Cowboy_Food,1,2.99,2.99,230.94
1278,2024-01-18 15:14:25,Casual,20,Cowboy Boots,Western_Apparel,2,89.99,179.98,230.94
1278,2024-01-18 15:14:25,Casual,3,Smoky BBQ Sauce,Cowboy_Food,1,4.49,4.49,230.94
1278,2024-01-18 15:14:25,Casual,17,Stock Tank Float,Ranch_Supplies,1,8.49,8.49,230.94
1278,2024-01-18 15:14:25,Casual,19,Cowboy Hat,Western_Apparel,1,34.99,34.99,230.94
1279,2024-01-18 17:06:00,Bulk,25,Riding Spurs,Rodeo_Gear,1,22.99,22.99,74.96
1279,2024-01-18 17:06:00,Bulk,13,Saddle Oil,Ranch_Supplies,1,9.99,9.99,74.96
1279,2024-01-18 17:06:00,Bulk,19,Cowboy Hat,Western_Apparel,1,34.99,34.99,74.96
1279,2024-01-18 17:06:00,Bulk,14,Work Gloves,Ranch_Supplies,1,6.99,6.99,74.96
1280,2024-01-18 12:20:31,Casual,5,Cornbread Mix,Cowboy_Food,1,3.49,3.49,3.49
1281,2024-01-18 16:22:24,Casual,3,Smoky BBQ Sauce,Cowboy_Food,1,4.49,4.49,66.43
1281,2024-01-18 16:22:24,Casual,17,Stock Tank Float,Ranch_Supplies,1,8.49,8.49,66.43
1281,2024-01-18 16:22:24,Casual,22,Flannel Shirt,Western_Apparel,1,29.99,29.99,66.43
1281,2024-01-18 16:22:24,Casual,16,Hay Bale Twine,Ranch_Supplies,1,5.99,5.99,66.43
1281,2024-01-18 16:22:24,Casual,8,Hardtack Biscuits,Cowboy_Food,1,2.49,2.49,66.43
1281,2024-01-18 16:22:24,Casual,21,Red Bandana,Western_Apparel,1,4.99,4.99,66.43
1281,2024-01-18 16:22:24,Casual,13,Saddle Oil,Ranch_Supplies,1,9.99,9.99,66.43
1282,2024-01-18 13:38:12,Tourist,16,Hay Bale Twine,Ranch_Supplies,1,5.99,5.99,31.97
1282,2024-01-18 13:38:12,Tourist,12,Horse Feed Sack,Ranch_Supplies,1,19.99,19.99,31.97
1282,2024-01-18 13:38:12,Tourist,4,Trail Beef Jerky,Cowboy_Food,1,5.99,5.99,31.97
1283,2024-01-18 14:32:04,Regular,15,Fence Wire (50ft),Ranch_Supplies,1,12.99,12.99,12.99
1284,2024-01-18 15:43:53,Bulk,12,Horse Feed Sack,Ranch_Supplies,1,19.99,19.99,358.85
1284,2024-01-18 15:43:53,Bulk,24,Denim Vest,Western_Apparel,1,39.99,39.99,358.85
1284,2024-01-18 15:43:53,Bulk,13,Saddle Oil,Ranch_Supplies,1,9.99,9.99,358.85
1284,2024-01-18 15:43:53,Bulk,30,Leather Journal,Leather_Goods,2,14.99,29.98,358.85
1284,2024-01-18 15:43:53,Bulk,10,Smoked Sausage Links,Cowboy_Food,1,8.99,8.99,358.85
1284,2024-01-18 15:43:53,Bulk,20,Cowboy Boots,Western_Apparel,1,89.99,89.99,358.85
1284,2024-01-18 15:43:53,Bulk,16,Hay Bale Twine,Ranch_Supplies,1,5.99,5.99,358.85
1284,2024-01-18 15:43:53,Bulk,22,Flannel Shirt,Western_Apparel,1,29.99,29.99,358.85
1284,2024-01-18 15:43:53,Bulk,26,Rodeo Rope,Rodeo_Gear,1,18.99,18.99,358.85
1284,2024-01-18 15:43:53,Bulk,14,Work Gloves,Ranch_Supplies,2,6.99,13.98,358.85
1284,2024-01-18 15:43:53,Bulk,29,Leather Wallet,Leather_Goods,1,24.99,24.99,358.85
1284,2024-01-18 15:43:53,Bulk,28,Leather Saddlebag,Leather_Goods,1,59.99,59.99,358.85
1284,2024-01-18 15:43:53,Bulk,4,Trail Beef Jerky,Cowboy_Food,1,5.99,5.99,358.85
1285,2024-01-18 16:30:48,Tourist,10,Smoked Sausage Links,Cowboy_Food,1,8.99,8.99,17.48
1285,2024-01-18 16:30:48,Tourist,17,Stock Tank Float,Ranch_Supplies,1,8.49,8.49,17.48
1286,2024-01-18 18:08:40,Casual,25,Riding Spurs,Rodeo_Gear,1,22.99,22.99,22.99
1287,2024-01-18 12:15:01,Regular,21,Red Bandana,Western_Apparel,1,4.99,4.99,35.44
1287,2024-01-18 12:15:01,Regular,5,Cornbread Mix,Cowboy_Food,1,3.49,3.49,35.44
1287,2024-01-18 12:15:01,Regular,14,Work Gloves,Ranch_Supplies,2,6.99,13.98,35.44
1287,2024-01-18 12:15:01,Regular,13,Saddle Oil,Ranch_Supplies,1,9.99,9.99,35.44
1287,2024-01-18 12:15:01,Regular,1,Chuckwagon Beans,Cowboy_Food,1,2.99,2.99,35.44
1288,2024-01-18 10:51:52,Bulk,3,Smoky BBQ Sauce,Cowboy_Food,2,4.49,8.98,246.41
1288,2024-01-18 10:51:52,Bulk,10,Smoked Sausage Links,Cowboy_Food,1,8.99,8.99,246.41
1288,2024-01-18 10:51:52,Bulk,19,Cowboy Hat,Western_Apparel,1,34.99,34.99,246.41
1288,2024-01-18 10:51:52,Bulk,14,Work Gloves,Ranch_Supplies,1,6.99,6.99,246.41
1288,2024-01-18 10:51:52,Bulk,2,Campfire Chili,Cowboy_Food,1,3.99,3.99,246.41
1288,2024-01-18 10:51:52,Bulk,20,Cowboy Boots,Western_Apparel,2,89.99,179.98,246.41
1288,2024-01-18 10:51:52,Bulk,8,Hardtack Biscuits,Cowboy_Food,1,2.49,2.49,246.41
1289,2024-01-18 14:40:28,Casual,30,Leather Journal,Leather_Goods,1,14.99,14.99,14.99
1290,2024-01-18 15:39:28,Regular,7,Prairie Honey,Cowboy_Food,1,6.49,6.49,111.47
1290,2024-01-18 15:39:28,Regular,20,Cowboy Boots,Western_Apparel,1,89.99,89.99,111.47
1290,2024-01-18 15:39:28,Regular,11,Lasso Rope,Ranch_Supplies,1,14.99,14.99,111.47
1291,2024-01-18 11:53:52,Bulk,20,Cowboy Boots,Western_Apparel,2,89.99,179.98,236.44
1291,2024-01-18 11:53:52,Bulk,21,Red Bandana,Western_Apparel,1,4.99,4.99,236.44
1291,2024-01-18 11:53:52,Bulk,29,Leather Wallet,Leather_Goods,1,24.99,24.99,236.44
1291,2024-01-18 11:53:52,Bulk,7,Prairie Honey,Cowboy_Food,1,6.49,6.49,236.44
1291,2024-01-18 11:53:52,Bulk,23,Leather Belt,Western_Apparel,1,19.99,19.99,236.44
1292,2024-01-18 17:39:25,Casual,10,Smoked Sausage Links,Cowboy_Food,1,8.99,8.99,54.97
1292,2024-01-18 17:39:25,Casual,24,Denim Vest,Western_Apparel,1,39.99,39.99,54.97
1292,2024-01-18 17:39:25,Casual,4,Trail Beef Jerky,Cowboy_Food,1,5.99,5.99,54.97
1293,2024-01-18 17:04:14,Bulk,20,Cowboy Boots,Western_Apparel,1,89.99,89.99,188.41
1293,2024-01-18 17:04:14,Bulk,14,Work Gloves,Ranch_Supplies,3,6.99,20.97,188.41
1293,2024-01-18 17:04:14,Bulk,25,Riding Spurs,Rodeo_Gear,2,22.99,45.98,188.41
1293,2024-01-18 17:04:14,Bulk,23,Leather Belt,Western_Apparel,1,19.99,19.99,188.41
1293,2024-01-18 17:04:14,Bulk,21,Red Bandana,Western_Apparel,1,4.99,4.99,188.41
1293,2024-01-18 17:04:14,Bulk,7,Prairie Honey,Cowboy_Food,1,6.49,6.49,188.41
1294,2024-01-18 15:17:14,Regular,22,Flannel Shirt,Western_Apparel,1,29.99,29.99,46.47
1294,2024-01-18 15:17:14,Regular,6,Campfire Coffee,Cowboy_Food,1,7.99,7.99,46.47
1294,2024-01-18 15:17:14,Regular,17,Stock Tank Float,Ranch_Supplies,1,8.49,8.49,46.47
1295,2024-01-18 14:54:55,Bulk,20,Cowboy Boots,Western_Apparel,1,89.99,89.99,369.86
1295,2024-01-18 14:54:55,Bulk,30,Leather Journal,Leather_Goods,1,14.99,14.99,369.86
1295,2024-01-18 14:54:55,Bulk,23,Leather Belt,Western_Apparel,1,19.99,19.99,369.86
1295,2024-01-18 14:54:55,Bulk,19,Cowboy Hat,Western_Apparel,1,34.99,34.99,369.86
1295,2024-01-18 14:54:55,Bulk,16,Hay Bale Twine,Ranch_Supplies,1,5.99,5.99,369.86
1295,2024-01-18 14:54:55,Bulk,28,Leather Saddlebag,Leather_Goods,1,59.99,59.99,369.86
1295,2024-01-18 14:54:55,Bulk,15,Fence Wire (50ft),Ranch_Supplies,1,12.99,12.99,369.86
1295,2024-01-18 14:54:55,Bulk,11,Lasso Rope,Ranch_Supplies,1,14.99,14.99,369.86
1295,2024-01-18 14:54:55,Bulk,25,Riding Spurs,Rodeo_Gear,1,22.99,22.99,369.86
1295,2024-01-18 14:54:55,Bulk,29,Leather Wallet,Leather_Goods,1,24.99,24.99,369.86
1295,2024-01-18 14:54:55,Bulk,14,Work Gloves,Ranch_Supplies,1,6.99,6.99,369.86
1295,2024-01-18 14:54:55,Bulk,4,Trail Beef Jerky,Cowboy_Food,1,5.99,5.99,369.86
1295,2024-01-18 14:54:55,Bulk,18,Branding Iron,Ranch_Supplies,1,24.99,24.99,369.86
1295,2024-01-18 14:54:55,Bulk,22,Flannel Shirt,Western_Apparel,1,29.99,29.99,369.86
1296,2024-01-18 10:08:32,Bulk,19,Cowboy Hat,Western_Apparel,1,34.99,34.99,410.8
1296,2024-01-18 10:08:32,Bulk,11,Lasso Rope,Ranch_Supplies,1,14.99,14.99,410.8
1296,2024-01-18 10:08:32,Bulk,23,Leather Belt,Western_Apparel,1,19.99,19.99,410.8
1296,2024-01-18 10:08:32,Bulk,1,Chuckwagon Beans,Cowboy_Food,2,2.99,5.98,410.8
1296,2024-01-18 10:08:32,Bulk,24,Denim Vest,Western_Apparel,1,39.99,39.99,410.8
1296,2024-01-18 10:08:32,Bulk,8,Hardtack Biscuits,Cowboy_Food,1,2.49,2.49,410.8
1296,2024-01-18 10:08:32,Bulk,29,Leather Wallet,Leather_Goods,1,24.99,24.99,410.8
1296,2024-01-18 10:08:32,Bulk,22,Flannel Shirt,Western_Apparel,1,29.99,29.99,410.8
1296,2024-01-18 10:08:32,Bulk,6,Campfire Coffee,Cowboy_Food,2,7.99,15.98,410.8
1296,2024-01-18 10:08:32,Bulk,30,Leather Journal,Leather_Goods,2,14.99,29.98,410.8
1296,2024-01-18 10:08:32,Bulk,14,Work Gloves,Ranch_Supplies,1,6.99,6.99,410.8
1296,2024-01-18 10:08:32,Bulk,15,Fence Wire (50ft),Ranch_Supplies,1,12.99,12.99,410.8
1296,2024-01-18 10:08:32,Bulk,27,Bull Rope Rosin,Rodeo_Gear,1,7.49,7.49,410.8
1296,2024-01-18 10:08:32,Bulk,28,Leather Saddlebag,Leather_Goods,1,59.99,59.99,410.8
1296,2024-01-18 10:08:32,Bulk,20,Cowboy Boots,Western_Apparel,1,89.99,89.99,410.8
1296,2024-01-18 10:08:32,Bulk,9,Dried Apple Slices,Cowboy_Food,1,4.99,4.99,410.8
1296,2024-01-18 10:08:32,Bulk,10,Smoked Sausage Links,Cowboy_Food,1,8.99,8.99,410.8
1297,2024-01-18 15:35:34,Regular,10,Smoked Sausage Links,Cowboy_Food,1,8.99,8.99,38.98
1297,2024-01-18 15:35:34,Regular,22,Flannel Shirt,Western_Apparel,1,29.99,29.99,38.98
1298,2024-01-18 15:57:35,Bulk,11,Lasso Rope,Ranch_Supplies,1,14.99,14.99,127.93
1298,2024-01-18 15:57:35,Bulk,19,Cowboy Hat,Western_Apparel,1,34.99,34.99,127.93
1298,2024-01-18 15:57:35,Bulk,21,Red Bandana,Western_Apparel,2,4.99,9.98,127.93
1298,2024-01-18 15:57:35,Bulk,25,Riding Spurs,Rodeo_Gear,1,22.99,22.99,127.93
1298,2024-01-18 15:57:35,Bulk,23,Leather Belt,Western_Apparel,1,19.99,19.99,127.93
1298,2024-01-18 15:57:35,Bulk,18,Branding Iron,Ranch_Supplies,1,24.99,24.99,127.93
1299,2024-01-18 17:40:13,Regular,21,Red Bandana,Western_Apparel,1,4.99,4.99,4.99
1300,2024-01-18 15:20:25,Casual,16,Hay Bale Twine,Ranch_Supplies,1,5.99,5.99,5.99
1301,2024-01-18 11:19:57,Casual,9,Dried Apple Slices,Cowboy_Food,1,4.99,4.99,4.99
1302,2024-01-18 11:30:08,Casual,16,Hay Bale Twine,Ranch_Supplies,1,5.99,5.99,40.98
1302,2024-01-18 11:30:08,Casual,19,Cowboy Hat,Western_Apparel,1,34.99,34.99,40.98
1303,2024-01-18 11:20:57,Bulk,22,Flannel Shirt,Western_Apparel,1,29.99,29.99,75.43
1303,2024-01-18 11:20:57,Bulk,6,Campfire Coffee,Cowboy_Food,1,7.99,7.99,75.43
1303,2024-01-18 11:20:57,Bulk,5,Cornbread Mix,Cowboy_Food,1,3.49,3.49,75.43
1303,2024-01-18 11:20:57,Bulk,1,Chuckwagon Beans,Cowboy_Food,2,2.99,5.98,75.43
1303,2024-01-18 11:20:57,Bulk,11,Lasso Rope,Ranch_Supplies,1,14.99,14.99,75.43
1303,2024-01-18 11:20:57,Bulk,15,Fence Wire (50ft),Ranch_Supplies,1,12.99,12.99,75.43
1304,2024-01-18 18:04:16,Regular,25,Riding Spurs,Rodeo_Gear,1,22.99,22.99,129.46
1304,2024-01-18 18:04:16,Regular,20,Cowboy Boots,Western_Apparel,1,89.99,89.99,129.46
1304,2024-01-18 18:04:16,Regular,13,Saddle Oil,Ranch_Supplies,1,9.99,9.99,129.46
1304,2024-01-18 18:04:16,Regular,7,Prairie Honey,Cowboy_Food,1,6.49,6.49,129.46
1305,2024-01-18 17:02:17,Casual,4,Trail Beef Jerky,Cowboy_Food,1,5.99,5.99,14.97
1305,2024-01-18 17:02:17,Casual,8,Hardtack Biscuits,Cowboy_Food,1,2.49,2.49,14.97
1305,2024-01-18 17:02:17,Casual,7,Prairie Honey,Cowboy_Food,1,6.49,6.49,14.97
1306,2024-01-18 17:13:00,Regular,4,Trail Beef Jerky,Cowboy_Food,1,5.99,5.99,250.42
1306,2024-01-18 17:13:00,Regular,19,Cowboy Hat,Western_Apparel,2,34.99,69.98,250.42
1306,2024-01-18 17:13:00,Regular,20,Cowboy Boots,Western_Apparel,1,89.99,89.99,250.42
1306,2024-01-18 17:13:00,Regular,3,Smoky BBQ Sauce,Cowboy_Food,1,4.49,4.49,250.42
1306,2024-01-18 17:13:00,Regular,24,Denim Vest,Western_Apparel,1,39.99,39.99,250.42
1306,2024-01-18 17:13:00,Regular,23,Leather Belt,Western_Apparel,1,19.99,19.99,250.42
1306,2024-01-18 17:13:00,Regular,12,Horse Feed Sack,Ranch_Supplies,1,19.99,19.99,250.42
1307,2024-01-18 17:19:39,Bulk,9,Dried Apple Slices,Cowboy_Food,1,4.99,4.99,139.91
1307,2024-01-18 17:19:39,Bulk,7,Prairie Honey,Cowboy_Food,1,6.49,6.49,139.91
1307,2024-01-18 17:19:39,Bulk,12,Horse Feed Sack,Ranch_Supplies,1,19.99,19.99,139.91
1307,2024-01-18 17:19:39,Bulk,17,Stock Tank Float,Ranch_Supplies,1,8.49,8.49,139.91
1307,2024-01-18 17:19:39,Bulk,10,Smoked Sausage Links,Cowboy_Food,1,8.99,8.99,139.91
1307,2024-01-18 17:19:39,Bulk,29,Leather Wallet,Leather_Goods,1,24.99,24.99,139.91
1307,2024-01-18 17:19:39,Bulk,1,Chuckwagon Beans,Cowboy_Food,2,2.99,5.98,139.91
1307,2024-01-18 17:19:39,Bulk,28,Leather Saddlebag,Leather_Goods,1,59.99,59.99,139.91
1308,2024-01-18 10:47:19,Regular,23,Leather Belt,Western_Apparel,2,19.99,39.98,180.86
1308,2024-01-18 10:47:19,Regular,2,Campfire Chili,Cowboy_Food,1,3.99,3.99,180.86
1308,2024-01-18 10:47:19,Regular,24,Denim Vest,Western_Apparel,2,39.99,79.98,180.86
1308,2024-01-18 10:47:19,Regular,6,Campfire Coffee,Cowboy_Food,2,7.99,15.98,180.86
1308,2024-01-18 10:47:19,Regular,1,Chuckwagon Beans,Cowboy_Food,3,2.99,8.97,180.86
1308,2024-01-18 10:47:19,Regular,21,Red Bandana,Western_Apparel,1,4.99,4.99,180.86
1308,2024-01-18 10:47:19,Regular,5,Cornbread Mix,Cowboy_Food,1,3.49,3.49,180.86
1308,2024-01-18 10:47:19,Regular,30,Leather Journal,Leather_Goods,1,14.99,14.99,180.86
1308,2024-01-18 10:47:19,Regular,17,Stock Tank Float,Ranch_Supplies,1,8.49,8.49,180.86
1309,2024-01-18 16:32:27,Bulk,3,Smoky BBQ Sauce,Cowboy_Food,1,4.49,4.49,364.85
1309,2024-01-18 16:32:27,Bulk,26,Rodeo Rope,Rodeo_Gear,2,18.99,37.98,364.85
1309,2024-01-18 16:32:27,Bulk,6,Campfire Coffee,Cowboy_Food,1,7.99,7.99,364.85
1309,2024-01-18 16:32:27,Bulk,27,Bull Rope Rosin,Rodeo_Gear,1,7.49,7.49,364.85
1309,2024-01-18 16:32:27,Bulk,19,Cowboy Hat,Western_Apparel,2,34.99,69.98,364.85
1309,2024-01-18 16:32:27,Bulk,18,Branding Iron,Ranch_Supplies,1,24.99,24.99,364.85
1309,2024-01-18 16:32:27,Bulk,29,Leather Wallet,Leather_Goods,2,24.99,49.98,364.85
1309,2024-01-18 16:32:27,Bulk,22,Flannel Shirt,Western_Apparel,1,29.99,29.99,364.85
1309,2024-01-18 16:32:27,Bulk,20,Cowboy Boots,Western_Apparel,1,89.99,89.99,364.85
1309,2024-01-18 16:32:27,Bulk,12,Horse Feed Sack,Ranch_Supplies,1,19.99,19.99,364.85
1309,2024-01-18 16:32:27,Bulk,14,Work Gloves,Ranch_Supplies,1,6.99,6.99,364.85
1309,2024-01-18 16:32:27,Bulk,11,Lasso Rope,Ranch_Supplies,1,14.99,14.99,364.85
1310,2024-01-18 16:33:34,Bulk,22,Flannel Shirt,Western_Apparel,1,29.99,29.99,188.84
1310,2024-01-18 16:33:34,Bulk,1,Chuckwagon Beans,Cowboy_Food,1,2.99,2.99,188.84
1310,2024-01-18 16:33:34,Bulk,27,Bull Rope Rosin,Rodeo_Gear,1,7.49,7.49,188.84
1310,2024-01-18 16:33:34,Bulk,19,Cowboy Hat,Western_Apparel,1,34.99,34.99,188.84
1310,2024-01-18 16:33:34,Bulk,13,Saddle Oil,Ranch_Supplies,3,9.99,29.97,188.84
1310,2024-01-18 16:33:34,Bulk,8,Hardtack Biscuits,Cowboy_Food,2,2.49,4.98,188.84
1310,2024-01-18 16:33:34,Bulk,9,Dried Apple Slices,Cowboy_Food,1,4.99,4.99,188.84
1310,2024-01-18 16:33:34,Bulk,4,Trail Beef Jerky,Cowboy_Food,1,5.99,5.99,188.84
1310,2024-01-18 16:33:34,Bulk,11,Lasso Rope,Ranch_Supplies,1,14.99,14.99,188.84
1310,2024-01-18 16:33:34,Bulk,21,Red Bandana,Western_Apparel,1,4.99,4.99,188.84
1310,2024-01-18 16:33:34,Bulk,12,Horse Feed Sack,Ranch_Supplies,1,19.99,19.99,188.84
1310,2024-01-18 16:33:34,Bulk,3,Smoky BBQ Sauce,Cowboy_Food,1,4.49,4.49,188.84
1310,2024-01-18 16:33:34,Bulk,25,Riding Spurs,Rodeo_Gear,1,22.99,22.99,188.84
1311,2024-01-18 11:51:38,Regular,12,Horse Feed Sack,Ranch_Supplies,1,19.99,19.99,282.89
1311,2024-01-18 11:51:38,Regular,14,Work Gloves,Ranch_Supplies,1,6.99,6.99,282.89
1311,2024-01-18 11:51:38,Regular,7,Prairie Honey,Cowboy_Food,1,6.49,6.49,282.89
1311,2024-01-18 11:51:38,Regular,20,Cowboy Boots,Western_Apparel,1,89.99,89.99,282.89
1311,2024-01-18 11:51:38,Regular,13,Saddle Oil,Ranch_Supplies,1,9.99,9.99,282.89
1311,2024-01-18 11:51:38,Regular,8,Hardtack Biscuits,Cowboy_Food,1,2.49,2.49,282.89
1311,2024-01-18 11:51:38,Regular,9,Dried Apple Slices,Cowboy_Food,1,4.99,4.99,282.89
1311,2024-01-18 11:51:38,Regular,25,Riding Spurs,Rodeo_Gear,1,22.99,22.99,282.89
1311,2024-01-18 11:51:38,Regular,26,Rodeo Rope,Rodeo_Gear,1,18.99,18.99,282.89
1311,2024-01-18 11:51:38,Regular,24,Denim Vest,Western_Apparel,1,39.99,39.99,282.89
1311,2024-01-18 11:51:38,Regular,28,Leather Saddlebag,Leather_Goods,1,59.99,59.99,282.89
1312,2024-01-18 15:15:57,Regular,27,Bull Rope Rosin,Rodeo_Gear,1,7.49,7.49,106.94
1312,2024-01-18 15:15:57,Regular,17,Stock Tank Float,Ranch_Supplies,1,8.49,8.49,106.94
1312,2024-01-18 15:15:57,Regular,1,Chuckwagon Beans,Cowboy_Food,1,2.99,2.99,106.94
1312,2024-01-18 15:15:57,Regular,25,Riding Spurs,Rodeo_Gear,1,22.99,22.99,106.94
1312,2024-01-18 15:15:57,Regular,22,Flannel Shirt,Western_Apparel,1,29.99,29.99,106.94
1312,2024-01-18 15:15:57,Regular,19,Cowboy Hat,Western_Apparel,1,34.99,34.99,106.94
1313,2024-01-18 16:19:33,Regular,1,Chuckwagon Beans,Cowboy_Food,1,2.99,2.99,2.99
1314,2024-01-18 17:43:10,Regular,7,Prairie Honey,Cowboy_Food,2,6.49,12.98,37.97
1314,2024-01-18 17:43:10,Regular,29,Leather Wallet,Leather_Goods,1,24.99,24.99,37.97
1315,2024-01-18 10:55:42,Regular,21,Red Bandana,Western_Apparel,1,4.99,4.99,4.99
1316,2024-01-18 17:40:03,Casual,21,Red Bandana,Western_Apparel,1,4.99,4.99,11.97
1316,2024-01-18 17:40:03,Casual,8,Hardtack Biscuits,Cowboy_Food,1,2.49,2.49,11.97
1316,2024-01-18 17:40:03,Casual,3,Smoky BBQ Sauce,Cowboy_Food,1,4.49,4.49,11.97
1317,2024-01-18 17:55:50,Casual,3,Smoky BBQ Sauce,Cowboy_Food,1,4.49,4.49,4.49
1318,2024-01-18 17:56:17,Tourist,11,Lasso Rope,Ranch_Supplies,1,14.99,14.99,54.97
1318,2024-01-18 17:56:17,Tourist,23,Leather Belt,Western_Apparel,1,19.99,19.99,54.97
1318,2024-01-18 17:56:17,Tourist,12,Horse Feed Sack,Ranch_Supplies,1,19.99,19.99,54.97
1319,2024-01-18 09:16:43,Regular,30,Leather Journal,Leather_Goods,1,14.99,14.99,247.93
1319,2024-01-18 09:16:43,Regular,25,Riding Spurs,Rodeo_Gear,1,22.99,22.99,247.93
1319,2024-01-18 09:16:43,Regular,9,Dried Apple Slices,Cowboy_Food,1,4.99,4.99,247.93
1319,2024-01-18 09:16:43,Regular,26,Rodeo Rope,Rodeo_Gear,1,18.99,18.99,247.93
1319,2024-01-18 09:16:43,Regular,20,Cowboy Boots,Western_Apparel,2,89.99,179.98,247.93
1319,2024-01-18 09:16:43,Regular,4,Trail Beef Jerky,Cowboy_Food,1,5.99,5.99,247.93
1320,2024-01-18 11:49:09,Regular,2,Campfire Chili,Cowboy_Food,1,3.99,3.99,113.95
1320,2024-01-18 11:49:09,Regular,25,Riding Spurs,Rodeo_Gear,1,22.99,22.99,113.95
1320,2024-01-18 11:49:09,Regular,6,Campfire Coffee,Cowboy_Food,1,7.99,7.99,113.95
1320,2024-01-18 11:49:09,Regular,26,Rodeo Rope,Rodeo_Gear,1,18.99,18.99,113.95
1320,2024-01-18 11:49:09,Regular,28,Leather Saddlebag,Leather_Goods,1,59.99,59.99,113.95
1321,2024-01-18 16:28:24,Regular,5,Cornbread Mix,Cowboy_Food,1,3.49,3.49,68.45
1321,2024-01-18 16:28:24,Regular,19,Cowboy Hat,Western_Apparel,1,34.99,34.99,68.45
1321,2024-01-18 16:28:24,Regular,9,Dried Apple Slices,Cowboy_Food,2,4.99,9.98,68.45
1321,2024-01-18 16:28:24,Regular,12,Horse Feed Sack,Ranch_Supplies,1,19.99,19.99,68.45
1322,2024-01-18 12:50:41,Bulk,4,Trail Beef Jerky,Cowboy_Food,1,5.99,5.99,20.98
1322,2024-01-18 12:50:41,Bulk,30,Leather Journal,Leather_Goods,1,14.99,14.99,20.98
1323,2024-01-18 10:24:37,Casual,14,Work Gloves,Ranch_Supplies,1,6.99,6.99,46.98
1323,2024-01-18 10:24:37,Casual,24,Denim Vest,Western_Apparel,1,39.99,39.99,46.98
1324,2024-01-18 16:52:00,Casual,24,Denim Vest,Western_Apparel,1,39.99,39.99,75.96
1324,2024-01-18 16:52:00,Casual,16,Hay Bale Twine,Ranch_Supplies,1,5.99,5.99,75.96
1324,2024-01-18 16:52:00,Casual,21,Red Bandana,Western_Apparel,1,4.99,4.99,75.96
1324,2024-01-18 16:52:00,Casual,29,Leather Wallet,Leather_Goods,1,24.99,24.99,75.96
1325,2024-01-18 09:55:02,Regular,17,Stock Tank Float,Ranch_Supplies,1,8.49,8.49,11.48
1325,2024-01-18 09:55:02,Regular,1,Chuckwagon Beans,Cowboy_Food,1,2.99,2.99,11.48
1326,2024-01-18 14:51:58,Bulk,26,Rodeo Rope,Rodeo_Gear,1,18.99,18.99,158.35
1326,2024-01-18 14:51:58,Bulk,17,Stock Tank Float,Ranch_Supplies,2,8.49,16.98,158.35
1326,2024-01-18 14:51:58,Bulk,14,Work Gloves,Ranch_Supplies,1,6.99,6.99,158.35
1326,2024-01-18 14:51:58,Bulk,16,Hay Bale Twine,Ranch_Supplies,1,5.99,5.99,158.35
1326,2024-01-18 14:51:58,Bulk,3,Smoky BBQ Sauce,Cowboy_Food,1,4.49,4.49,158.35
1326,2024-01-18 14:51:58,Bulk,22,Flannel Shirt,Western_Apparel,1,29.99,29.99,158.35
1326,2024-01-18 14:51:58,Bulk,2,Campfire Chili,Cowboy_Food,1,3.99,3.99,158.35
1326,2024-01-18 14:51:58,Bulk,4,Trail Beef Jerky,Cowboy_Food,1,5.99,5.99,158.35
1326,2024-01-18 14:51:58,Bulk,5,Cornbread Mix,Cowboy_Food,1,3.49,3.49,158.35
1326,2024-01-18 14:51:58,Bulk,6,Campfire Coffee,Cowboy_Food,1,7.99,7.99,158.35
1326,2024-01-18 14:51:58,Bulk,1,Chuckwagon Beans,Cowboy_Food,2,2.99,5.98,158.35
1326,2024-01-18 14:51:58,Bulk,27,Bull Rope Rosin,Rodeo_Gear,1,7.49,7.49,158.35
1326,2024-01-18 14:51:58,Bulk,24,Denim Vest,Western_Apparel,1,39.99,39.99,158.35
1327,2024-01-18 18:10:31,Tourist,13,Saddle Oil,Ranch_Supplies,1,9.99,9.99,9.99
1328,2024-01-18 14:48:51,Regular,29,Leather Wallet,Leather_Goods,1,24.99,24.99,43.98
1328,2024-01-18 14:48:51,Regular,26,Rodeo Rope,Rodeo_Gear,1,18.99,18.99,43.98
1329,2024-01-18 17:50:04,Casual,8,Hardtack Biscuits,Cowboy_Food,2,2.49,4.98,62.93
1329,2024-01-18 17:50:04,Casual,6,Campfire Coffee,Cowboy_Food,1,7.99,7.99,62.93
1329,2024-01-18 17:50:04,Casual,11,Lasso Rope,Ranch_Supplies,1,14.99,14.99,62.93
1329,2024-01-18 17:50:04,Casual,5,Cornbread Mix,Cowboy_Food,1,3.49,3.49,62.93
1329,2024-01-18 17:50:04,Casual,7,Prairie Honey,Cowboy_Food,1,6.49,6.49,62.93
1329,2024-01-18 17:50:04,Casual,18,Branding Iron,Ranch_Supplies,1,24.99,24.99,62.93
1330,2024-01-18 14:24:29,Casual,30,Leather Journal,Leather_Goods,1,14.99,14.99,19.97
1330,2024-01-18 14:24:29,Casual,8,Hardtack Biscuits,Cowboy_Food,2,2.49,4.98,19.97
1331,2024-01-18 13:14:34,Regular,2,Campfire Chili,Cowboy_Food,1,3.99,3.99,152.42
1331,2024-01-18 13:14:34,Regular,16,Hay Bale Twine,Ranch_Supplies,1,5.99,5.99,152.42
1331,2024-01-18 13:14:34,Regular,29,Leather Wallet,Leather_Goods,1,24.99,24.99,152.42
1331,2024-01-18 13:14:34,Regular,28,Leather Saddlebag,Leather_Goods,1,59.99,59.99,152.42
1331,2024-01-18 13:14:34,Regular,6,Campfire Coffee,Cowboy_Food,1,7.99,7.99,152.42
1331,2024-01-18 13:14:34,Regular,5,Cornbread Mix,Cowboy_Food,1,3.49,3.49,152.42
1331,2024-01-18 13:14:34,Regular,4,Trail Beef Jerky,Cowboy_Food,1,5.99,5.99,152.42
1331,2024-01-18 13:14:34,Regular,24,Denim Vest,Western_Apparel,1,39.99,39.99,152.42
1332,2024-01-18 10:53:55,Tourist,24,Denim Vest,Western_Apparel,1,39.99,39.99,141.42
1332,2024-01-18 10:53:55,Tourist,3,Smoky BBQ Sauce,Cowboy_Food,1,4.49,4.49,141.42
1332,2024-01-18 10:53:55,Tourist,1,Chuckwagon Beans,Cowboy_Food,1,2.99,2.99,141.42
1332,2024-01-18 10:53:55,Tourist,2,Campfire Chili,Cowboy_Food,1,3.99,3.99,141.42
1332,2024-01-18 10:53:55,Tourist,21,Red Bandana,Western_Apparel,1,4.99,4.99,141.42
1332,2024-01-18 10:53:55,Tourist,28,Leather Saddlebag,Leather_Goods,1,59.99,59.99,141.42
1332,2024-01-18 10:53:55,Tourist,9,Dried Apple Slices,Cowboy_Food,1,4.99,4.99,141.42
1332,2024-01-18 10:53:55,Tourist,23,Leather Belt,Western_Apparel,1,19.99,19.99,141.42
1333,2024-01-18 13:27:42,Casual,25,Riding Spurs,Rodeo_Gear,1,22.99,22.99,138.45
1333,2024-01-18 13:27:42,Casual,10,Smoked Sausage Links,Cowboy_Food,1,8.99,8.99,138.45
1333,2024-01-18 13:27:42,Casual,20,Cowboy Boots,Western_Apparel,1,89.99,89.99,138.45
1333,2024-01-18 13:27:42,Casual,7,Prairie Honey,Cowboy_Food,1,6.49,6.49,138.45
1333,2024-01-18 13:27:42,Casual,13,Saddle Oil,Ranch_Supplies,1,9.99,9.99,138.45
1334,2024-01-18 13:04:37,Casual,11,Lasso Rope,Ranch_Supplies,1,14.99,14.99,17.48
1334,2024-01-18 13:04:37,Casual,8,Hardtack Biscuits,Cowboy_Food,1,2.49,2.49,17.48
1335,2024-01-18 17:21:17,Regular,26,Rodeo Rope,Rodeo_Gear,1,18.99,18.99,106.93
1335,2024-01-18 17:21:17,Regular,14,Work Gloves,Ranch_Supplies,1,6.99,6.99,106.93
1335,2024-01-18 17:21:17,Regular,13,Saddle Oil,Ranch_Supplies,1,9.99,9.99,106.93
1335,2024-01-18 17:21:17,Regular,5,Cornbread Mix,Cowboy_Food,1,3.49,3.49,106.93
1335,2024-01-18 17:21:17,Regular,9,Dried Apple Slices,Cowboy_Food,1,4.99,4.99,106.93
1335,2024-01-18 17:21:17,Regular,28,Leather Saddlebag,Leather_Goods,1,59.99,59.99,106.93
1335,2024-01-18 17:21:17,Regular,8,Hardtack Biscuits,Cowboy_Food,1,2.49,2.49,106.93
1336,2024-01-18 17:54:59,Regular,9,Dried Apple Slices,Cowboy_Food,1,4.99,4.99,4.99
1337,2024-01-18 09:47:19,Bulk,11,Lasso Rope,Ranch_Supplies,1,14.99,14.99,181.9
1337,2024-01-18 09:47:19,Bulk,2,Campfire Chili,Cowboy_Food,1,3.99,3.99,181.9
1337,2024-01-18 09:47:19,Bulk,13,Saddle Oil,Ranch_Supplies,1,9.99,9.99,181.9
1337,2024-01-18 09:47:19,Bulk,12,Horse Feed Sack,Ranch_Supplies,2,19.99,39.98,181.9
1337,2024-01-18 09:47:19,Bulk,4,Trail Beef Jerky,Cowboy_Food,1,5.99,5.99,181.9
1337,2024-01-18 09:47:19,Bulk,19,Cowboy Hat,Western_Apparel,1,34.99,34.99,181.9
1337,2024-01-18 09:47:19,Bulk,28,Leather Saddlebag,Leather_Goods,1,59.99,59.99,181.9
1337,2024-01-18 09:47:19,Bulk,21,Red Bandana,Western_Apparel,1,4.99,4.99,181.9
1337,2024-01-18 09:47:19,Bulk,14,Work Gloves,Ranch_Supplies,1,6.99,6.99,181.9
1338,2024-01-18 10:48:16,Regular,2,Campfire Chili,Cowboy_Food,1,3.99,3.99,38.98
1338,2024-01-18 10:48:16,Regular,19,Cowboy Hat,Western_Apparel,1,34.99,34.99,38.98
1339,2024-01-18 16:13:43,Regular,11,Lasso Rope,Ranch_Supplies,1,14.99,14.99,39.98
1339,2024-01-18 16:13:43,Regular,18,Branding Iron,Ranch_Supplies,1,24.99,24.99,39.98
1340,2024-01-18 15:12:59,Regular,18,Branding Iron,Ranch_Supplies,1,24.99,24.99,43.96
1340,2024-01-18 15:12:59,Regular,6,Campfire Coffee,Cowboy_Food,1,7.99,7.99,43.96
1340,2024-01-18 15:12:59,Regular,3,Smoky BBQ Sauce,Cowboy_Food,1,4.49,4.49,43.96
1340,2024-01-18 15:12:59,Regular,7,Prairie Honey,Cowboy_Food,1,6.49,6.49,43.96
1341,2024-01-18 12:32:51,Regular,13,Saddle Oil,Ranch_Supplies,1,9.99,9.99,29.98
1341,2024-01-18 12:32:51,Regular,23,Leather Belt,Western_Apparel,1,19.99,19.99,29.98
1342,2024-01-18 12:10:10,Casual,16,Hay Bale Twine,Ranch_Supplies,1,5.99,5.99,5.99
1343,2024-01-19 09:50:35,Regular,26,Rodeo Rope,Rodeo_Gear,1,18.99,18.99,288.41
1343,2024-01-19 09:50:35,Regular,20,Cowboy Boots,Western_Apparel,2,89.99,179.98,288.41
1343,2024-01-19 09:50:35,Regular,5,Cornbread Mix,Cowboy_Food,1,3.49,3.49,288.41
1343,2024-01-19 09:50:35,Regular,30,Leather Journal,Leather_Goods,1,14.99,14.99,288.41
1343,2024-01-19 09:50:35,Regular,29,Leather Wallet,Leather_Goods,1,24.99,24.99,288.41
1343,2024-01-19 09:50:35,Regular,6,Campfire Coffee,Cowboy_Food,1,7.99,7.99,288.41
1343,2024-01-19 09:50:35,Regular,19,Cowboy Hat,Western_Apparel,1,34.99,34.99,288.41
1343,2024-01-19 09:50:35,Regular,1,Chuckwagon Beans,Cowboy_Food,1,2.99,2.99,288.41
1344,2024-01-19 16:43:17,Bulk,19,Cowboy Hat,Western_Apparel,2,34.99,69.98,347.86
1344,2024-01-19 16:43:17,Bulk,12,Horse Feed Sack,Ranch_Supplies,2,19.99,39.98,347.86
1344,2024-01-19 16:43:17,Bulk,23,Leather Belt,Western_Apparel,1,19.99,19.99,347.86
1344,2024-01-19 16:43:17,Bulk,17,Stock Tank Float,Ranch_Supplies,1,8.49,8.49,347.86
1344,2024-01-19 16:43:17,Bulk,15,Fence Wire (50ft),Ranch_Supplies,2,12.99,25.98,347.86
1344,2024-01-19 16:43:17,Bulk,2,Campfire Chili,Cowboy_Food,1,3.99,3.99,347.86
1344,2024-01-19 16:43:17,Bulk,20,Cowboy Boots,Western_Apparel,1,89.99,89.99,347.86
1344,2024-01-19 16:43:17,Bulk,5,Cornbread Mix,Cowboy_Food,1,3.49,3.49,347.86
1344,2024-01-19 16:43:17,Bulk,25,Riding Spurs,Rodeo_Gear,2,22.99,45.98,347.86
1344,2024-01-19 16:43:17,Bulk,24,Denim Vest,Western_Apparel,1,39.99,39.99,347.86
1345,2024-01-19 16:04:06,Casual,6,Campfire Coffee,Cowboy_Food,1,7.99,7.99,47.97
1345,2024-01-19 16:04:06,Casual,18,Branding Iron,Ranch_Supplies,1,24.99,24.99,47.97
1345,2024-01-19 16:04:06,Casual,11,Lasso Rope,Ranch_Supplies,1,14.99,14.99,47.97
1346,2024-01-19 11:49:22,Tourist,25,Riding Spurs,Rodeo_Gear,1,22.99,22.99,38.97
1346,2024-01-19 11:49:22,Tourist,10,Smoked Sausage Links,Cowboy_Food,1,8.99,8.99,38.97
1346,2024-01-19 11:49:22,Tourist,14,Work Gloves,Ranch_Supplies,1,6.99,6.99,38.97
1347,2024-01-19 12:45:26,Casual,18,Branding Iron,Ranch_Supplies,1,24.99,24.99,66.97
1347,2024-01-19 12:45:26,Casual,26,Rodeo Rope,Rodeo_Gear,1,18.99,18.99,66.97
1347,2024-01-19 12:45:26,Casual,25,Riding Spurs,Rodeo_Gear,1,22.99,22.99,66.97
1348,2024-01-19 18:16:46,Regular,14,Work Gloves,Ranch_Supplies,1,6.99,6.99,82.43
1348,2024-01-19 18:16:46,Regular,22,Flannel Shirt,Western_Apparel,1,29.99,29.99,82.43
1348,2024-01-19 18:16:46,Regular,7,Prairie Honey,Cowboy_Food,1,6.49,6.49,82.43
1348,2024-01-19 18:16:46,Regular,21,Red Bandana,Western_Apparel,1,4.99,4.99,82.43
1348,2024-01-19 18:16:46,Regular,13,Saddle Oil,Ranch_Supplies,1,9.99,9.99,82.43
1348,2024-01-19 18:16:46,Regular,11,Lasso Rope,Ranch_Supplies,1,14.99,14.99,82.43
1348,2024-01-19 18:16:46,Regular,10,Smoked Sausage Links,Cowboy_Food,1,8.99,8.99,82.43
1349,2024-01-19 16:09:51,Casual,29,Leather Wallet,Leather_Goods,1,24.99,24.99,29.48
1349,2024-01-19 16:09:51,Casual,3,Smoky BBQ Sauce,Cowboy_Food,1,4.49,4.49,29.48
1350,2024-01-19 15:57:56,Regular,25,Riding Spurs,Rodeo_Gear,1,22.99,22.99,197.42
1350,2024-01-19 15:57:56,Regular,1,Chuckwagon Beans,Cowboy_Food,1,2.99,2.99,197.42
1350,2024-01-19 15:57:56,Regular,27,Bull Rope Rosin,Rodeo_Gear,1,7.49,7.49,197.42
1350,2024-01-19 15:57:56,Regular,30,Leather Journal,Leather_Goods,2,14.99,29.98,197.42
1350,2024-01-19 15:57:56,Regular,20,Cowboy Boots,Western_Apparel,1,89.99,89.99,197.42
1350,2024-01-19 15:57:56,Regular,24,Denim Vest,Western_Apparel,1,39.99,39.99,197.42
1350,2024-01-19 15:57:56,Regular,2,Campfire Chili,Cowboy_Food,1,3.99,3.99,197.42
1351,2024-01-19 16:12:06,Tourist,1,Chuckwagon Beans,Cowboy_Food,1,2.99,2.99,39.95
1351,2024-01-19 16:12:06,Tourist,6,Campfire Coffee,Cowboy_Food,1,7.99,7.99,39.95
1351,2024-01-19 16:12:06,Tourist,30,Leather Journal,Leather_Goods,1,14.99,14.99,39.95
1351,2024-01-19 16:12:06,Tourist,10,Smoked Sausage Links,Cowboy_Food,1,8.99,8.99,39.95
1351,2024-01-19 16:12:06,Tourist,9,Dried Apple Slices,Cowboy_Food,1,4.99,4.99,39.95
1352,2024-01-19 18:14:55,Bulk,30,Leather Journal,Leather_Goods,1,14.99,14.99,131.92
1352,2024-01-19 18:14:55,Bulk,16,Hay Bale Twine,Ranch_Supplies,1,5.99,5.99,131.92
1352,2024-01-19 18:14:55,Bulk,29,Leather Wallet,Leather_Goods,1,24.99,24.99,131.92
1352,2024-01-19 18:14:55,Bulk,4,Trail Beef Jerky,Cowboy_Food,1,5.99,5.99,131.92
1352,2024-01-19 18:14:55,Bulk,11,Lasso Rope,Ranch_Supplies,1,14.99,14.99,131.92
1352,2024-01-19 18:14:55,Bulk,9,Dried Apple Slices,Cowboy_Food,1,4.99,4.99,131.92
1352,2024-01-19 18:14:55,Bulk,22,Flannel Shirt,Western_Apparel,2,29.99,59.98,131.92
1353,2024-01-19 13:07:31,Regular,25,Riding Spurs,Rodeo_Gear,1,22.99,22.99,25.48
1353,2024-01-19 13:07:31,Regular,8,Hardtack Biscuits,Cowboy_Food,1,2.49,2.49,25.48
1354,2024-01-19 12:22:10,Bulk,30,Leather Journal,Leather_Goods,1,14.99,14.99,14.99
1355,2024-01-19 13:49:38,Casual,27,Bull Rope Rosin,Rodeo_Gear,1,7.49,7.49,139.44
1355,2024-01-19 13:49:38,Casual,10,Smoked Sausage Links,Cowboy_Food,3,8.99,26.97,139.44
1355,2024-01-19 13:49:38,Casual,11,Lasso Rope,Ranch_Supplies,1,14.99,14.99,139.44
1355,2024-01-19 13:49:38,Casual,20,Cowboy Boots,Western_Apparel,1,89.99,89.99,139.44
1356,2024-01-19 17:04:03,Regular,9,Dried Apple Slices,Cowboy_Food,1,4.99,4.99,205.4
1356,2024-01-19 17:04:03,Regular,29,Leather Wallet,Leather_Goods,2,24.99,49.98,205.4
1356,2024-01-19 17:04:03,Regular,20,Cowboy Boots,Western_Apparel,1,89.99,89.99,205.4
1356,2024-01-19 17:04:03,Regular,22,Flannel Shirt,Western_Apparel,1,29.99,29.99,205.4
1356,2024-01-19 17:04:03,Regular,6,Campfire Coffee,Cowboy_Food,1,7.99,7.99,205.4
1356,2024-01-19 17:04:03,Regular,16,Hay Bale Twine,Ranch_Supplies,1,5.99,5.99,205.4
1356,2024-01-19 17:04:03,Regular,1,Chuckwagon Beans,Cowboy_Food,1,2.99,2.99,205.4
1356,2024-01-19 17:04:03,Regular,3,Smoky BBQ Sauce,Cowboy_Food,1,4.49,4.49,205.4
1356,2024-01-19 17:04:03,Regular,10,Smoked Sausage Links,Cowboy_Food,1,8.99,8.99,205.4
1357,2024-01-19 11:00:27,Regular,2,Campfire Chili,Cowboy_Food,1,3.99,3.99,25.96
1357,2024-01-19 11:00:27,Regular,17,Stock Tank Float,Ranch_Supplies,1,8.49,8.49,25.96
1357,2024-01-19 11:00:27,Regular,14,Work Gloves,Ranch_Supplies,1,6.99,6.99,25.96
1357,2024-01-19 11:00:27,Regular,7,Prairie Honey,Cowboy_Food,1,6.49,6.49,25.96
1358,2024-01-19 11:43:49,Casual,22,Flannel Shirt,Western_Apparel,1,29.99,29.99,64.98
1358,2024-01-19 11:43:49,Casual,19,Cowboy Hat,Western_Apparel,1,34.99,34.99,64.98
1359,2024-01-19 11:53:58,Tourist,25,Riding Spurs,Rodeo_Gear,2,22.99,45.98,50.97
1359,2024-01-19 11:53:58,Tourist,21,Red Bandana,Western_Apparel,1,4.99,4.99,50.97
1360,2024-01-19 16:11:17,Bulk,26,Rodeo Rope,Rodeo_Gear,1,18.99,18.99,491.8
1360,2024-01-19 16:11:17,Bulk,10,Smoked Sausage Links,Cowboy_Food,1,8.99,8.99,491.8
1360,2024-01-19 16:11:17,Bulk,2,Campfire Chili,Cowboy_Food,1,3.99,3.99,491.8
1360,2024-01-19 16:11:17,Bulk,11,Lasso Rope,Ranch_Supplies,3,14.99,44.97,491.8
1360,2024-01-19 16:11:17,Bulk,22,Flannel Shirt,Western_Apparel,2,29.99,59.98,491.8
1360,2024-01-19 16:11:17,Bulk,14,Work Gloves,Ranch_Supplies,1,6.99,6.99,491.8
1360,2024-01-19 16:11:17,Bulk,1,Chuckwagon Beans,Cowboy_Food,1,2.99,2.99,491.8
1360,2024-01-19 16:11:17,Bulk,5,Cornbread Mix,Cowboy_Food,1,3.49,3.49,491.8
1360,2024-01-19 16:11:17,Bulk,16,Hay Bale Twine,Ranch_Supplies,1,5.99,5.99,491.8
1360,2024-01-19 16:11:17,Bulk,20,Cowboy Boots,Western_Apparel,2,89.99,179.98,491.8
1360,2024-01-19 16:11:17,Bulk,29,Leather Wallet,Leather_Goods,1,24.99,24.99,491.8
1360,2024-01-19 16:11:17,Bulk,19,Cowboy Hat,Western_Apparel,1,34.99,34.99,491.8
1360,2024-01-19 16:11:17,Bulk,15,Fence Wire (50ft),Ranch_Supplies,1,12.99,12.99,491.8
1360,2024-01-19 16:11:17,Bulk,28,Leather Saddlebag,Leather_Goods,1,59.99,59.99,491.8
1360,2024-01-19 16:11:17,Bulk,23,Leather Belt,Western_Apparel,1,19.99,19.99,491.8
1360,2024-01-19 16:11:17,Bulk,8,Hardtack Biscuits,Cowboy_Food,1,2.49,2.49,491.8
1361,2024-01-19 16:12:10,Regular,9,Dried Apple Slices,Cowboy_Food,1,4.99,4.99,188.41
1361,2024-01-19 16:12:10,Regular,20,Cowboy Boots,Western_Apparel,1,89.99,89.99,188.41
1361,2024-01-19 16:12:10,Regular,19,Cowboy Hat,Western_Apparel,1,34.99,34.99,188.41
1361,2024-01-19 16:12:10,Regular,17,Stock Tank Float,Ranch_Supplies,1,8.49,8.49,188.41
1361,2024-01-19 16:12:10,Regular,15,Fence Wire (50ft),Ranch_Supplies,2,12.99,25.98,188.41
1361,2024-01-19 16:12:10,Regular,21,Red Bandana,Western_Apparel,1,4.99,4.99,188.41
1361,2024-01-19 16:12:10,Regular,11,Lasso Rope,Ranch_Supplies,1,14.99,14.99,188.41
1361,2024-01-19 16:12:10,Regular,2,Campfire Chili,Cowboy_Food,1,3.99,3.99,188.41
1362,2024-01-19 13:44:34,Bulk,19,Cowboy Hat,Western_Apparel,1,34.99,34.99,307.92
1362,2024-01-19 13:44:34,Bulk,28,Leather Saddlebag,Leather_Goods,2,59.99,119.98,307.92
1362,2024-01-19 13:44:34,Bulk,20,Cowboy Boots,Western_Apparel,1,89.99,89.99,307.92
1362,2024-01-19 13:44:34,Bulk,1,Chuckwagon Beans,Cowboy_Food,1,2.99,2.99,307.92
1362,2024-01-19 13:44:34,Bulk,22,Flannel Shirt,Western_Apparel,1,29.99,29.99,307.92
1362,2024-01-19 13:44:34,Bulk,11,Lasso Rope,Ranch_Supplies,1,14.99,14.99,307.92
1362,2024-01-19 13:44:34,Bulk,30,Leather Journal,Leather_Goods,1,14.99,14.99,307.92
1363,2024-01-19 12:19:09,Regular,23,Leather Belt,Western_Apparel,1,19.99,19.99,34.98
1363,2024-01-19 12:19:09,Regular,11,Lasso Rope,Ranch_Supplies,1,14.99,14.99,34.98
1364,2024-01-19 16:49:58,Regular,18,Branding Iron,Ranch_Supplies,1,24.99,24.99,176.4
1364,2024-01-19 16:49:58,Regular,13,Saddle Oil,Ranch_Supplies,1,9.99,9.99,176.4
1364,2024-01-19 16:49:58,Regular,30,Leather Journal,Leather_Goods,1,14.99,14.99,176.4
1364,2024-01-19 16:49:58,Regular,25,Riding Spurs,Rodeo_Gear,1,22.99,22.99,176.4
1364,2024-01-19 16:49:58,Regular,15,Fence Wire (50ft),Ranch_Supplies,1,12.99,12.99,176.4
1364,2024-01-19 16:49:58,Regular,24,Denim Vest,Western_Apparel,1,39.99,39.99,176.4
1364,2024-01-19 16:49:58,Regular,4,Trail Beef Jerky,Cowboy_Food,1,5.99,5.99,176.4
1364,2024-01-19 16:49:58,Regular,3,Smoky BBQ Sauce,Cowboy_Food,1,4.49,4.49,176.4
1364,2024-01-19 16:49:58,Regular,19,Cowboy Hat,Western_Apparel,1,34.99,34.99,176.4
1364,2024-01-19 16:49:58,Regular,21,Red Bandana,Western_Apparel,1,4.99,4.99,176.4
1365,2024-01-19 09:59:19,Regular,12,Horse Feed Sack,Ranch_Supplies,1,19.99,19.99,26.98
1365,2024-01-19 09:59:19,Regular,14,Work Gloves,Ranch_Supplies,1,6.99,6.99,26.98
1366,2024-01-19 16:44:11,Regular,22,Flannel Shirt,Western_Apparel,1,29.99,29.99,53.47
1366,2024-01-19 16:44:11,Regular,12,Horse Feed Sack,Ranch_Supplies,1,19.99,19.99,53.47
1366,2024-01-19 16:44:11,Regular,5,Cornbread Mix,Cowboy_Food,1,3.49,3.49,53.47
1367,2024-01-19 11:44:14,Regular,23,Leather Belt,Western_Apparel,1,19.99,19.99,66.94
1367,2024-01-19 11:44:14,Regular,2,Campfire Chili,Cowboy_Food,1,3.99,3.99,66.94
1367,2024-01-19 11:44:14,Regular,9,Dried Apple Slices,Cowboy_Food,1,4.99,4.99,66.94
1367,2024-01-19 11:44:14,Regular,22,Flannel Shirt,Western_Apparel,1,29.99,29.99,66.94
1367,2024-01-19 11:44:14,Regular,21,Red Bandana,Western_Apparel,1,4.99,4.99,66.94
1367,2024-01-19 11:44:14,Regular,1,Chuckwagon Beans,Cowboy_Food,1,2.99,2.99,66.94
1368,2024-01-19 17:45:22,Regular,9,Dried Apple Slices,Cowboy_Food,1,4.99,4.99,4.99
1369,2024-01-19 14:28:44,Regular,15,Fence Wire (50ft),Ranch_Supplies,1,12.99,12.99,102.98
1369,2024-01-19 14:28:44,Regular,20,Cowboy Boots,Western_Apparel,1,89.99,89.99,102.98
1370,2024-01-19 16:13:52,Bulk,23,Leather Belt,Western_Apparel,2,19.99,39.98,155.9
1370,2024-01-19 16:13:52,Bulk,11,Lasso Rope,Ranch_Supplies,1,14.99,14.99,155.9
1370,2024-01-19 16:13:52,Bulk,24,Denim Vest,Western_Apparel,1,39.99,39.99,155.9
1370,2024-01-19 16:13:52,Bulk,19,Cowboy Hat,Western_Apparel,1,34.99,34.99,155.9
1370,2024-01-19 16:13:52,Bulk,10,Smoked Sausage Links,Cowboy_Food,1,8.99,8.99,155.9
1370,2024-01-19 16:13:52,Bulk,2,Campfire Chili,Cowboy_Food,2,3.99,7.98,155.9
1370,2024-01-19 16:13:52,Bulk,7,Prairie Honey,Cowboy_Food,1,6.49,6.49,155.9
1370,2024-01-19 16:13:52,Bulk,8,Hardtack Biscuits,Cowboy_Food,1,2.49,2.49,155.9
1371,2024-01-19 11:00:44,Regular,27,Bull Rope Rosin,Rodeo_Gear,1,7.49,7.49,106.93
1371,2024-01-19 11:00:44,Regular,6,Campfire Coffee,Cowboy_Food,1,7.99,7.99,106.93
1371,2024-01-19 11:00:44,Regular,1,Chuckwagon Beans,Cowboy_Food,1,2.99,2.99,106.93
1371,2024-01-19 11:00:44,Regular,7,Prairie Honey,Cowboy_Food,1,6.49,6.49,106.93
1371,2024-01-19 11:00:44,Regular,14,Work Gloves,Ranch_Supplies,1,6.99,6.99,106.93
1371,2024-01-19 11:00:44,Regular,11,Lasso Rope,Ranch_Supplies,1,14.99,14.99,106.93
1371,2024-01-19 11:00:44,Regular,28,Leather Saddlebag,Leather_Goods,1,59.99,59.99,106.93
1372,2024-01-19 12:06:38,Regular,27,Bull Rope Rosin,Rodeo_Gear,1,7.49,7.49,141.43
1372,2024-01-19 12:06:38,Regular,24,Denim Vest,Western_Apparel,2,39.99,79.98,141.43
1372,2024-01-19 12:06:38,Regular,3,Smoky BBQ Sauce,Cowboy_Food,2,4.49,8.98,141.43
1372,2024-01-19 12:06:38,Regular,18,Branding Iron,Ranch_Supplies,1,24.99,24.99,141.43
1372,2024-01-19 12:06:38,Regular,23,Leather Belt,Western_Apparel,1,19.99,19.99,141.43
1373,2024-01-19 16:31:16,Bulk,19,Cowboy Hat,Western_Apparel,1,34.99,34.99,41.98
1373,2024-01-19 16:31:16,Bulk,14,Work Gloves,Ranch_Supplies,1,6.99,6.99,41.98
1374,2024-01-19 15:40:56,Casual,11,Lasso Rope,Ranch_Supplies,1,14.99,14.99,14.99
1375,2024-01-19 16:54:59,Casual,25,Riding Spurs,Rodeo_Gear,1,22.99,22.99,22.99
1376,2024-01-19 15:45:37,Regular,14,Work Gloves,Ranch_Supplies,1,6.99,6.99,23.96
1376,2024-01-19 15:45:37,Regular,10,Smoked Sausage Links,Cowboy_Food,1,8.99,8.99,23.96
1376,2024-01-19 15:45:37,Regular,2,Campfire Chili,Cowboy_Food,2,3.99,7.98,23.96
1377,2024-01-19 15:48:46,Casual,1,Chuckwagon Beans,Cowboy_Food,1,2.99,2.99,15.47
1377,2024-01-19 15:48:46,Casual,9,Dried Apple Slices,Cowboy_Food,1,4.99,4.99,15.47
1377,2024-01-19 15:48:46,Casual,27,Bull Rope Rosin,Rodeo_Gear,1,7.49,7.49,15.47
1378,2024-01-19 17:26:18,Casual,2,Campfire Chili,Cowboy_Food,1,3.99,3.99,28.98
1378,2024-01-19 17:26:18,Casual,29,Leather Wallet,Leather_Goods,1,24.99,24.99,28.98
1379,2024-01-19 14:37:26,Bulk,25,Riding Spurs,Rodeo_Gear,1,22.99,22.99,264.88
1379,2024-01-19 14:37:26,Bulk,14,Work Gloves,Ranch_Supplies,1,6.99,6.99,264.88
1379,2024-01-19 14:37:26,Bulk,28,Leather Saddlebag,Leather_Goods,1,59.99,59.99,264.88
1379,2024-01-19 14:37:26,Bulk,29,Leather Wallet,Leather_Goods,2,24.99,49.98,264.88
1379,2024-01-19 14:37:26,Bulk,1,Chuckwagon Beans,Cowboy_Food,1,2.99,2.99,264.88
1379,2024-01-19 14:37:26,Bulk,11,Lasso Rope,Ranch_Supplies,1,14.99,14.99,264.88
1379,2024-01-19 14:37:26,Bulk,15,Fence Wire (50ft),Ranch_Supplies,2,12.99,25.98,264.88
1379,2024-01-19 14:37:26,Bulk,24,Denim Vest,Western_Apparel,1,39.99,39.99,264.88
1379,2024-01-19 14:37:26,Bulk,4,Trail Beef Jerky,Cowboy_Food,1,5.99,5.99,264.88
1379,2024-01-19 14:37:26,Bulk,19,Cowboy Hat,Western_Apparel,1,34.99,34.99,264.88
1380,2024-01-19 17:41:48,Bulk,6,Campfire Coffee,Cowboy_Food,2,7.99,15.98,114.93
1380,2024-01-19 17:41:48,Bulk,18,Branding Iron,Ranch_Supplies,1,24.99,24.99,114.93
1380,2024-01-19 17:41:48,Bulk,1,Chuckwagon Beans,Cowboy_Food,1,2.99,2.99,114.93
1380,2024-01-19 17:41:48,Bulk,8,Hardtack Biscuits,Cowboy_Food,1,2.49,2.49,114.93
1380,2024-01-19 17:41:48,Bulk,28,Leather Saddlebag,Leather_Goods,1,59.99,59.99,114.93
1380,2024-01-19 17:41:48,Bulk,17,Stock Tank Float,Ranch_Supplies,1,8.49,8.49,114.93
1381,2024-01-19 13:44:25,Regular,13,Saddle Oil,Ranch_Supplies,1,9.99,9.99,41.47
1381,2024-01-19 13:44:25,Regular,29,Leather Wallet,Leather_Goods,1,24.99,24.99,41.47
1381,2024-01-19 13:44:25,Regular,7,Prairie Honey,Cowboy_Food,1,6.49,6.49,41.47
1382,2024-01-19 12:56:45,Regular,8,Hardtack Biscuits,Cowboy_Food,1,2.49,2.49,199.87
1382,2024-01-19 12:56:45,Regular,26,Rodeo Rope,Rodeo_Gear,2,18.99,37.98,199.87
1382,2024-01-19 12:56:45,Regular,19,Cowboy Hat,Western_Apparel,1,34.99,34.99,199.87
1382,2024-01-19 12:56:45,Regular,27,Bull Rope Rosin,Rodeo_Gear,1,7.49,7.49,199.87
1382,2024-01-19 12:56:45,Regular,11,Lasso Rope,Ranch_Supplies,1,14.99,14.99,199.87
1382,2024-01-19 12:56:45,Regular,14,Work Gloves,Ranch_Supplies,1,6.99,6.99,199.87
1382,2024-01-19 12:56:45,Regular,25,Riding Spurs,Rodeo_Gear,1,22.99,22.99,199.87
1382,2024-01-19 12:56:45,Regular,22,Flannel Shirt,Western_Apparel,1,29.99,29.99,199.87
1382,2024-01-19 12:56:45,Regular,10,Smoked Sausage Links,Cowboy_Food,1,8.99,8.99,199.87
1382,2024-01-19 12:56:45,Regular,1,Chuckwagon Beans,Cowboy_Food,1,2.99,2.99,199.87
1382,2024-01-19 12:56:45,Regular,23,Leather Belt,Western_Apparel,1,19.99,19.99,199.87
1382,2024-01-19 12:56:45,Regular,13,Saddle Oil,Ranch_Supplies,1,9.99,9.99,199.87
1383,2024-01-19 16:57:51,Regular,24,Denim Vest,Western_Apparel,1,39.99,39.99,68.95
1383,2024-01-19 16:57:51,Regular,13,Saddle Oil,Ranch_Supplies,1,9.99,9.99,68.95
1383,2024-01-19 16:57:51,Regular,2,Campfire Chili,Cowboy_Food,1,3.99,3.99,68.95
1383,2024-01-19 16:57:51,Regular,10,Smoked Sausage Links,Cowboy_Food,1,8.99,8.99,68.95
1383,2024-01-19 16:57:51,Regular,4,Trail Beef Jerky,Cowboy_Food,1,5.99,5.99,68.95
1384,2024-01-19 09:31:56,Regular,21,Red Bandana,Western_Apparel,2,4.99,9.98,106.92
1384,2024-01-19 09:31:56,Regular,6,Campfire Coffee,Cowboy_Food,1,7.99,7.99,106.92
1384,2024-01-19 09:31:56,Regular,29,Leather Wallet,Leather_Goods,2,24.99,49.98,106.92
1384,2024-01-19 09:31:56,Regular,2,Campfire Chili,Cowboy_Food,1,3.99,3.99,106.92
1384,2024-01-19 09:31:56,Regular,22,Flannel Shirt,Western_Apparel,1,29.99,29.99,106.92
1384,2024-01-19 09:31:56,Regular,9,Dried Apple Slices,Cowboy_Food,1,4.99,4.99,106.92
1385,2024-01-19 11:26:17,Tourist,9,Dried Apple Slices,Cowboy_Food,1,4.99,4.99,77.94
1385,2024-01-19 11:26:17,Tourist,2,Campfire Chili,Cowboy_Food,1,3.99,3.99,77.94
1385,2024-01-19 11:26:17,Tourist,10,Smoked Sausage Links,Cowboy_Food,1,8.99,8.99,77.94
1385,2024-01-19 11:26:17,Tourist,23,Leather Belt,Western_Apparel,1,19.99,19.99,77.94
1385,2024-01-19 11:26:17,Tourist,29,Leather Wallet,Leather_Goods,1,24.99,24.99,77.94
1385,2024-01-19 11:26:17,Tourist,30,Leather Journal,Leather_Goods,1,14.99,14.99,77.94
1386,2024-01-19 10:32:28,Regular,29,Leather Wallet,Leather_Goods,1,24.99,24.99,142.89
1386,2024-01-19 10:32:28,Regular,2,Campfire Chili,Cowboy_Food,1,3.99,3.99,142.89
1386,2024-01-19 10:32:28,Regular,3,Smoky BBQ Sauce,Cowboy_Food,1,4.49,4.49,142.89
1386,2024-01-19 10:32:28,Regular,30,Leather Journal,Leather_Goods,1,14.99,14.99,142.89
1386,2024-01-19 10:32:28,Regular,23,Leather Belt,Western_Apparel,1,19.99,19.99,142.89
1386,2024-01-19 10:32:28,Regular,22,Flannel Shirt,Western_Apparel,1,29.99,29.99,142.89
1386,2024-01-19 10:32:28,Regular,4,Trail Beef Jerky,Cowboy_Food,1,5.99,5.99,142.89
1386,2024-01-19 10:32:28,Regular,14,Work Gloves,Ranch_Supplies,1,6.99,6.99,142.89
1386,2024-01-19 10:32:28,Regular,25,Riding Spurs,Rodeo_Gear,1,22.99,22.99,142.89
1386,2024-01-19 10:32:28,Regular,9,Dried Apple Slices,Cowboy_Food,1,4.99,4.99,142.89
1386,2024-01-19 10:32:28,Regular,5,Cornbread Mix,Cowboy_Food,1,3.49,3.49,142.89
1387,2024-01-19 15:25:23,Bulk,13,Saddle Oil,Ranch_Supplies,1,9.99,9.99,104.91
1387,2024-01-19 15:25:23,Bulk,5,Cornbread Mix,Cowboy_Food,1,3.49,3.49,104.91
1387,2024-01-19 15:25:23,Bulk,14,Work Gloves,Ranch_Supplies,1,6.99,6.99,104.91
1387,2024-01-19 15:25:23,Bulk,23,Leather Belt,Western_Apparel,1,19.99,19.99,104.91
1387,2024-01-19 15:25:23,Bulk,25,Riding Spurs,Rodeo_Gear,1,22.99,22.99,104.91
1387,2024-01-19 15:25:23,Bulk,1,Chuckwagon Beans,Cowboy_Food,1,2.99,2.99,104.91
1387,2024-01-19 15:25:23,Bulk,11,Lasso Rope,Ranch_Supplies,1,14.99,14.99,104.91
1387,2024-01-19 15:25:23,Bulk,30,Leather Journal,Leather_Goods,1,14.99,14.99,104.91
1387,2024-01-19 15:25:23,Bulk,17,Stock Tank Float,Ranch_Supplies,1,8.49,8.49,104.91
1388,2024-01-19 16:08:30,Tourist,12,Horse Feed Sack,Ranch_Supplies,1,19.99,19.99,26.98
1388,2024-01-19 16:08:30,Tourist,14,Work Gloves,Ranch_Supplies,1,6.99,6.99,26.98
1389,2024-01-19 09:29:44,Bulk,23,Leather Belt,Western_Apparel,1,19.99,19.99,237.86
1389,2024-01-19 09:29:44,Bulk,3,Smoky BBQ Sauce,Cowboy_Food,2,4.49,8.98,237.86
1389,2024-01-19 09:29:44,Bulk,14,Work Gloves,Ranch_Supplies,4,6.99,27.96,237.86
1389,2024-01-19 09:29:44,Bulk,18,Branding Iron,Ranch_Supplies,1,24.99,24.99,237.86
1389,2024-01-19 09:29:44,Bulk,20,Cowboy Boots,Western_Apparel,1,89.99,89.99,237.86
1389,2024-01-19 09:29:44,Bulk,30,Leather Journal,Leather_Goods,1,14.99,14.99,237.86
1389,2024-01-19 09:29:44,Bulk,16,Hay Bale Twine,Ranch_Supplies,1,5.99,5.99,237.86
1389,2024-01-19 09:29:44,Bulk,4,Trail Beef Jerky,Cowboy_Food,1,5.99,5.99,237.86
1389,2024-01-19 09:29:44,Bulk,19,Cowboy Hat,Western_Apparel,1,34.99,34.99,237.86
1389,2024-01-19 09:29:44,Bulk,2,Campfire Chili,Cowboy_Food,1,3.99,3.99,237.86
1390,2024-01-19 11:21:19,Regular,10,Smoked Sausage Links,Cowboy_Food,2,8.99,17.98,258.85
1390,2024-01-19 11:21:19,Regular,1,Chuckwagon Beans,Cowboy_Food,1,2.99,2.99,258.85
1390,2024-01-19 11:21:19,Regular,8,Hardtack Biscuits,Cowboy_Food,1,2.49,2.49,258.85
1390,2024-01-19 11:21:19,Regular,20,Cowboy Boots,Western_Apparel,2,89.99,179.98,258.85
1390,2024-01-19 11:21:19,Regular,3,Smoky BBQ Sauce,Cowboy_Food,2,4.49,8.98,258.85
1390,2024-01-19 11:21:19,Regular,4,Trail Beef Jerky,Cowboy_Food,4,5.99,23.96,258.85
1390,2024-01-19 11:21:19,Regular,13,Saddle Oil,Ranch_Supplies,1,9.99,9.99,258.85
1390,2024-01-19 11:21:19,Regular,17,Stock Tank Float,Ranch_Supplies,1,8.49,8.49,258.85
1390,2024-01-19 11:21:19,Regular,2,Campfire Chili,Cowboy_Food,1,3.99,3.99,258.85
1391,2024-01-19 12:36:13,Tourist,30,Leather Journal,Leather_Goods,1,14.99,14.99,34.98
1391,2024-01-19 12:36:13,Tourist,12,Horse Feed Sack,Ranch_Supplies,1,19.99,19.99,34.98
1392,2024-01-19 12:30:16,Regular,1,Chuckwagon Beans,Cowboy_Food,1,2.99,2.99,52.45
1392,2024-01-19 12:30:16,Regular,27,Bull Rope Rosin,Rodeo_Gear,1,7.49,7.49,52.45
1392,2024-01-19 12:30:16,Regular,14,Work Gloves,Ranch_Supplies,1,6.99,6.99,52.45
1392,2024-01-19 12:30:16,Regular,18,Branding Iron,Ranch_Supplies,1,24.99,24.99,52.45
1392,2024-01-19 12:30:16,Regular,13,Saddle Oil,Ranch_Supplies,1,9.99,9.99,52.45
1393,2024-01-19 10:47:45,Regular,6,Campfire Coffee,Cowboy_Food,1,7.99,7.99,109.94
1393,2024-01-19 10:47:45,Regular,14,Work Gloves,Ranch_Supplies,2,6.99,13.98,109.94
1393,2024-01-19 10:47:45,Regular,28,Leather Saddlebag,Leather_Goods,1,59.99,59.99,109.94
1393,2024-01-19 10:47:45,Regular,26,Rodeo Rope,Rodeo_Gear,1,18.99,18.99,109.94
1393,2024-01-19 10:47:45,Regular,10,Smoked Sausage Links,Cowboy_Food,1,8.99,8.99,109.94
1394,2024-01-19 11:26:59,Regular,15,Fence Wire (50ft),Ranch_Supplies,1,12.99,12.99,134.42
1394,2024-01-19 11:26:59,Regular,9,Dried Apple Slices,Cowboy_Food,1,4.99,4.99,134.42
1394,2024-01-19 11:26:59,Regular,27,Bull Rope Rosin,Rodeo_Gear,1,7.49,7.49,134.42
1394,2024-01-19 11:26:59,Regular,8,Hardtack Biscuits,Cowboy_Food,1,2.49,2.49,134.42
1394,2024-01-19 11:26:59,Regular,20,Cowboy Boots,Western_Apparel,1,89.99,89.99,134.42
1394,2024-01-19 11:26:59,Regular,4,Trail Beef Jerky,Cowboy_Food,2,5.99,11.98,134.42
1394,2024-01-19 11:26:59,Regular,3,Smoky BBQ Sauce,Cowboy_Food,1,4.49,4.49,134.42
1395,2024-01-19 17:21:06,Regular,24,Denim Vest,Western_Apparel,1,39.99,39.99,89.45
1395,2024-01-19 17:21:06,Regular,22,Flannel Shirt,Western_Apparel,1,29.99,29.99,89.45
1395,2024-01-19 17:21:06,Regular,15,Fence Wire (50ft),Ranch_Supplies,1,12.99,12.99,89.45
1395,2024-01-19 17:21:06,Regular,1,Chuckwagon Beans,Cowboy_Food,1,2.99,2.99,89.45
1395,2024-01-19 17:21:06,Regular,5,Cornbread Mix,Cowboy_Food,1,3.49,3.49,89.45
1396,2024-01-19 16:31:58,Casual,3,Smoky BBQ Sauce,Cowboy_Food,1,4.49,4.49,99.47
1396,2024-01-19 16:31:58,Casual,20,Cowboy Boots,Western_Apparel,1,89.99,89.99,99.47
1396,2024-01-19 16:31:58,Casual,9,Dried Apple Slices,Cowboy_Food,1,4.99,4.99,99.47
1397,2024-01-19 12:32:01,Regular,28,Leather Saddlebag,Leather_Goods,1,59.99,59.99,59.99
1398,2024-01-19 12:12:31,Casual,30,Leather Journal,Leather_Goods,1,14.99,14.99,180.95
1398,2024-01-19 12:12:31,Casual,1,Chuckwagon Beans,Cowboy_Food,1,2.99,2.99,180.95
1398,2024-01-19 12:12:31,Casual,15,Fence Wire (50ft),Ranch_Supplies,1,12.99,12.99,180.95
1398,2024-01-19 12:12:31,Casual,20,Cowboy Boots,Western_Apparel,1,89.99,89.99,180.95
1398,2024-01-19 12:12:31,Casual,28,Leather Saddlebag,Leather_Goods,1,59.99,59.99,180.95
1399,2024-01-19 10:37:08,Regular,9,Dried Apple Slices,Cowboy_Food,2,4.99,9.98,136.94
1399,2024-01-19 10:37:08,Regular,29,Leather Wallet,Leather_Goods,1,24.99,24.99,136.94
1399,2024-01-19 10:37:08,Regular,19,Cowboy Hat,Western_Apparel,1,34.99,34.99,136.94
1399,2024-01-19 10:37:08,Regular,14,Work Gloves,Ranch_Supplies,1,6.99,6.99,136.94
1399,2024-01-19 10:37:08,Regular,28,Leather Saddlebag,Leather_Goods,1,59.99,59.99,136.94
1400,2024-01-19 13:16:57,Tourist,28,Leather Saddlebag,Leather_Goods,2,59.99,119.98,230.95
1400,2024-01-19 13:16:57,Tourist,20,Cowboy Boots,Western_Apparel,1,89.99,89.99,230.95
1400,2024-01-19 13:16:57,Tourist,30,Leather Journal,Leather_Goods,1,14.99,14.99,230.95
1400,2024-01-19 13:16:57,Tourist,16,Hay Bale Twine,Ranch_Supplies,1,5.99,5.99,230.95
1401,2024-01-19 14:13:45,Regular,29,Leather Wallet,Leather_Goods,1,24.99,24.99,78.97
1401,2024-01-19 14:13:45,Regular,19,Cowboy Hat,Western_Apparel,1,34.99,34.99,78.97
1401,2024-01-19 14:13:45,Regular,26,Rodeo Rope,Rodeo_Gear,1,18.99,18.99,78.97
1402,2024-01-19 17:46:21,Tourist,11,Lasso Rope,Ranch_Supplies,1,14.99,14.99,59.97
1402,2024-01-19 17:46:21,Tourist,22,Flannel Shirt,Western_Apparel,1,29.99,29.99,59.97
1402,2024-01-19 17:46:21,Tourist,30,Leather Journal,Leather_Goods,1,14.99,14.99,59.97
1403,2024-01-19 16:45:41,Regular,15,Fence Wire (50ft),Ranch_Supplies,1,12.99,12.99,62.97
1403,2024-01-19 16:45:41,Regular,19,Cowboy Hat,Western_Apparel,1,34.99,34.99,62.97
1403,2024-01-19 16:45:41,Regular,11,Lasso Rope,Ranch_Supplies,1,14.99,14.99,62.97
1404,2024-01-19 15:10:50,Casual,8,Hardtack Biscuits,Cowboy_Food,1,2.49,2.49,42.48
1404,2024-01-19 15:10:50,Casual,24,Denim Vest,Western_Apparel,1,39.99,39.99,42.48
1405,2024-01-19 11:08:13,Casual,23,Leather Belt,Western_Apparel,1,19.99,19.99,31.97
1405,2024-01-19 11:08:13,Casual,9,Dried Apple Slices,Cowboy_Food,1,4.99,4.99,31.97
1405,2024-01-19 11:08:13,Casual,14,Work Gloves,Ranch_Supplies,1,6.99,6.99,31.97
1406,2024-01-19 16:17:38,Bulk,30,Leather Journal,Leather_Goods,2,14.99,29.98,266.35
1406,2024-01-19 16:17:38,Bulk,4,Trail Beef Jerky,Cowboy_Food,1,5.99,5.99,266.35
1406,2024-01-19 16:17:38,Bulk,5,Cornbread Mix,Cowboy_Food,1,3.49,3.49,266.35
1406,2024-01-19 16:17:38,Bulk,20,Cowboy Boots,Western_Apparel,1,89.99,89.99,266.35
1406,2024-01-19 16:17:38,Bulk,22,Flannel Shirt,Western_Apparel,1,29.99,29.99,266.35
1406,2024-01-19 16:17:38,Bulk,15,Fence Wire (50ft),Ranch_Supplies,1,12.99,12.99,266.35
1406,2024-01-19 16:17:38,Bulk,1,Chuckwagon Beans,Cowboy_Food,1,2.99,2.99,266.35
1406,2024-01-19 16:17:38,Bulk,19,Cowboy Hat,Western_Apparel,1,34.99,34.99,266.35
1406,2024-01-19 16:17:38,Bulk,18,Branding Iron,Ranch_Supplies,1,24.99,24.99,266.35
1406,2024-01-19 16:17:38,Bulk,9,Dried Apple Slices,Cowboy_Food,1,4.99,4.99,266.35
1406,2024-01-19 16:17:38,Bulk,27,Bull Rope Rosin,Rodeo_Gear,1,7.49,7.49,266.35
1406,2024-01-19 16:17:38,Bulk,16,Hay Bale Twine,Ranch_Supplies,1,5.99,5.99,266.35
1406,2024-01-19 16:17:38,Bulk,6,Campfire Coffee,Cowboy_Food,1,7.99,7.99,266.35
1406,2024-01-19 16:17:38,Bulk,3,Smoky BBQ Sauce,Cowboy_Food,1,4.49,4.49,266.35
1407,2024-01-19 18:03:17,Regular,3,Smoky BBQ Sauce,Cowboy_Food,1,4.49,4.49,34.96
1407,2024-01-19 18:03:17,Regular,23,Leather Belt,Western_Apparel,1,19.99,19.99,34.96
1407,2024-01-19 18:03:17,Regular,2,Campfire Chili,Cowboy_Food,1,3.99,3.99,34.96
1407,2024-01-19 18:03:17,Regular,7,Prairie Honey,Cowboy_Food,1,6.49,6.49,34.96
1408,2024-01-19 10:36:43,Bulk,10,Smoked Sausage Links,Cowboy_Food,1,8.99,8.99,331.86
1408,2024-01-19 10:36:43,Bulk,23,Leather Belt,Western_Apparel,1,19.99,19.99,331.86
1408,2024-01-19 10:36:43,Bulk,20,Cowboy Boots,Western_Apparel,2,89.99,179.98,331.86
1408,2024-01-19 10:36:43,Bulk,17,Stock Tank Float,Ranch_Supplies,1,8.49,8.49,331.86
1408,2024-01-19 10:36:43,Bulk,30,Leather Journal,Leather_Goods,2,14.99,29.98,331.86
1408,2024-01-19 10:36:43,Bulk,13,Saddle Oil,Ranch_Supplies,1,9.99,9.99,331.86
1408,2024-01-19 10:36:43,Bulk,19,Cowboy Hat,Western_Apparel,1,34.99,34.99,331.86
1408,2024-01-19 10:36:43,Bulk,14,Work Gloves,Ranch_Supplies,1,6.99,6.99,331.86
1408,2024-01-19 10:36:43,Bulk,7,Prairie Honey,Cowboy_Food,1,6.49,6.49,331.86
1408,2024-01-19 10:36:43,Bulk,9,Dried Apple Slices,Cowboy_Food,1,4.99,4.99,331.86
1408,2024-01-19 10:36:43,Bulk,11,Lasso Rope,Ranch_Supplies,1,14.99,14.99,331.86
1408,2024-01-19 10:36:43,Bulk,16,Hay Bale Twine,Ranch_Supplies,1,5.99,5.99,331.86
1409,2024-01-19 17:22:34,Bulk,9,Dried Apple Slices,Cowboy_Food,1,4.99,4.99,113.95
1409,2024-01-19 17:22:34,Bulk,2,Campfire Chili,Cowboy_Food,1,3.99,3.99,113.95
1409,2024-01-19 17:22:34,Bulk,30,Leather Journal,Leather_Goods,1,14.99,14.99,113.95
1409,2024-01-19 17:22:34,Bulk,28,Leather Saddlebag,Leather_Goods,1,59.99,59.99,113.95
1409,2024-01-19 17:22:34,Bulk,22,Flannel Shirt,Western_Apparel,1,29.99,29.99,113.95
1410,2024-01-19 11:30:43,Bulk,17,Stock Tank Float,Ranch_Supplies,1,8.49,8.49,212.44
1410,2024-01-19 11:30:43,Bulk,30,Leather Journal,Leather_Goods,1,14.99,14.99,212.44
1410,2024-01-19 11:30:43,Bulk,23,Leather Belt,Western_Apparel,1,19.99,19.99,212.44
1410,2024-01-19 11:30:43,Bulk,28,Leather Saddlebag,Leather_Goods,1,59.99,59.99,212.44
1410,2024-01-19 11:30:43,Bulk,20,Cowboy Boots,Western_Apparel,1,89.99,89.99,212.44
1410,2024-01-19 11:30:43,Bulk,26,Rodeo Rope,Rodeo_Gear,1,18.99,18.99,212.44
1411,2024-01-19 16:32:38,Bulk,14,Work Gloves,Ranch_Supplies,1,6.99,6.99,131.89
1411,2024-01-19 16:32:38,Bulk,2,Campfire Chili,Cowboy_Food,1,3.99,3.99,131.89
1411,2024-01-19 16:32:38,Bulk,21,Red Bandana,Western_Apparel,1,4.99,4.99,131.89
1411,2024-01-19 16:32:38,Bulk,23,Leather Belt,Western_Apparel,1,19.99,19.99,131.89
1411,2024-01-19 16:32:38,Bulk,16,Hay Bale Twine,Ranch_Supplies,1,5.99,5.99,131.89
1411,2024-01-19 16:32:38,Bulk,27,Bull Rope Rosin,Rodeo_Gear,1,7.49,7.49,131.89
1411,2024-01-19 16:32:38,Bulk,29,Leather Wallet,Leather_Goods,1,24.99,24.99,131.89
1411,2024-01-19 16:32:38,Bulk,13,Saddle Oil,Ranch_Supplies,1,9.99,9.99,131.89
1411,2024-01-19 16:32:38,Bulk,3,Smoky BBQ Sauce,Cowboy_Food,1,4.49,4.49,131.89
1411,2024-01-19 16:32:38,Bulk,6,Campfire Coffee,Cowboy_Food,1,7.99,7.99,131.89
1411,2024-01-19 16:32:38,Bulk,19,Cowboy Hat,Western_Apparel,1,34.99,34.99,131.89
1412,2024-01-19 11:31:38,Tourist,8,Hardtack Biscuits,Cowboy_Food,1,2.49,2.49,51.47
1412,2024-01-19 11:31:38,Tourist,10,Smoked Sausage Links,Cowboy_Food,1,8.99,8.99,51.47
1412,2024-01-19 11:31:38,Tourist,24,Denim Vest,Western_Apparel,1,39.99,39.99,51.47
1413,2024-01-19 15:58:05,Tourist,5,Cornbread Mix,Cowboy_Food,1,3.49,3.49,13.47
1413,2024-01-19 15:58:05,Tourist,4,Trail Beef Jerky,Cowboy_Food,1,5.99,5.99,13.47
1413,2024-01-19 15:58:05,Tourist,2,Campfire Chili,Cowboy_Food,1,3.99,3.99,13.47
1414,2024-01-19 11:58:51,Bulk,3,Smoky BBQ Sauce,Cowboy_Food,1,4.49,4.49,54.41
1414,2024-01-19 11:58:51,Bulk,7,Prairie Honey,Cowboy_Food,2,6.49,12.98,54.41
1414,2024-01-19 11:58:51,Bulk,5,Cornbread Mix,Cowboy_Food,2,3.49,6.98,54.41
1414,2024-01-19 11:58:51,Bulk,1,Chuckwagon Beans,Cowboy_Food,1,2.99,2.99,54.41
1414,2024-01-19 11:58:51,Bulk,30,Leather Journal,Leather_Goods,1,14.99,14.99,54.41
1414,2024-01-19 11:58:51,Bulk,9,Dried Apple Slices,Cowboy_Food,1,4.99,4.99,54.41
1414,2024-01-19 11:58:51,Bulk,14,Work Gloves,Ranch_Supplies,1,6.99,6.99,54.41
1415,2024-01-19 15:37:10,Regular,20,Cowboy Boots,Western_Apparel,2,89.99,179.98,226.41
1415,2024-01-19 15:37:10,Regular,9,Dried Apple Slices,Cowboy_Food,2,4.99,9.98,226.41
1415,2024-01-19 15:37:10,Regular,14,Work Gloves,Ranch_Supplies,1,6.99,6.99,226.41
1415,2024-01-19 15:37:10,Regular,10,Smoked Sausage Links,Cowboy_Food,1,8.99,8.99,226.41
1415,2024-01-19 15:37:10,Regular,17,Stock Tank Float,Ranch_Supplies,1,8.49,8.49,226.41
1415,2024-01-19 15:37:10,Regular,6,Campfire Coffee,Cowboy_Food,1,7.99,7.99,226.41
1415,2024-01-19 15:37:10,Regular,2,Campfire Chili,Cowboy_Food,1,3.99,3.99,226.41
1416,2024-01-19 15:58:23,Regular,3,Smoky BBQ Sauce,Cowboy_Food,1,4.49,4.49,93.43
1416,2024-01-19 15:58:23,Regular,22,Flannel Shirt,Western_Apparel,1,29.99,29.99,93.43
1416,2024-01-19 15:58:23,Regular,6,Campfire Coffee,Cowboy_Food,2,7.99,15.98,93.43
1416,2024-01-19 15:58:23,Regular,2,Campfire Chili,Cowboy_Food,1,3.99,3.99,93.43
1416,2024-01-19 15:58:23,Regular,23,Leather Belt,Western_Apparel,1,19.99,19.99,93.43
1416,2024-01-19 15:58:23,Regular,26,Rodeo Rope,Rodeo_Gear,1,18.99,18.99,93.43
1417,2024-01-19 16:05:30,Casual,25,Riding Spurs,Rodeo_Gear,1,22.99,22.99,52.95
1417,2024-01-19 16:05:30,Casual,1,Chuckwagon Beans,Cowboy_Food,1,2.99,2.99,52.95
1417,2024-01-19 16:05:30,Casual,5,Cornbread Mix,Cowboy_Food,1,3.49,3.49,52.95
1417,2024-01-19 16:05:30,Casual,11,Lasso Rope,Ranch_Supplies,1,14.99,14.99,52.95
1417,2024-01-19 16:05:30,Casual,17,Stock Tank Float,Ranch_Supplies,1,8.49,8.49,52.95
1418,2024-01-19 16:26:50,Tourist,13,Saddle Oil,Ranch_Supplies,1,9.99,9.99,93.45
1418,2024-01-19 16:26:50,Tourist,3,Smoky BBQ Sauce,Cowboy_Food,1,4.49,4.49,93.45
1418,2024-01-19 16:26:50,Tourist,23,Leather Belt,Western_Apparel,1,19.99,19.99,93.45
1418,2024-01-19 16:26:50,Tourist,26,Rodeo Rope,Rodeo_Gear,1,18.99,18.99,93.45
1418,2024-01-19 16:26:50,Tourist,24,Denim Vest,Western_Apparel,1,39.99,39.99,93.45
1419,2024-01-19 10:30:37,Regular,17,Stock Tank Float,Ranch_Supplies,1,8.49,8.49,95.44
1419,2024-01-19 10:30:37,Regular,29,Leather Wallet,Leather_Goods,1,24.99,24.99,95.44
1419,2024-01-19 10:30:37,Regular,22,Flannel Shirt,Western_Apparel,1,29.99,29.99,95.44
1419,2024-01-19 10:30:37,Regular,26,Rodeo Rope,Rodeo_Gear,1,18.99,18.99,95.44
1419,2024-01-19 10:30:37,Regular,16,Hay Bale Twine,Ranch_Supplies,1,5.99,5.99,95.44
1419,2024-01-19 10:30:37,Regular,14,Work Gloves,Ranch_Supplies,1,6.99,6.99,95.44
1420,2024-01-19 16:32:11,Regular,7,Prairie Honey,Cowboy_Food,1,6.49,6.49,37.45
1420,2024-01-19 16:32:11,Regular,27,Bull Rope Rosin,Rodeo_Gear,1,7.49,7.49,37.45
1420,2024-01-19 16:32:11,Regular,3,Smoky BBQ Sauce,Cowboy_Food,1,4.49,4.49,37.45
1420,2024-01-19 16:32:11,Regular,13,Saddle Oil,Ranch_Supplies,1,9.99,9.99,37.45
1420,2024-01-19 16:32:11,Regular,10,Smoked Sausage Links,Cowboy_Food,1,8.99,8.99,37.45
1421,2024-01-19 11:17:17,Regular,21,Red Bandana,Western_Apparel,1,4.99,4.99,64.97
1421,2024-01-19 11:17:17,Regular,19,Cowboy Hat,Western_Apparel,1,34.99,34.99,64.97
1421,2024-01-19 11:17:17,Regular,18,Branding Iron,Ranch_Supplies,1,24.99,24.99,64.97
1422,2024-01-19 16:24:11,Regular,29,Leather Wallet,Leather_Goods,1,24.99,24.99,24.99
1423,2024-01-19 11:02:35,Tourist,18,Branding Iron,Ranch_Supplies,1,24.99,24.99,66.96
1423,2024-01-19 11:02:35,Tourist,14,Work Gloves,Ranch_Supplies,1,6.99,6.99,66.96
1423,2024-01-19 11:02:35,Tourist,23,Leather Belt,Western_Apparel,1,19.99,19.99,66.96
1423,2024-01-19 11:02:35,Tourist,30,Leather Journal,Leather_Goods,1,14.99,14.99,66.96
1424,2024-01-19 15:10:43,Bulk,14,Work Gloves,Ranch_Supplies,1,6.99,6.99,44.45
1424,2024-01-19 15:10:43,Bulk,3,Smoky BBQ Sauce,Cowboy_Food,1,4.49,4.49,44.45
1424,2024-01-19 15:10:43,Bulk,6,Campfire Coffee,Cowboy_Food,1,7.99,7.99,44.45
1424,2024-01-19 15:10:43,Bulk,26,Rodeo Rope,Rodeo_Gear,1,18.99,18.99,44.45
1424,2024-01-19 15:10:43,Bulk,4,Trail Beef Jerky,Cowboy_Food,1,5.99,5.99,44.45
1425,2024-01-19 14:01:42,Regular,23,Leather Belt,Western_Apparel,1,19.99,19.99,146.42
1425,2024-01-19 14:01:42,Regular,22,Flannel Shirt,Western_Apparel,2,29.99,59.98,146.42
1425,2024-01-19 14:01:42,Regular,6,Campfire Coffee,Cowboy_Food,1,7.99,7.99,146.42
1425,2024-01-19 14:01:42,Regular,8,Hardtack Biscuits,Cowboy_Food,1,2.49,2.49,146.42
1425,2024-01-19 14:01:42,Regular,29,Leather Wallet,Leather_Goods,1,24.99,24.99,146.42
1425,2024-01-19 14:01:42,Regular,16,Hay Bale Twine,Ranch_Supplies,1,5.99,5.99,146.42
1425,2024-01-19 14:01:42,Regular,18,Branding Iron,Ranch_Supplies,1,24.99,24.99,146.42
1426,2024-01-19 18:24:45,Regular,12,Horse Feed Sack,Ranch_Supplies,1,19.99,19.99,47.97
1426,2024-01-19 18:24:45,Regular,25,Riding Spurs,Rodeo_Gear,1,22.99,22.99,47.97
1426,2024-01-19 18:24:45,Regular,9,Dried Apple Slices,Cowboy_Food,1,4.99,4.99,47.97
1427,2024-01-19 16:09:42,Regular,20,Cowboy Boots,Western_Apparel,1,89.99,89.99,102.98
1427,2024-01-19 16:09:42,Regular,15,Fence Wire (50ft),Ranch_Supplies,1,12.99,12.99,102.98
1428,2024-01-19 10:42:54,Bulk,12,Horse Feed Sack,Ranch_Supplies,1,19.99,19.99,168.38
1428,2024-01-19 10:42:54,Bulk,15,Fence Wire (50ft),Ranch_Supplies,3,12.99,38.97,168.38
1428,2024-01-19 10:42:54,Bulk,11,Lasso Rope,Ranch_Supplies,1,14.99,14.99,168.38
1428,2024-01-19 10:42:54,Bulk,26,Rodeo Rope,Rodeo_Gear,1,18.99,18.99,168.38
1428,2024-01-19 10:42:54,Bulk,4,Trail Beef Jerky,Cowboy_Food,2,5.99,11.98,168.38
1428,2024-01-19 10:42:54,Bulk,22,Flannel Shirt,Western_Apparel,1,29.99,29.99,168.38
1428,2024-01-19 10:42:54,Bulk,23,Leather Belt,Western_Apparel,1,19.99,19.99,168.38
1428,2024-01-19 10:42:54,Bulk,13,Saddle Oil,Ranch_Supplies,1,9.99,9.99,168.38
1428,2024-01-19 10:42:54,Bulk,5,Cornbread Mix,Cowboy_Food,1,3.49,3.49,168.38
1429,2024-01-19 16:31:54,Bulk,10,Smoked Sausage Links,Cowboy_Food,2,8.99,17.98,203.83
1429,2024-01-19 16:31:54,Bulk,25,Riding Spurs,Rodeo_Gear,1,22.99,22.99,203.83
1429,2024-01-19 16:31:54,Bulk,7,Prairie Honey,Cowboy_Food,1,6.49,6.49,203.83
1429,2024-01-19 16:31:54,Bulk,21,Red Bandana,Western_Apparel,2,4.99,9.98,203.83
1429,2024-01-19 16:31:54,Bulk,3,Smoky BBQ Sauce,Cowboy_Food,1,4.49,4.49,203.83
1429,2024-01-19 16:31:54,Bulk,28,Leather Saddlebag,Leather_Goods,1,59.99,59.99,203.83
1429,2024-01-19 16:31:54,Bulk,13,Saddle Oil,Ranch_Supplies,1,9.99,9.99,203.83
1429,2024-01-19 16:31:54,Bulk,14,Work Gloves,Ranch_Supplies,1,6.99,6.99,203.83
1429,2024-01-19 16:31:54,Bulk,16,Hay Bale Twine,Ranch_Supplies,1,5.99,5.99,203.83
1429,2024-01-19 16:31:54,Bulk,1,Chuckwagon Beans,Cowboy_Food,1,2.99,2.99,203.83
1429,2024-01-19 16:31:54,Bulk,4,Trail Beef Jerky,Cowboy_Food,1,5.99,5.99,203.83
1429,2024-01-19 16:31:54,Bulk,5,Cornbread Mix,Cowboy_Food,1,3.49,3.49,203.83
1429,2024-01-19 16:31:54,Bulk,19,Cowboy Hat,Western_Apparel,1,34.99,34.99,203.83
1429,2024-01-19 16:31:54,Bulk,27,Bull Rope Rosin,Rodeo_Gear,1,7.49,7.49,203.83
1429,2024-01-19 16:31:54,Bulk,2,Campfire Chili,Cowboy_Food,1,3.99,3.99,203.83
1430,2024-01-19 11:36:16,Regular,4,Trail Beef Jerky,Cowboy_Food,1,5.99,5.99,5.99
1431,2024-01-20 16:50:11,Regular,25,Riding Spurs,Rodeo_Gear,1,22.99,22.99,180.91
1431,2024-01-20 16:50:11,Regular,14,Work Gloves,Ranch_Supplies,1,6.99,6.99,180.91
1431,2024-01-20 16:50:11,Regular,18,Branding Iron,Ranch_Supplies,2,24.99,49.98,180.91
1431,2024-01-20 16:50:11,Regular,28,Leather Saddlebag,Leather_Goods,1,59.99,59.99,180.91
1431,2024-01-20 16:50:11,Regular,12,Horse Feed Sack,Ranch_Supplies,1,19.99,19.99,180.91
1431,2024-01-20 16:50:11,Regular,6,Campfire Coffee,Cowboy_Food,1,7.99,7.99,180.91
1431,2024-01-20 16:50:11,Regular,3,Smoky BBQ Sauce,Cowboy_Food,1,4.49,4.49,180.91
1431,2024-01-20 16:50:11,Regular,17,Stock Tank Float,Ranch_Supplies,1,8.49,8.49,180.91
1432,2024-01-20 15:21:35,Regular,2,Campfire Chili,Cowboy_Food,1,3.99,3.99,54.96
1432,2024-01-20 15:21:35,Regular,4,Trail Beef Jerky,Cowboy_Food,1,5.99,5.99,54.96
1432,2024-01-20 15:21:35,Regular,24,Denim Vest,Western_Apparel,1,39.99,39.99,54.96
1432,2024-01-20 15:21:35,Regular,21,Red Bandana,Western_Apparel,1,4.99,4.99,54.96
1433,2024-01-20 14:25:13,Regular,30,Leather Journal,Leather_Goods,1,14.99,14.99,66.96
1433,2024-01-20 14:25:13,Regular,16,Hay Bale Twine,Ranch_Supplies,2,5.99,11.98,66.96
1433,2024-01-20 14:25:13,Regular,24,Denim Vest,Western_Apparel,1,39.99,39.99,66.96
1434,2024-01-20 16:39:01,Regular,13,Saddle Oil,Ranch_Supplies,1,9.99,9.99,22.47
1434,2024-01-20 16:39:01,Regular,27,Bull Rope Rosin,Rodeo_Gear,1,7.49,7.49,22.47
1434,2024-01-20 16:39:01,Regular,21,Red Bandana,Western_Apparel,1,4.99,4.99,22.47
1435,2024-01-20 12:29:24,Bulk,7,Prairie Honey,Cowboy_Food,1,6.49,6.49,189.83
1435,2024-01-20 12:29:24,Bulk,24,Denim Vest,Western_Apparel,1,39.99,39.99,189.83
1435,2024-01-20 12:29:24,Bulk,21,Red Bandana,Western_Apparel,1,4.99,4.99,189.83
1435,2024-01-20 12:29:24,Bulk,25,Riding Spurs,Rodeo_Gear,1,22.99,22.99,189.83
1435,2024-01-20 12:29:24,Bulk,4,Trail Beef Jerky,Cowboy_Food,3,5.99,17.97,189.83
1435,2024-01-20 12:29:24,Bulk,9,Dried Apple Slices,Cowboy_Food,2,4.99,9.98,189.83
1435,2024-01-20 12:29:24,Bulk,22,Flannel Shirt,Western_Apparel,1,29.99,29.99,189.83
1435,2024-01-20 12:29:24,Bulk,11,Lasso Rope,Ranch_Supplies,1,14.99,14.99,189.83
1435,2024-01-20 12:29:24,Bulk,5,Cornbread Mix,Cowboy_Food,1,3.49,3.49,189.83
1435,2024-01-20 12:29:24,Bulk,2,Campfire Chili,Cowboy_Food,2,3.99,7.98,189.83
1435,2024-01-20 12:29:24,Bulk,26,Rodeo Rope,Rodeo_Gear,1,18.99,18.99,189.83
1435,2024-01-20 12:29:24,Bulk,16,Hay Bale Twine,Ranch_Supplies,2,5.99,11.98,189.83
1436,2024-01-20 17:31:46,Regular,2,Campfire Chili,Cowboy_Food,1,3.99,3.99,3.99
1437,2024-01-20 16:16:40,Regular,11,Lasso Rope,Ranch_Supplies,1,14.99,14.99,149.4
1437,2024-01-20 16:16:40,Regular,29,Leather Wallet,Leather_Goods,1,24.99,24.99,149.4
1437,2024-01-20 16:16:40,Regular,30,Leather Journal,Leather_Goods,1,14.99,14.99,149.4
1437,2024-01-20 16:16:40,Regular,17,Stock Tank Float,Ranch_Supplies,2,8.49,16.98,149.4
1437,2024-01-20 16:16:40,Regular,6,Campfire Coffee,Cowboy_Food,1,7.99,7.99,149.4
1437,2024-01-20 16:16:40,Regular,23,Leather Belt,Western_Apparel,1,19.99,19.99,149.4
1437,2024-01-20 16:16:40,Regular,9,Dried Apple Slices,Cowboy_Food,1,4.99,4.99,149.4
1437,2024-01-20 16:16:40,Regular,3,Smoky BBQ Sauce,Cowboy_Food,1,4.49,4.49,149.4
1437,2024-01-20 16:16:40,Regular,24,Denim Vest,Western_Apparel,1,39.99,39.99,149.4
1438,2024-01-20 13:14:06,Regular,6,Campfire Coffee,Cowboy_Food,1,7.99,7.99,45.97
1438,2024-01-20 13:14:06,Regular,11,Lasso Rope,Ranch_Supplies,1,14.99,14.99,45.97
1438,2024-01-20 13:14:06,Regular,25,Riding Spurs,Rodeo_Gear,1,22.99,22.99,45.97
1439,2024-01-20 15:36:11,Tourist,13,Saddle Oil,Ranch_Supplies,1,9.99,9.99,9.99
1440,2024-01-20 12:09:32,Regular,23,Leather Belt,Western_Apparel,1,19.99,19.99,19.99
1441,2024-01-20 18:40:19,Bulk,23,Leather Belt,Western_Apparel,1,19.99,19.99,262.39
1441,2024-01-20 18:40:19,Bulk,14,Work Gloves,Ranch_Supplies,2,6.99,13.98,262.39
1441,2024-01-20 18:40:19,Bulk,4,Trail Beef Jerky,Cowboy_Food,1,5.99,5.99,262.39
1441,2024-01-20 18:40:19,Bulk,3,Smoky BBQ Sauce,Cowboy_Food,1,4.49,4.49,262.39
1441,2024-01-20 18:40:19,Bulk,18,Branding Iron,Ranch_Supplies,1,24.99,24.99,262.39
1441,2024-01-20 18:40:19,Bulk,28,Leather Saddlebag,Leather_Goods,1,59.99,59.99,262.39
1441,2024-01-20 18:40:19,Bulk,25,Riding Spurs,Rodeo_Gear,1,22.99,22.99,262.39
1441,2024-01-20 18:40:19,Bulk,21,Red Bandana,Western_Apparel,1,4.99,4.99,262.39
1441,2024-01-20 18:40:19,Bulk,30,Leather Journal,Leather_Goods,1,14.99,14.99,262.39
1441,2024-01-20 18:40:19,Bulk,20,Cowboy Boots,Western_Apparel,1,89.99,89.99,262.39
1442,2024-01-20 14:45:19,Regular,11,Lasso Rope,Ranch_Supplies,1,14.99,14.99,198.41
1442,2024-01-20 14:45:19,Regular,19,Cowboy Hat,Western_Apparel,1,34.99,34.99,198.41
1442,2024-01-20 14:45:19,Regular,28,Leather Saddlebag,Leather_Goods,1,59.99,59.99,198.41
1442,2024-01-20 14:45:19,Regular,6,Campfire Coffee,Cowboy_Food,1,7.99,7.99,198.41
1442,2024-01-20 14:45:19,Regular,18,Branding Iron,Ranch_Supplies,1,24.99,24.99,198.41
1442,2024-01-20 14:45:19,Regular,4,Trail Beef Jerky,Cowboy_Food,1,5.99,5.99,198.41
1442,2024-01-20 14:45:19,Regular,22,Flannel Shirt,Western_Apparel,1,29.99,29.99,198.41
1442,2024-01-20 14:45:19,Regular,3,Smoky BBQ Sauce,Cowboy_Food,1,4.49,4.49,198.41
1442,2024-01-20 14:45:19,Regular,30,Leather Journal,Leather_Goods,1,14.99,14.99,198.41
1443,2024-01-20 17:42:26,Regular,16,Hay Bale Twine,Ranch_Supplies,1,5.99,5.99,194.4
1443,2024-01-20 17:42:26,Regular,28,Leather Saddlebag,Leather_Goods,2,59.99,119.98,194.4
1443,2024-01-20 17:42:26,Regular,4,Trail Beef Jerky,Cowboy_Food,1,5.99,5.99,194.4
1443,2024-01-20 17:42:26,Regular,6,Campfire Coffee,Cowboy_Food,1,7.99,7.99,194.4
1443,2024-01-20 17:42:26,Regular,18,Branding Iron,Ranch_Supplies,1,24.99,24.99,194.4
1443,2024-01-20 17:42:26,Regular,9,Dried Apple Slices,Cowboy_Food,1,4.99,4.99,194.4
1443,2024-01-20 17:42:26,Regular,21,Red Bandana,Western_Apparel,1,4.99,4.99,194.4
1443,2024-01-20 17:42:26,Regular,15,Fence Wire (50ft),Ranch_Supplies,1,12.99,12.99,194.4
1443,2024-01-20 17:42:26,Regular,7,Prairie Honey,Cowboy_Food,1,6.49,6.49,194.4
1444,2024-01-20 18:33:45,Bulk,26,Rodeo Rope,Rodeo_Gear,1,18.99,18.99,284.34
1444,2024-01-20 18:33:45,Bulk,27,Bull Rope Rosin,Rodeo_Gear,1,7.49,7.49,284.34
1444,2024-01-20 18:33:45,Bulk,29,Leather Wallet,Leather_Goods,1,24.99,24.99,284.34
1444,2024-01-20 18:33:45,Bulk,13,Saddle Oil,Ranch_Supplies,2,9.99,19.98,284.34
1444,2024-01-20 18:33:45,Bulk,30,Leather Journal,Leather_Goods,2,14.99,29.98,284.34
1444,2024-01-20 18:33:45,Bulk,23,Leather Belt,Western_Apparel,1,19.99,19.99,284.34
1444,2024-01-20 18:33:45,Bulk,19,Cowboy Hat,Western_Apparel,2,34.99,69.98,284.34
1444,2024-01-20 18:33:45,Bulk,12,Horse Feed Sack,Ranch_Supplies,1,19.99,19.99,284.34
1444,2024-01-20 18:33:45,Bulk,25,Riding Spurs,Rodeo_Gear,1,22.99,22.99,284.34
1444,2024-01-20 18:33:45,Bulk,22,Flannel Shirt,Western_Apparel,1,29.99,29.99,284.34
1444,2024-01-20 18:33:45,Bulk,17,Stock Tank Float,Ranch_Supplies,1,8.49,8.49,284.34
1444,2024-01-20 18:33:45,Bulk,7,Prairie Honey,Cowboy_Food,1,6.49,6.49,284.34
1444,2024-01-20 18:33:45,Bulk,9,Dried Apple Slices,Cowboy_Food,1,4.99,4.99,284.34
1445,2024-01-20 15:35:34,Casual,1,Chuckwagon Beans,Cowboy_Food,1,2.99,2.99,7.98
1445,2024-01-20 15:35:34,Casual,21,Red Bandana,Western_Apparel,1,4.99,4.99,7.98
1446,2024-01-20 16:41:51,Tourist,2,Campfire Chili,Cowboy_Food,1,3.99,3.99,28.98
1446,2024-01-20 16:41:51,Tourist,29,Leather Wallet,Leather_Goods,1,24.99,24.99,28.98
1447,2024-01-20 15:49:06,Regular,4,Trail Beef Jerky,Cowboy_Food,2,5.99,11.98,141.45
1447,2024-01-20 15:49:06,Regular,19,Cowboy Hat,Western_Apparel,1,34.99,34.99,141.45
1447,2024-01-20 15:49:06,Regular,3,Smoky BBQ Sauce,Cowboy_Food,1,4.49,4.49,141.45
1447,2024-01-20 15:49:06,Regular,20,Cowboy Boots,Western_Apparel,1,89.99,89.99,141.45
1448,2024-01-20 10:44:27,Regular,18,Branding Iron,Ranch_Supplies,1,24.99,24.99,168.96
1448,2024-01-20 10:44:27,Regular,20,Cowboy Boots,Western_Apparel,1,89.99,89.99,168.96
1448,2024-01-20 10:44:27,Regular,19,Cowboy Hat,Western_Apparel,1,34.99,34.99,168.96
1448,2024-01-20 10:44:27,Regular,26,Rodeo Rope,Rodeo_Gear,1,18.99,18.99,168.96
1449,2024-01-20 18:13:33,Casual,22,Flannel Shirt,Western_Apparel,1,29.99,29.99,32.48
1449,2024-01-20 18:13:33,Casual,8,Hardtack Biscuits,Cowboy_Food,1,2.49,2.49,32.48
1450,2024-01-20 14:58:45,Regular,10,Smoked Sausage Links,Cowboy_Food,1,8.99,8.99,81.93
1450,2024-01-20 14:58:45,Regular,14,Work Gloves,Ranch_Supplies,1,6.99,6.99,81.93
1450,2024-01-20 14:58:45,Regular,2,Campfire Chili,Cowboy_Food,1,3.99,3.99,81.93
1450,2024-01-20 14:58:45,Regular,26,Rodeo Rope,Rodeo_Gear,1,18.99,18.99,81.93
1450,2024-01-20 14:58:45,Regular,15,Fence Wire (50ft),Ranch_Supplies,1,12.99,12.99,81.93
1450,2024-01-20 14:58:45,Regular,11,Lasso Rope,Ranch_Supplies,2,14.99,29.98,81.93
1451,2024-01-20 17:41:30,Bulk,19,Cowboy Hat,Western_Apparel,1,34.99,34.99,175.39
1451,2024-01-20 17:41:30,Bulk,11,Lasso Rope,Ranch_Supplies,2,14.99,29.98,175.39
1451,2024-01-20 17:41:30,Bulk,16,Hay Bale Twine,Ranch_Supplies,1,5.99,5.99,175.39
1451,2024-01-20 17:41:30,Bulk,26,Rodeo Rope,Rodeo_Gear,2,18.99,37.98,175.39
1451,2024-01-20 17:41:30,Bulk,10,Smoked Sausage Links,Cowboy_Food,2,8.99,17.98,175.39
1451,2024-01-20 17:41:30,Bulk,12,Horse Feed Sack,Ranch_Supplies,1,19.99,19.99,175.39
1451,2024-01-20 17:41:30,Bulk,23,Leather Belt,Western_Apparel,1,19.99,19.99,175.39
1451,2024-01-20 17:41:30,Bulk,17,Stock Tank Float,Ranch_Supplies,1,8.49,8.49,175.39
1452,2024-01-20 16:17:54,Casual,5,Cornbread Mix,Cowboy_Food,1,3.49,3.49,16.48
1452,2024-01-20 16:17:54,Casual,15,Fence Wire (50ft),Ranch_Supplies,1,12.99,12.99,16.48
1453,2024-01-20 10:52:50,Regular,13,Saddle Oil,Ranch_Supplies,1,9.99,9.99,44.98
1453,2024-01-20 10:52:50,Regular,19,Cowboy Hat,Western_Apparel,1,34.99,34.99,44.98
1454,2024-01-20 14:31:41,Bulk,28,Leather Saddlebag,Leather_Goods,2,59.99,119.98,119.98
1455,2024-01-20 11:37:23,Regular,4,Trail Beef Jerky,Cowboy_Food,1,5.99,5.99,53.46
1455,2024-01-20 11:37:23,Regular,23,Leather Belt,Western_Apparel,1,19.99,19.99,53.46
1455,2024-01-20 11:37:23,Regular,18,Branding Iron,Ranch_Supplies,1,24.99,24.99,53.46
1455,2024-01-20 11:37:23,Regular,8,Hardtack Biscuits,Cowboy_Food,1,2.49,2.49,53.46
1456,2024-01-20 11:25:19,Regular,12,Horse Feed Sack,Ranch_Supplies,1,19.99,19.99,68.44
1456,2024-01-20 11:25:19,Regular,3,Smoky BBQ Sauce,Cowboy_Food,1,4.49,4.49,68.44
1456,2024-01-20 11:25:19,Regular,14,Work Gloves,Ranch_Supplies,1,6.99,6.99,68.44
1456,2024-01-20 11:25:19,Regular,25,Riding Spurs,Rodeo_Gear,1,22.99,22.99,68.44
1456,2024-01-20 11:25:19,Regular,2,Campfire Chili,Cowboy_Food,1,3.99,3.99,68.44
1456,2024-01-20 11:25:19,Regular,13,Saddle Oil,Ranch_Supplies,1,9.99,9.99,68.44
1457,2024-01-20 16:36:32,Tourist,25,Riding Spurs,Rodeo_Gear,1,22.99,22.99,28.98
1457,2024-01-20 16:36:32,Tourist,4,Trail Beef Jerky,Cowboy_Food,1,5.99,5.99,28.98
1458,2024-01-20 09:57:27,Regular,5,Cornbread Mix,Cowboy_Food,2,3.49,6.98,64.42
1458,2024-01-20 09:57:27,Regular,17,Stock Tank Float,Ranch_Supplies,1,8.49,8.49,64.42
1458,2024-01-20 09:57:27,Regular,21,Red Bandana,Western_Apparel,1,4.99,4.99,64.42
1458,2024-01-20 09:57:27,Regular,14,Work Gloves,Ranch_Supplies,1,6.99,6.99,64.42
1458,2024-01-20 09:57:27,Regular,10,Smoked Sausage Links,Cowboy_Food,1,8.99,8.99,64.42
1458,2024-01-20 09:57:27,Regular,12,Horse Feed Sack,Ranch_Supplies,1,19.99,19.99,64.42
1458,2024-01-20 09:57:27,Regular,6,Campfire Coffee,Cowboy_Food,1,7.99,7.99,64.42
1459,2024-01-20 18:23:01,Regular,14,Work Gloves,Ranch_Supplies,2,6.99,13.98,60.46
1459,2024-01-20 18:23:01,Regular,7,Prairie Honey,Cowboy_Food,1,6.49,6.49,60.46
1459,2024-01-20 18:23:01,Regular,24,Denim Vest,Western_Apparel,1,39.99,39.99,60.46
1460,2024-01-20 14:54:13,Bulk,14,Work Gloves,Ranch_Supplies,2,6.99,13.98,89.94
1460,2024-01-20 14:54:13,Bulk,24,Denim Vest,Western_Apparel,1,39.99,39.99,89.94
1460,2024-01-20 14:54:13,Bulk,25,Riding Spurs,Rodeo_Gear,1,22.99,22.99,89.94
1460,2024-01-20 14:54:13,Bulk,21,Red Bandana,Western_Apparel,1,4.99,4.99,89.94
1460,2024-01-20 14:54:13,Bulk,6,Campfire Coffee,Cowboy_Food,1,7.99,7.99,89.94
1461,2024-01-20 15:15:50,Regular,20,Cowboy Boots,Western_Apparel,1,89.99,89.99,224.93
1461,2024-01-20 15:15:50,Regular,25,Riding Spurs,Rodeo_Gear,1,22.99,22.99,224.93
1461,2024-01-20 15:15:50,Regular,5,Cornbread Mix,Cowboy_Food,1,3.49,3.49,224.93
1461,2024-01-20 15:15:50,Regular,24,Denim Vest,Western_Apparel,2,39.99,79.98,224.93
1461,2024-01-20 15:15:50,Regular,23,Leather Belt,Western_Apparel,1,19.99,19.99,224.93
1461,2024-01-20 15:15:50,Regular,17,Stock Tank Float,Ranch_Supplies,1,8.49,8.49,224.93
1462,2024-01-20 12:34:27,Regular,11,Lasso Rope,Ranch_Supplies,1,14.99,14.99,24.98
1462,2024-01-20 12:34:27,Regular,13,Saddle Oil,Ranch_Supplies,1,9.99,9.99,24.98
1463,2024-01-20 10:41:56,Regular,1,Chuckwagon Beans,Cowboy_Food,1,2.99,2.99,140.96
1463,2024-01-20 10:41:56,Regular,25,Riding Spurs,Rodeo_Gear,1,22.99,22.99,140.96
1463,2024-01-20 10:41:56,Regular,29,Leather Wallet,Leather_Goods,1,24.99,24.99,140.96
1463,2024-01-20 10:41:56,Regular,20,Cowboy Boots,Western_Apparel,1,89.99,89.99,140.96
1464,2024-01-20 15:54:14,Regular,1,Chuckwagon Beans,Cowboy_Food,1,2.99,2.99,56.45
1464,2024-01-20 15:54:14,Regular,3,Smoky BBQ Sauce,Cowboy_Food,1,4.49,4.49,56.45
1464,2024-01-20 15:54:14,Regular,2,Campfire Chili,Cowboy_Food,1,3.99,3.99,56.45
1464,2024-01-20 15:54:14,Regular,29,Leather Wallet,Leather_Goods,1,24.99,24.99,56.45
1464,2024-01-20 15:54:14,Regular,12,Horse Feed Sack,Ranch_Supplies,1,19.99,19.99,56.45
1465,2024-01-20 13:12:58,Regular,15,Fence Wire (50ft),Ranch_Supplies,1,12.99,12.99,90.44
1465,2024-01-20 13:12:58,Regular,29,Leather Wallet,Leather_Goods,1,24.99,24.99,90.44
1465,2024-01-20 13:12:58,Regular,14,Work Gloves,Ranch_Supplies,1,6.99,6.99,90.44
1465,2024-01-20 13:12:58,Regular,27,Bull Rope Rosin,Rodeo_Gear,1,7.49,7.49,90.44
1465,2024-01-20 13:12:58,Regular,1,Chuckwagon Beans,Cowboy_Food,1,2.99,2.99,90.44
1465,2024-01-20 13:12:58,Regular,19,Cowboy Hat,Western_Apparel,1,34.99,34.99,90.44
1466,2024-01-20 16:06:48,Casual,24,Denim Vest,Western_Apparel,1,39.99,39.99,44.98
1466,2024-01-20 16:06:48,Casual,9,Dried Apple Slices,Cowboy_Food,1,4.99,4.99,44.98
1467,2024-01-20 15:42:21,Regular,22,Flannel Shirt,Western_Apparel,1,29.99,29.99,29.99
1468,2024-01-20 11:47:36,Tourist,5,Cornbread Mix,Cowboy_Food,1,3.49,3.49,70.44
1468,2024-01-20 11:47:36,Tourist,12,Horse Feed Sack,Ranch_Supplies,1,19.99,19.99,70.44
1468,2024-01-20 11:47:36,Tourist,2,Campfire Chili,Cowboy_Food,1,3.99,3.99,70.44
1468,2024-01-20 11:47:36,Tourist,1,Chuckwagon Beans,Cowboy_Food,1,2.99,2.99,70.44
1468,2024-01-20 11:47:36,Tourist,13,Saddle Oil,Ranch_Supplies,1,9.99,9.99,70.44
1468,2024-01-20 11:47:36,Tourist,22,Flannel Shirt,Western_Apparel,1,29.99,29.99,70.44
1469,2024-01-20 15:00:59,Regular,5,Cornbread Mix,Cowboy_Food,1,3.49,3.49,91.45
1469,2024-01-20 15:00:59,Regular,13,Saddle Oil,Ranch_Supplies,1,9.99,9.99,91.45
1469,2024-01-20 15:00:59,Regular,24,Denim Vest,Western_Apparel,1,39.99,39.99,91.45
1469,2024-01-20 15:00:59,Regular,29,Leather Wallet,Leather_Goods,1,24.99,24.99,91.45
1469,2024-01-20 15:00:59,Regular,15,Fence Wire (50ft),Ranch_Supplies,1,12.99,12.99,91.45
1470,2024-01-20 12:40:37,Regular,4,Trail Beef Jerky,Cowboy_Food,1,5.99,5.99,28.98
1470,2024-01-20 12:40:37,Regular,25,Riding Spurs,Rodeo_Gear,1,22.99,22.99,28.98
1471,2024-01-20 11:59:55,Tourist,21,Red Bandana,Western_Apparel,1,4.99,4.99,24.98
1471,2024-01-20 11:59:55,Tourist,23,Leather Belt,Western_Apparel,1,19.99,19.99,24.98
1472,2024-01-20 16:54:06,Casual,14,Work Gloves,Ranch_Supplies,1,6.99,6.99,12.98
1472,2024-01-20 16:54:06,Casual,16,Hay Bale Twine,Ranch_Supplies,1,5.99,5.99,12.98
1473,2024-01-20 09:32:09,Regular,23,Leather Belt,Western_Apparel,1,19.99,19.99,19.99
1474,2024-01-20 12:15:00,Regular,16,Hay Bale Twine,Ranch_Supplies,1,5.99,5.99,40.44
1474,2024-01-20 12:15:00,Regular,4,Trail Beef Jerky,Cowboy_Food,2,5.99,11.98,40.44
1474,2024-01-20 12:15:00,Regular,11,Lasso Rope,Ranch_Supplies,1,14.99,14.99,40.44
1474,2024-01-20 12:15:00,Regular,5,Cornbread Mix,Cowboy_Food,1,3.49,3.49,40.44
1474,2024-01-20 12:15:00,Regular,2,Campfire Chili,Cowboy_Food,1,3.99,3.99,40.44
1475,2024-01-20 15:33:19,Casual,29,Leather Wallet,Leather_Goods,1,24.99,24.99,114.98
1475,2024-01-20 15:33:19,Casual,20,Cowboy Boots,Western_Apparel,1,89.99,89.99,114.98
1476,2024-01-20 15:08:47,Regular,1,Chuckwagon Beans,Cowboy_Food,1,2.99,2.99,168.39
1476,2024-01-20 15:08:47,Regular,3,Smoky BBQ Sauce,Cowboy_Food,1,4.49,4.49,168.39
1476,2024-01-20 15:08:47,Regular,6,Campfire Coffee,Cowboy_Food,2,7.99,15.98,168.39
1476,2024-01-20 15:08:47,Regular,7,Prairie Honey,Cowboy_Food,1,6.49,6.49,168.39
1476,2024-01-20 15:08:47,Regular,27,Bull Rope Rosin,Rodeo_Gear,1,7.49,7.49,168.39
1476,2024-01-20 15:08:47,Regular,21,Red Bandana,Western_Apparel,1,4.99,4.99,168.39
1476,2024-01-20 15:08:47,Regular,4,Trail Beef Jerky,Cowboy_Food,1,5.99,5.99,168.39
1476,2024-01-20 15:08:47,Regular,12,Horse Feed Sack,Ranch_Supplies,1,19.99,19.99,168.39
1476,2024-01-20 15:08:47,Regular,24,Denim Vest,Western_Apparel,1,39.99,39.99,168.39
1476,2024-01-20 15:08:47,Regular,28,Leather Saddlebag,Leather_Goods,1,59.99,59.99,168.39
1477,2024-01-20 18:05:57,Regular,25,Riding Spurs,Rodeo_Gear,1,22.99,22.99,151.43
1477,2024-01-20 18:05:57,Regular,22,Flannel Shirt,Western_Apparel,1,29.99,29.99,151.43
1477,2024-01-20 18:05:57,Regular,8,Hardtack Biscuits,Cowboy_Food,1,2.49,2.49,151.43
1477,2024-01-20 18:05:57,Regular,14,Work Gloves,Ranch_Supplies,1,6.99,6.99,151.43
1477,2024-01-20 18:05:57,Regular,23,Leather Belt,Western_Apparel,1,19.99,19.99,151.43
1477,2024-01-20 18:05:57,Regular,28,Leather Saddlebag,Leather_Goods,1,59.99,59.99,151.43
1477,2024-01-20 18:05:57,Regular,10,Smoked Sausage Links,Cowboy_Food,1,8.99,8.99,151.43
1478,2024-01-20 17:20:32,Bulk,21,Red Bandana,Western_Apparel,1,4.99,4.99,145.42
1478,2024-01-20 17:20:32,Bulk,22,Flannel Shirt,Western_Apparel,2,29.99,59.98,145.42
1478,2024-01-20 17:20:32,Bulk,10,Smoked Sausage Links,Cowboy_Food,2,8.99,17.98,145.42
1478,2024-01-20 17:20:32,Bulk,24,Denim Vest,Western_Apparel,1,39.99,39.99,145.42
1478,2024-01-20 17:20:32,Bulk,5,Cornbread Mix,Cowboy_Food,1,3.49,3.49,145.42
1478,2024-01-20 17:20:32,Bulk,26,Rodeo Rope,Rodeo_Gear,1,18.99,18.99,145.42
1479,2024-01-20 16:48:25,Casual,24,Denim Vest,Western_Apparel,1,39.99,39.99,46.98
1479,2024-01-20 16:48:25,Casual,14,Work Gloves,Ranch_Supplies,1,6.99,6.99,46.98
1480,2024-01-20 15:26:55,Bulk,22,Flannel Shirt,Western_Apparel,1,29.99,29.99,155.93
1480,2024-01-20 15:26:55,Bulk,28,Leather Saddlebag,Leather_Goods,1,59.99,59.99,155.93
1480,2024-01-20 15:26:55,Bulk,6,Campfire Coffee,Cowboy_Food,1,7.99,7.99,155.93
1480,2024-01-20 15:26:55,Bulk,13,Saddle Oil,Ranch_Supplies,1,9.99,9.99,155.93
1480,2024-01-20 15:26:55,Bulk,4,Trail Beef Jerky,Cowboy_Food,1,5.99,5.99,155.93
1480,2024-01-20 15:26:55,Bulk,14,Work Gloves,Ranch_Supplies,1,6.99,6.99,155.93
1480,2024-01-20 15:26:55,Bulk,19,Cowboy Hat,Western_Apparel,1,34.99,34.99,155.93
1481,2024-01-20 14:40:35,Regular,14,Work Gloves,Ranch_Supplies,1,6.99,6.99,57.95
1481,2024-01-20 14:40:35,Regular,15,Fence Wire (50ft),Ranch_Supplies,1,12.99,12.99,57.95
1481,2024-01-20 14:40:35,Regular,7,Prairie Honey,Cowboy_Food,2,6.49,12.98,57.95
1481,2024-01-20 14:40:35,Regular,29,Leather Wallet,Leather_Goods,1,24.99,24.99,57.95
1482,2024-01-20 10:04:32,Tourist,10,Smoked Sausage Links,Cowboy_Food,1,8.99,8.99,23.97
1482,2024-01-20 10:04:32,Tourist,6,Campfire Coffee,Cowboy_Food,1,7.99,7.99,23.97
1482,2024-01-20 10:04:32,Tourist,14,Work Gloves,Ranch_Supplies,1,6.99,6.99,23.97
1483,2024-01-20 17:12:05,Regular,4,Trail Beef Jerky,Cowboy_Food,1,5.99,5.99,67.94
1483,2024-01-20 17:12:05,Regular,1,Chuckwagon Beans,Cowboy_Food,1,2.99,2.99,67.94
1483,2024-01-20 17:12:05,Regular,16,Hay Bale Twine,Ranch_Supplies,1,5.99,5.99,67.94
1483,2024-01-20 17:12:05,Regular,18,Branding Iron,Ranch_Supplies,1,24.99,24.99,67.94
1483,2024-01-20 17:12:05,Regular,15,Fence Wire (50ft),Ranch_Supplies,1,12.99,12.99,67.94
1483,2024-01-20 17:12:05,Regular,11,Lasso Rope,Ranch_Supplies,1,14.99,14.99,67.94
1484,2024-01-20 14:41:12,Casual,23,Leather Belt,Western_Apparel,1,19.99,19.99,53.46
1484,2024-01-20 14:41:12,Casual,5,Cornbread Mix,Cowboy_Food,1,3.49,3.49,53.46
1484,2024-01-20 14:41:12,Casual,9,Dried Apple Slices,Cowboy_Food,1,4.99,4.99,53.46
1484,2024-01-20 14:41:12,Casual,29,Leather Wallet,Leather_Goods,1,24.99,24.99,53.46
1485,2024-01-20 12:50:41,Regular,21,Red Bandana,Western_Apparel,1,4.99,4.99,45.96
1485,2024-01-20 12:50:41,Regular,6,Campfire Coffee,Cowboy_Food,2,7.99,15.98,45.96
1485,2024-01-20 12:50:41,Regular,29,Leather Wallet,Leather_Goods,1,24.99,24.99,45.96
1486,2024-01-20 16:01:41,Casual,6,Campfire Coffee,Cowboy_Food,1,7.99,7.99,27.98
1486,2024-01-20 16:01:41,Casual,12,Horse Feed Sack,Ranch_Supplies,1,19.99,19.99,27.98
1487,2024-01-20 16:49:29,Bulk,3,Smoky BBQ Sauce,Cowboy_Food,1,4.49,4.49,62.44
1487,2024-01-20 16:49:29,Bulk,1,Chuckwagon Beans,Cowboy_Food,1,2.99,2.99,62.44
1487,2024-01-20 16:49:29,Bulk,6,Campfire Coffee,Cowboy_Food,1,7.99,7.99,62.44
1487,2024-01-20 16:49:29,Bulk,14,Work Gloves,Ranch_Supplies,1,6.99,6.99,62.44
1487,2024-01-20 16:49:29,Bulk,11,Lasso Rope,Ranch_Supplies,1,14.99,14.99,62.44
1487,2024-01-20 16:49:29,Bulk,29,Leather Wallet,Leather_Goods,1,24.99,24.99,62.44
1488,2024-01-20 15:30:42,Regular,4,Trail Beef Jerky,Cowboy_Food,1,5.99,5.99,18.98
1488,2024-01-20 15:30:42,Regular,15,Fence Wire (50ft),Ranch_Supplies,1,12.99,12.99,18.98
1489,2024-01-20 11:15:41,Bulk,29,Leather Wallet,Leather_Goods,1,24.99,24.99,44.97
1489,2024-01-20 11:15:41,Bulk,11,Lasso Rope,Ranch_Supplies,1,14.99,14.99,44.97
1489,2024-01-20 11:15:41,Bulk,9,Dried Apple Slices,Cowboy_Food,1,4.99,4.99,44.97
1490,2024-01-20 17:55:03,Casual,29,Leather Wallet,Leather_Goods,1,24.99,24.99,131.92
1490,2024-01-20 17:55:03,Casual,13,Saddle Oil,Ranch_Supplies,1,9.99,9.99,131.92
1490,2024-01-20 17:55:03,Casual,26,Rodeo Rope,Rodeo_Gear,1,18.99,18.99,131.92
1490,2024-01-20 17:55:03,Casual,12,Horse Feed Sack,Ranch_Supplies,1,19.99,19.99,131.92
1490,2024-01-20 17:55:03,Casual,14,Work Gloves,Ranch_Supplies,1,6.99,6.99,131.92
1490,2024-01-20 17:55:03,Casual,19,Cowboy Hat,Western_Apparel,1,34.99,34.99,131.92
1490,2024-01-20 17:55:03,Casual,6,Campfire Coffee,Cowboy_Food,2,7.99,15.98,131.92
1491,2024-01-20 10:56:50,Regular,2,Campfire Chili,Cowboy_Food,1,3.99,3.99,123.96
1491,2024-01-20 10:56:50,Regular,28,Leather Saddlebag,Leather_Goods,1,59.99,59.99,123.96
1491,2024-01-20 10:56:50,Regular,29,Leather Wallet,Leather_Goods,1,24.99,24.99,123.96
1491,2024-01-20 10:56:50,Regular,19,Cowboy Hat,Western_Apparel,1,34.99,34.99,123.96
1492,2024-01-20 18:26:41,Regular,14,Work Gloves,Ranch_Supplies,1,6.99,6.99,115.42
1492,2024-01-20 18:26:41,Regular,17,Stock Tank Float,Ranch_Supplies,1,8.49,8.49,115.42
1492,2024-01-20 18:26:41,Regular,27,Bull Rope Rosin,Rodeo_Gear,1,7.49,7.49,115.42
1492,2024-01-20 18:26:41,Regular,13,Saddle Oil,Ranch_Supplies,1,9.99,9.99,115.42
1492,2024-01-20 18:26:41,Regular,28,Leather Saddlebag,Leather_Goods,1,59.99,59.99,115.42
1492,2024-01-20 18:26:41,Regular,11,Lasso Rope,Ranch_Supplies,1,14.99,14.99,115.42
1492,2024-01-20 18:26:41,Regular,9,Dried Apple Slices,Cowboy_Food,1,4.99,4.99,115.42
1492,2024-01-20 18:26:41,Regular,8,Hardtack Biscuits,Cowboy_Food,1,2.49,2.49,115.42
1493,2024-01-20 14:49:13,Regular,7,Prairie Honey,Cowboy_Food,1,6.49,6.49,36.48
1493,2024-01-20 14:49:13,Regular,22,Flannel Shirt,Western_Apparel,1,29.99,29.99,36.48
1494,2024-01-20 18:09:12,Bulk,8,Hardtack Biscuits,Cowboy_Food,1,2.49,2.49,127.9
1494,2024-01-20 18:09:12,Bulk,11,Lasso Rope,Ranch_Supplies,2,14.99,29.98,127.9
1494,2024-01-20 18:09:12,Bulk,5,Cornbread Mix,Cowboy_Food,1,3.49,3.49,127.9
1494,2024-01-20 18:09:12,Bulk,22,Flannel Shirt,Western_Apparel,1,29.99,29.99,127.9
1494,2024-01-20 18:09:12,Bulk,13,Saddle Oil,Ranch_Supplies,1,9.99,9.99,127.9
1494,2024-01-20 18:09:12,Bulk,26,Rodeo Rope,Rodeo_Gear,2,18.99,37.98,127.9
1494,2024-01-20 18:09:12,Bulk,4,Trail Beef Jerky,Cowboy_Food,1,5.99,5.99,127.9
1494,2024-01-20 18:09:12,Bulk,6,Campfire Coffee,Cowboy_Food,1,7.99,7.99,127.9
1495,2024-01-20 17:51:57,Bulk,13,Saddle Oil,Ranch_Supplies,2,9.99,19.98,345.8
1495,2024-01-20 17:51:57,Bulk,25,Riding Spurs,Rodeo_Gear,2,22.99,45.98,345.8
1495,2024-01-20 17:51:57,Bulk,18,Branding Iron,Ranch_Supplies,1,24.99,24.99,345.8
1495,2024-01-20 17:51:57,Bulk,30,Leather Journal,Leather_Goods,1,14.99,14.99,345.8
1495,2024-01-20 17:51:57,Bulk,24,Denim Vest,Western_Apparel,2,39.99,79.98,345.8
1495,2024-01-20 17:51:57,Bulk,21,Red Bandana,Western_Apparel,1,4.99,4.99,345.8
1495,2024-01-20 17:51:57,Bulk,3,Smoky BBQ Sauce,Cowboy_Food,2,4.49,8.98,345.8
1495,2024-01-20 17:51:57,Bulk,8,Hardtack Biscuits,Cowboy_Food,1,2.49,2.49,345.8
1495,2024-01-20 17:51:57,Bulk,12,Horse Feed Sack,Ranch_Supplies,1,19.99,19.99,345.8
1495,2024-01-20 17:51:57,Bulk,9,Dried Apple Slices,Cowboy_Food,1,4.99,4.99,345.8
1495,2024-01-20 17:51:57,Bulk,5,Cornbread Mix,Cowboy_Food,1,3.49,3.49,345.8
1495,2024-01-20 17:51:57,Bulk,23,Leather Belt,Western_Apparel,2,19.99,39.98,345.8
1495,2024-01-20 17:51:57,Bulk,19,Cowboy Hat,Western_Apparel,1,34.99,34.99,345.8
1495,2024-01-20 17:51:57,Bulk,29,Leather Wallet,Leather_Goods,1,24.99,24.99,345.8
1495,2024-01-20 17:51:57,Bulk,11,Lasso Rope,Ranch_Supplies,1,14.99,14.99,345.8
1496,2024-01-20 14:21:15,Regular,24,Denim Vest,Western_Apparel,1,39.99,39.99,105.92
1496,2024-01-20 14:21:15,Regular,14,Work Gloves,Ranch_Supplies,2,6.99,13.98,105.92
1496,2024-01-20 14:21:15,Regular,2,Campfire Chili,Cowboy_Food,1,3.99,3.99,105.92
1496,2024-01-20 14:21:15,Regular,23,Leather Belt,Western_Apparel,2,19.99,39.98,105.92
1496,2024-01-20 14:21:15,Regular,21,Red Bandana,Western_Apparel,1,4.99,4.99,105.92
1496,2024-01-20 14:21:15,Regular,1,Chuckwagon Beans,Cowboy_Food,1,2.99,2.99,105.92
1497,2024-01-20 17:04:01,Regular,28,Leather Saddlebag,Leather_Goods,1,59.99,59.99,99.98
1497,2024-01-20 17:04:01,Regular,24,Denim Vest,Western_Apparel,1,39.99,39.99,99.98
1498,2024-01-20 10:43:01,Casual,5,Cornbread Mix,Cowboy_Food,1,3.49,3.49,35.46
1498,2024-01-20 10:43:01,Casual,3,Smoky BBQ Sauce,Cowboy_Food,1,4.49,4.49,35.46
1498,2024-01-20 10:43:01,Casual,8,Hardtack Biscuits,Cowboy_Food,1,2.49,2.49,35.46
1498,2024-01-20 10:43:01,Casual,18,Branding Iron,Ranch_Supplies,1,24.99,24.99,35.46
1499,2024-01-20 10:39:13,Regular,3,Smoky BBQ Sauce,Cowboy_Food,2,4.49,8.98,53.96
1499,2024-01-20 10:39:13,Regular,30,Leather Journal,Leather_Goods,1,14.99,14.99,53.96
1499,2024-01-20 10:39:13,Regular,22,Flannel Shirt,Western_Apparel,1,29.99,29.99,53.96
1500,2024-01-20 13:24:37,Regular,24,Denim Vest,Western_Apparel,1,39.99,39.99,83.95
1500,2024-01-20 13:24:37,Regular,1,Chuckwagon Beans,Cowboy_Food,1,2.99,2.99,83.95
1500,2024-01-20 13:24:37,Regular,15,Fence Wire (50ft),Ranch_Supplies,1,12.99,12.99,83.95
1500,2024-01-20 13:24:37,Regular,21,Red Bandana,Western_Apparel,1,4.99,4.99,83.95
1500,2024-01-20 13:24:37,Regular,25,Riding Spurs,Rodeo_Gear,1,22.99,22.99,83.95
1501,2024-01-20 16:02:27,Regular,6,Campfire Coffee,Cowboy_Food,1,7.99,7.99,108.46
1501,2024-01-20 16:02:27,Regular,3,Smoky BBQ Sauce,Cowboy_Food,1,4.49,4.49,108.46
1501,2024-01-20 16:02:27,Regular,20,Cowboy Boots,Western_Apparel,1,89.99,89.99,108.46
1501,2024-01-20 16:02:27,Regular,4,Trail Beef Jerky,Cowboy_Food,1,5.99,5.99,108.46
1502,2024-01-20 09:26:43,Bulk,29,Leather Wallet,Leather_Goods,1,24.99,24.99,107.43
1502,2024-01-20 09:26:43,Bulk,18,Branding Iron,Ranch_Supplies,1,24.99,24.99,107.43
1502,2024-01-20 09:26:43,Bulk,27,Bull Rope Rosin,Rodeo_Gear,1,7.49,7.49,107.43
1502,2024-01-20 09:26:43,Bulk,1,Chuckwagon Beans,Cowboy_Food,2,2.99,5.98,107.43
1502,2024-01-20 09:26:43,Bulk,2,Campfire Chili,Cowboy_Food,1,3.99,3.99,107.43
1502,2024-01-20 09:26:43,Bulk,24,Denim Vest,Western_Apparel,1,39.99,39.99,107.43
1503,2024-01-20 15:26:13,Tourist,28,Leather Saddlebag,Leather_Goods,1,59.99,59.99,84.45
1503,2024-01-20 15:26:13,Tourist,2,Campfire Chili,Cowboy_Food,1,3.99,3.99,84.45
1503,2024-01-20 15:26:13,Tourist,8,Hardtack Biscuits,Cowboy_Food,1,2.49,2.49,84.45
1503,2024-01-20 15:26:13,Tourist,13,Saddle Oil,Ranch_Supplies,1,9.99,9.99,84.45
1503,2024-01-20 15:26:13,Tourist,6,Campfire Coffee,Cowboy_Food,1,7.99,7.99,84.45
1504,2024-01-20 18:31:13,Bulk,2,Campfire Chili,Cowboy_Food,1,3.99,3.99,6.98
1504,2024-01-20 18:31:13,Bulk,1,Chuckwagon Beans,Cowboy_Food,1,2.99,2.99,6.98
1505,2024-01-20 17:26:24,Regular,24,Denim Vest,Western_Apparel,2,39.99,79.98,79.98
1506,2024-01-20 11:55:47,Casual,20,Cowboy Boots,Western_Apparel,1,89.99,89.99,120.96
1506,2024-01-20 11:55:47,Casual,1,Chuckwagon Beans,Cowboy_Food,1,2.99,2.99,120.96
1506,2024-01-20 11:55:47,Casual,23,Leather Belt,Western_Apparel,1,19.99,19.99,120.96
1506,2024-01-20 11:55:47,Casual,6,Campfire Coffee,Cowboy_Food,1,7.99,7.99,120.96
1507,2024-01-20 15:32:30,Regular,20,Cowboy Boots,Western_Apparel,1,89.99,89.99,109.98
1507,2024-01-20 15:32:30,Regular,23,Leather Belt,Western_Apparel,1,19.99,19.99,109.98
1508,2024-01-20 11:25:45,Tourist,2,Campfire Chili,Cowboy_Food,1,3.99,3.99,9.47
1508,2024-01-20 11:25:45,Tourist,1,Chuckwagon Beans,Cowboy_Food,1,2.99,2.99,9.47
1508,2024-01-20 11:25:45,Tourist,8,Hardtack Biscuits,Cowboy_Food,1,2.49,2.49,9.47
1509,2024-01-20 12:12:05,Regular,28,Leather Saddlebag,Leather_Goods,1,59.99,59.99,89.98
1509,2024-01-20 12:12:05,Regular,22,Flannel Shirt,Western_Apparel,1,29.99,29.99,89.98
1510,2024-01-20 17:55:24,Tourist,15,Fence Wire (50ft),Ranch_Supplies,1,12.99,12.99,68.45
1510,2024-01-20 17:55:24,Tourist,3,Smoky BBQ Sauce,Cowboy_Food,1,4.49,4.49,68.45
1510,2024-01-20 17:55:24,Tourist,12,Horse Feed Sack,Ranch_Supplies,1,19.99,19.99,68.45
1510,2024-01-20 17:55:24,Tourist,18,Branding Iron,Ranch_Supplies,1,24.99,24.99,68.45
1510,2024-01-20 17:55:24,Tourist,4,Trail Beef Jerky,Cowboy_Food,1,5.99,5.99,68.45
1511,2024-01-20 18:56:26,Casual,3,Smoky BBQ Sauce,Cowboy_Food,1,4.49,4.49,4.49
1512,2024-01-20 12:00:04,Casual,25,Riding Spurs,Rodeo_Gear,1,22.99,22.99,57.98
1512,2024-01-20 12:00:04,Casual,19,Cowboy Hat,Western_Apparel,1,34.99,34.99,57.98
1513,2024-01-20 11:45:18,Regular,1,Chuckwagon Beans,Cowboy_Food,1,2.99,2.99,14.47
1513,2024-01-20 11:45:18,Regular,3,Smoky BBQ Sauce,Cowboy_Food,1,4.49,4.49,14.47
1513,2024-01-20 11:45:18,Regular,14,Work Gloves,Ranch_Supplies,1,6.99,6.99,14.47
1514,2024-01-20 13:58:16,Casual,7,Prairie Honey,Cowboy_Food,1,6.49,6.49,34.46
1514,2024-01-20 13:58:16,Casual,14,Work Gloves,Ranch_Supplies,1,6.99,6.99,34.46
1514,2024-01-20 13:58:16,Casual,11,Lasso Rope,Ranch_Supplies,1,14.99,14.99,34.46
1514,2024-01-20 13:58:16,Casual,4,Trail Beef Jerky,Cowboy_Food,1,5.99,5.99,34.46
1515,2024-01-20 14:51:27,Casual,24,Denim Vest,Western_Apparel,1,39.99,39.99,88.96
1515,2024-01-20 14:51:27,Casual,2,Campfire Chili,Cowboy_Food,1,3.99,3.99,88.96
1515,2024-01-20 14:51:27,Casual,30,Leather Journal,Leather_Goods,1,14.99,14.99,88.96
1515,2024-01-20 14:51:27,Casual,22,Flannel Shirt,Western_Apparel,1,29.99,29.99,88.96
1516,2024-01-20 10:43:09,Regular,1,Chuckwagon Beans,Cowboy_Food,1,2.99,2.99,34.95
1516,2024-01-20 10:43:09,Regular,26,Rodeo Rope,Rodeo_Gear,1,18.99,18.99,34.95
1516,2024-01-20 10:43:09,Regular,3,Smoky BBQ Sauce,Cowboy_Food,1,4.49,4.49,34.95
1516,2024-01-20 10:43:09,Regular,21,Red Bandana,Western_Apparel,1,4.99,4.99,34.95
1516,2024-01-20 10:43:09,Regular,5,Cornbread Mix,Cowboy_Food,1,3.49,3.49,34.95
1517,2024-01-20 11:14:16,Regular,23,Leather Belt,Western_Apparel,1,19.99,19.99,298.91
1517,2024-01-20 11:14:16,Regular,9,Dried Apple Slices,Cowboy_Food,1,4.99,4.99,298.91
1517,2024-01-20 11:14:16,Regular,2,Campfire Chili,Cowboy_Food,1,3.99,3.99,298.91
1517,2024-01-20 11:14:16,Regular,29,Leather Wallet,Leather_Goods,2,24.99,49.98,298.91
1517,2024-01-20 11:14:16,Regular,19,Cowboy Hat,Western_Apparel,2,34.99,69.98,298.91
1517,2024-01-20 11:14:16,Regular,20,Cowboy Boots,Western_Apparel,1,89.99,89.99,298.91
1517,2024-01-20 11:14:16,Regular,28,Leather Saddlebag,Leather_Goods,1,59.99,59.99,298.91
1518,2024-01-20 14:37:57,Bulk,24,Denim Vest,Western_Apparel,1,39.99,39.99,115.45
1518,2024-01-20 14:37:57,Bulk,7,Prairie Honey,Cowboy_Food,1,6.49,6.49,115.45
1518,2024-01-20 14:37:57,Bulk,22,Flannel Shirt,Western_Apparel,1,29.99,29.99,115.45
1518,2024-01-20 14:37:57,Bulk,2,Campfire Chili,Cowboy_Food,1,3.99,3.99,115.45
1518,2024-01-20 14:37:57,Bulk,19,Cowboy Hat,Western_Apparel,1,34.99,34.99,115.45
1519,2024-01-20 11:57:08,Tourist,9,Dried Apple Slices,Cowboy_Food,1,4.99,4.99,107.9
1519,2024-01-20 11:57:08,Tourist,6,Campfire Coffee,Cowboy_Food,2,7.99,15.98,107.9
1519,2024-01-20 11:57:08,Tourist,12,Horse Feed Sack,Ranch_Supplies,1,19.99,19.99,107.9
1519,2024-01-20 11:57:08,Tourist,3,Smoky BBQ Sauce,Cowboy_Food,1,4.49,4.49,107.9
1519,2024-01-20 11:57:08,Tourist,27,Bull Rope Rosin,Rodeo_Gear,1,7.49,7.49,107.9
1519,2024-01-20 11:57:08,Tourist,2,Campfire Chili,Cowboy_Food,1,3.99,3.99,107.9
1519,2024-01-20 11:57:08,Tourist,25,Riding Spurs,Rodeo_Gear,2,22.99,45.98,107.9
1519,2024-01-20 11:57:08,Tourist,21,Red Bandana,Western_Apparel,1,4.99,4.99,107.9
1520,2024-01-20 17:21:49,Casual,26,Rodeo Rope,Rodeo_Gear,2,18.99,37.98,132.96
1520,2024-01-20 17:21:49,Casual,9,Dried Apple Slices,Cowboy_Food,1,4.99,4.99,132.96
1520,2024-01-20 17:21:49,Casual,20,Cowboy Boots,Western_Apparel,1,89.99,89.99,132.96
1521,2024-01-20 16:48:32,Regular,18,Branding Iron,Ranch_Supplies,1,24.99,24.99,123.41
1521,2024-01-20 16:48:32,Regular,26,Rodeo Rope,Rodeo_Gear,1,18.99,18.99,123.41
1521,2024-01-20 16:48:32,Regular,3,Smoky BBQ Sauce,Cowboy_Food,1,4.49,4.49,123.41
1521,2024-01-20 16:48:32,Regular,4,Trail Beef Jerky,Cowboy_Food,1,5.99,5.99,123.41
1521,2024-01-20 16:48:32,Regular,13,Saddle Oil,Ranch_Supplies,1,9.99,9.99,123.41
1521,2024-01-20 16:48:32,Regular,8,Hardtack Biscuits,Cowboy_Food,1,2.49,2.49,123.41
1521,2024-01-20 16:48:32,Regular,7,Prairie Honey,Cowboy_Food,1,6.49,6.49,123.41
1521,2024-01-20 16:48:32,Regular,19,Cowboy Hat,Western_Apparel,1,34.99,34.99,123.41
1521,2024-01-20 16:48:32,Regular,11,Lasso Rope,Ranch_Supplies,1,14.99,14.99,123.41
1522,2024-01-20 15:35:04,Bulk,15,Fence Wire (50ft),Ranch_Supplies,1,12.99,12.99,123.93
1522,2024-01-20 15:35:04,Bulk,19,Cowboy Hat,Western_Apparel,1,34.99,34.99,123.93
1522,2024-01-20 15:35:04,Bulk,3,Smoky BBQ Sauce,Cowboy_Food,1,4.49,4.49,123.93
1522,2024-01-20 15:35:04,Bulk,24,Denim Vest,Western_Apparel,1,39.99,39.99,123.93
1522,2024-01-20 15:35:04,Bulk,7,Prairie Honey,Cowboy_Food,1,6.49,6.49,123.93
1522,2024-01-20 15:35:04,Bulk,26,Rodeo Rope,Rodeo_Gear,1,18.99,18.99,123.93
1522,2024-01-20 15:35:04,Bulk,16,Hay Bale Twine,Ranch_Supplies,1,5.99,5.99,123.93
1523,2024-01-20 14:42:24,Regular,12,Horse Feed Sack,Ranch_Supplies,1,19.99,19.99,172.95
1523,2024-01-20 14:42:24,Regular,15,Fence Wire (50ft),Ranch_Supplies,1,12.99,12.99,172.95
1523,2024-01-20 14:42:24,Regular,20,Cowboy Boots,Western_Apparel,1,89.99,89.99,172.95
1523,2024-01-20 14:42:24,Regular,19,Cowboy Hat,Western_Apparel,1,34.99,34.99,172.95
1523,2024-01-20 14:42:24,Regular,11,Lasso Rope,Ranch_Supplies,1,14.99,14.99,172.95
1524,2024-01-20 17:15:30,Regular,26,Rodeo Rope,Rodeo_Gear,2,18.99,37.98,84.94
1524,2024-01-20 17:15:30,Regular,6,Campfire Coffee,Cowboy_Food,1,7.99,7.99,84.94
1524,2024-01-20 17:15:30,Regular,22,Flannel Shirt,Western_Apparel,1,29.99,29.99,84.94
1524,2024-01-20 17:15:30,Regular,4,Trail Beef Jerky,Cowboy_Food,1,5.99,5.99,84.94
1524,2024-01-20 17:15:30,Regular,1,Chuckwagon Beans,Cowboy_Food,1,2.99,2.99,84.94
1525,2024-01-20 11:23:16,Casual,15,Fence Wire (50ft),Ranch_Supplies,1,12.99,12.99,32.98
1525,2024-01-20 11:23:16,Casual,23,Leather Belt,Western_Apparel,1,19.99,19.99,32.98
1526,2024-01-20 17:38:16,Bulk,25,Riding Spurs,Rodeo_Gear,1,22.99,22.99,140.46
1526,2024-01-20 17:38:16,Bulk,27,Bull Rope Rosin,Rodeo_Gear,1,7.49,7.49,140.46
1526,2024-01-20 17:38:16,Bulk,20,Cowboy Boots,Western_Apparel,1,89.99,89.99,140.46
1526,2024-01-20 17:38:16,Bulk,12,Horse Feed Sack,Ranch_Supplies,1,19.99,19.99,140.46
1527,2024-01-20 10:15:42,Casual,11,Lasso Rope,Ranch_Supplies,1,14.99,14.99,18.98
1527,2024-01-20 10:15:42,Casual,2,Campfire Chili,Cowboy_Food,1,3.99,3.99,18.98
1528,2024-01-20 17:56:01,Bulk,10,Smoked Sausage Links,Cowboy_Food,1,8.99,8.99,61.92
1528,2024-01-20 17:56:01,Bulk,1,Chuckwagon Beans,Cowboy_Food,2,2.99,5.98,61.92
1528,2024-01-20 17:56:01,Bulk,14,Work Gloves,Ranch_Supplies,1,6.99,6.99,61.92
1528,2024-01-20 17:56:01,Bulk,4,Trail Beef Jerky,Cowboy_Food,1,5.99,5.99,61.92
1528,2024-01-20 17:56:01,Bulk,25,Riding Spurs,Rodeo_Gear,1,22.99,22.99,61.92
1528,2024-01-20 17:56:01,Bulk,3,Smoky BBQ Sauce,Cowboy_Food,1,4.49,4.49,61.92
1528,2024-01-20 17:56:01,Bulk,7,Prairie Honey,Cowboy_Food,1,6.49,6.49,61.92
1529,2024-01-20 11:10:55,Regular,26,Rodeo Rope,Rodeo_Gear,1,18.99,18.99,24.98
1529,2024-01-20 11:10:55,Regular,4,Trail Beef Jerky,Cowboy_Food,1,5.99,5.99,24.98
1530,2024-01-20 17:08:19,Casual,4,Trail Beef Jerky,Cowboy_Food,1,5.99,5.99,5.99
1531,2024-01-20 09:42:22,Regular,19,Cowboy Hat,Western_Apparel,1,34.99,34.99,66.96
1531,2024-01-20 09:42:22,Regular,13,Saddle Oil,Ranch_Supplies,1,9.99,9.99,66.96
1531,2024-01-20 09:42:22,Regular,11,Lasso Rope,Ranch_Supplies,1,14.99,14.99,66.96
1531,2024-01-20 09:42:22,Regular,14,Work Gloves,Ranch_Supplies,1,6.99,6.99,66.96
1532,2024-01-20 17:09:07,Tourist,17,Stock Tank Float,Ranch_Supplies,1,8.49,8.49,136.45
1532,2024-01-20 17:09:07,Tourist,21,Red Bandana,Western_Apparel,1,4.99,4.99,136.45
1532,2024-01-20 17:09:07,Tourist,22,Flannel Shirt,Western_Apparel,1,29.99,29.99,136.45
1532,2024-01-20 17:09:07,Tourist,20,Cowboy Boots,Western_Apparel,1,89.99,89.99,136.45
1532,2024-01-20 17:09:07,Tourist,1,Chuckwagon Beans,Cowboy_Food,1,2.99,2.99,136.45
1533,2024-01-21 18:44:27,Regular,26,Rodeo Rope,Rodeo_Gear,1,18.99,18.99,18.99
1534,2024-01-21 16:52:29,Regular,11,Lasso Rope,Ranch_Supplies,1,14.99,14.99,50.97
1534,2024-01-21 16:52:29,Regular,4,Trail Beef Jerky,Cowboy_Food,1,5.99,5.99,50.97
1534,2024-01-21 16:52:29,Regular,22,Flannel Shirt,Western_Apparel,1,29.99,29.99,50.97
1535,2024-01-21 14:41:10,Tourist,14,Work Gloves,Ranch_Supplies,1,6.99,6.99,79.94
1535,2024-01-21 14:41:10,Tourist,4,Trail Beef Jerky,Cowboy_Food,1,5.99,5.99,79.94
1535,2024-01-21 14:41:10,Tourist,15,Fence Wire (50ft),Ranch_Supplies,1,12.99,12.99,79.94
1535,2024-01-21 14:41:10,Tourist,26,Rodeo Rope,Rodeo_Gear,1,18.99,18.99,79.94
1535,2024-01-21 14:41:10,Tourist,13,Saddle Oil,Ranch_Supplies,1,9.99,9.99,79.94
1535,2024-01-21 14:41:10,Tourist,29,Leather Wallet,Leather_Goods,1,24.99,24.99,79.94
1536,2024-01-21 16:23:25,Bulk,14,Work Gloves,Ranch_Supplies,1,6.99,6.99,34.95
1536,2024-01-21 16:23:25,Bulk,15,Fence Wire (50ft),Ranch_Supplies,1,12.99,12.99,34.95
1536,2024-01-21 16:23:25,Bulk,2,Campfire Chili,Cowboy_Food,1,3.99,3.99,34.95
1536,2024-01-21 16:23:25,Bulk,5,Cornbread Mix,Cowboy_Food,1,3.49,3.49,34.95
1536,2024-01-21 16:23:25,Bulk,27,Bull Rope Rosin,Rodeo_Gear,1,7.49,7.49,34.95
1537,2024-01-21 16:04:32,Bulk,7,Prairie Honey,Cowboy_Food,1,6.49,6.49,173.93
1537,2024-01-21 16:04:32,Bulk,19,Cowboy Hat,Western_Apparel,1,34.99,34.99,173.93
1537,2024-01-21 16:04:32,Bulk,30,Leather Journal,Leather_Goods,1,14.99,14.99,173.93
1537,2024-01-21 16:04:32,Bulk,2,Campfire Chili,Cowboy_Food,1,3.99,3.99,173.93
1537,2024-01-21 16:04:32,Bulk,11,Lasso Rope,Ranch_Supplies,1,14.99,14.99,173.93
1537,2024-01-21 16:04:32,Bulk,20,Cowboy Boots,Western_Apparel,1,89.99,89.99,173.93
1537,2024-01-21 16:04:32,Bulk,17,Stock Tank Float,Ranch_Supplies,1,8.49,8.49,173.93
1538,2024-01-21 13:04:07,Casual,21,Red Bandana,Western_Apparel,1,4.99,4.99,17.97
1538,2024-01-21 13:04:07,Casual,4,Trail Beef Jerky,Cowboy_Food,1,5.99,5.99,17.97
1538,2024-01-21 13:04:07,Casual,14,Work Gloves,Ranch_Supplies,1,6.99,6.99,17.97
1539,2024-01-21 15:34:38,Bulk,22,Flannel Shirt,Western_Apparel,1,29.99,29.99,57.47
1539,2024-01-21 15:34:38,Bulk,3,Smoky BBQ Sauce,Cowboy_Food,1,4.49,4.49,57.47
1539,2024-01-21 15:34:38,Bulk,25,Riding Spurs,Rodeo_Gear,1,22.99,22.99,57.47
1540,2024-01-21 11:41:36,Regular,1,Chuckwagon Beans,Cowboy_Food,1,2.99,2.99,29.46
1540,2024-01-21 11:41:36,Regular,7,Prairie Honey,Cowboy_Food,1,6.49,6.49,29.46
1540,2024-01-21 11:41:36,Regular,15,Fence Wire (50ft),Ranch_Supplies,1,12.99,12.99,29.46
1540,2024-01-21 11:41:36,Regular,14,Work Gloves,Ranch_Supplies,1,6.99,6.99,29.46
1541,2024-01-21 10:42:50,Bulk,13,Saddle Oil,Ranch_Supplies,1,9.99,9.99,117.41
1541,2024-01-21 10:42:50,Bulk,6,Campfire Coffee,Cowboy_Food,1,7.99,7.99,117.41
1541,2024-01-21 10:42:50,Bulk,16,Hay Bale Twine,Ranch_Supplies,1,5.99,5.99,117.41
1541,2024-01-21 10:42:50,Bulk,10,Smoked Sausage Links,Cowboy_Food,1,8.99,8.99,117.41
1541,2024-01-21 10:42:50,Bulk,26,Rodeo Rope,Rodeo_Gear,1,18.99,18.99,117.41
1541,2024-01-21 10:42:50,Bulk,15,Fence Wire (50ft),Ranch_Supplies,1,12.99,12.99,117.41
1541,2024-01-21 10:42:50,Bulk,11,Lasso Rope,Ranch_Supplies,1,14.99,14.99,117.41
1541,2024-01-21 10:42:50,Bulk,22,Flannel Shirt,Western_Apparel,1,29.99,29.99,117.41
1541,2024-01-21 10:42:50,Bulk,27,Bull Rope Rosin,Rodeo_Gear,1,7.49,7.49,117.41
1542,2024-01-21 16:42:03,Regular,7,Prairie Honey,Cowboy_Food,1,6.49,6.49,236.42
1542,2024-01-21 16:42:03,Regular,1,Chuckwagon Beans,Cowboy_Food,1,2.99,2.99,236.42
1542,2024-01-21 16:42:03,Regular,14,Work Gloves,Ranch_Supplies,1,6.99,6.99,236.42
1542,2024-01-21 16:42:03,Regular,10,Smoked Sausage Links,Cowboy_Food,1,8.99,8.99,236.42
1542,2024-01-21 16:42:03,Regular,20,Cowboy Boots,Western_Apparel,2,89.99,179.98,236.42
1542,2024-01-21 16:42:03,Regular,18,Branding Iron,Ranch_Supplies,1,24.99,24.99,236.42
1542,2024-01-21 16:42:03,Regular,4,Trail Beef Jerky,Cowboy_Food,1,5.99,5.99,236.42
1543,2024-01-21 13:58:13,Bulk,10,Smoked Sausage Links,Cowboy_Food,1,8.99,8.99,53.96
1543,2024-01-21 13:58:13,Bulk,11,Lasso Rope,Ranch_Supplies,1,14.99,14.99,53.96
1543,2024-01-21 13:58:13,Bulk,21,Red Bandana,Western_Apparel,1,4.99,4.99,53.96
1543,2024-01-21 13:58:13,Bulk,18,Branding Iron,Ranch_Supplies,1,24.99,24.99,53.96
1544,2024-01-21 16:49:25,Regular,1,Chuckwagon Beans,Cowboy_Food,1,2.99,2.99,22.97
1544,2024-01-21 16:49:25,Regular,30,Leather Journal,Leather_Goods,1,14.99,14.99,22.97
1544,2024-01-21 16:49:25,Regular,21,Red Bandana,Western_Apparel,1,4.99,4.99,22.97
1545,2024-01-21 15:14:52,Tourist,28,Leather Saddlebag,Leather_Goods,1,59.99,59.99,197.44
1545,2024-01-21 15:14:52,Tourist,26,Rodeo Rope,Rodeo_Gear,2,18.99,37.98,197.44
1545,2024-01-21 15:14:52,Tourist,8,Hardtack Biscuits,Cowboy_Food,1,2.49,2.49,197.44
1545,2024-01-21 15:14:52,Tourist,14,Work Gloves,Ranch_Supplies,1,6.99,6.99,197.44
1545,2024-01-21 15:14:52,Tourist,20,Cowboy Boots,Western_Apparel,1,89.99,89.99,197.44
1546,2024-01-21 17:08:14,Bulk,29,Leather Wallet,Leather_Goods,1,24.99,24.99,86.91
1546,2024-01-21 17:08:14,Bulk,10,Smoked Sausage Links,Cowboy_Food,1,8.99,8.99,86.91
1546,2024-01-21 17:08:14,Bulk,21,Red Bandana,Western_Apparel,2,4.99,9.98,86.91
1546,2024-01-21 17:08:14,Bulk,16,Hay Bale Twine,Ranch_Supplies,1,5.99,5.99,86.91
1546,2024-01-21 17:08:14,Bulk,2,Campfire Chili,Cowboy_Food,1,3.99,3.99,86.91
1546,2024-01-21 17:08:14,Bulk,13,Saddle Oil,Ranch_Supplies,1,9.99,9.99,86.91
1546,2024-01-21 17:08:14,Bulk,1,Chuckwagon Beans,Cowboy_Food,1,2.99,2.99,86.91
1546,2024-01-21 17:08:14,Bulk,23,Leather Belt,Western_Apparel,1,19.99,19.99,86.91
1547,2024-01-21 16:44:58,Regular,15,Fence Wire (50ft),Ranch_Supplies,1,12.99,12.99,129.96
1547,2024-01-21 16:44:58,Regular,6,Campfire Coffee,Cowboy_Food,1,7.99,7.99,129.96
1547,2024-01-21 16:44:58,Regular,26,Rodeo Rope,Rodeo_Gear,1,18.99,18.99,129.96
1547,2024-01-21 16:44:58,Regular,20,Cowboy Boots,Western_Apparel,1,89.99,89.99,129.96
1548,2024-01-21 16:52:57,Bulk,20,Cowboy Boots,Western_Apparel,1,89.99,89.99,345.34
1548,2024-01-21 16:52:57,Bulk,25,Riding Spurs,Rodeo_Gear,2,22.99,45.98,345.34
1548,2024-01-21 16:52:57,Bulk,16,Hay Bale Twine,Ranch_Supplies,1,5.99,5.99,345.34
1548,2024-01-21 16:52:57,Bulk,10,Smoked Sausage Links,Cowboy_Food,1,8.99,8.99,345.34
1548,2024-01-21 16:52:57,Bulk,13,Saddle Oil,Ranch_Supplies,1,9.99,9.99,345.34
1548,2024-01-21 16:52:57,Bulk,12,Horse Feed Sack,Ranch_Supplies,1,19.99,19.99,345.34
1548,2024-01-21 16:52:57,Bulk,9,Dried Apple Slices,Cowboy_Food,2,4.99,9.98,345.34
1548,2024-01-21 16:52:57,Bulk,11,Lasso Rope,Ranch_Supplies,2,14.99,29.98,345.34
1548,2024-01-21 16:52:57,Bulk,3,Smoky BBQ Sauce,Cowboy_Food,1,4.49,4.49,345.34
1548,2024-01-21 16:52:57,Bulk,24,Denim Vest,Western_Apparel,1,39.99,39.99,345.34
1548,2024-01-21 16:52:57,Bulk,22,Flannel Shirt,Western_Apparel,1,29.99,29.99,345.34
1548,2024-01-21 16:52:57,Bulk,29,Leather Wallet,Leather_Goods,2,24.99,49.98,345.34
1549,2024-01-21 14:40:05,Regular,24,Denim Vest,Western_Apparel,1,39.99,39.99,141.4
1549,2024-01-21 14:40:05,Regular,3,Smoky BBQ Sauce,Cowboy_Food,1,4.49,4.49,141.4
1549,2024-01-21 14:40:05,Regular,4,Trail Beef Jerky,Cowboy_Food,1,5.99,5.99,141.4
1549,2024-01-21 14:40:05,Regular,30,Leather Journal,Leather_Goods,1,14.99,14.99,141.4
1549,2024-01-21 14:40:05,Regular,12,Horse Feed Sack,Ranch_Supplies,1,19.99,19.99,141.4
1549,2024-01-21 14:40:05,Regular,13,Saddle Oil,Ranch_Supplies,1,9.99,9.99,141.4
1549,2024-01-21 14:40:05,Regular,29,Leather Wallet,Leather_Goods,1,24.99,24.99,141.4
1549,2024-01-21 14:40:05,Regular,10,Smoked Sausage Links,Cowboy_Food,1,8.99,8.99,141.4
1549,2024-01-21 14:40:05,Regular,6,Campfire Coffee,Cowboy_Food,1,7.99,7.99,141.4
1549,2024-01-21 14:40:05,Regular,2,Campfire Chili,Cowboy_Food,1,3.99,3.99,141.4
1550,2024-01-21 18:19:21,Regular,3,Smoky BBQ Sauce,Cowboy_Food,1,4.49,4.49,56.46
1550,2024-01-21 18:19:21,Regular,14,Work Gloves,Ranch_Supplies,1,6.99,6.99,56.46
1550,2024-01-21 18:19:21,Regular,19,Cowboy Hat,Western_Apparel,1,34.99,34.99,56.46
1550,2024-01-21 18:19:21,Regular,13,Saddle Oil,Ranch_Supplies,1,9.99,9.99,56.46
1551,2024-01-21 14:20:15,Casual,3,Smoky BBQ Sauce,Cowboy_Food,1,4.49,4.49,4.49
1552,2024-01-21 17:02:29,Casual,4,Trail Beef Jerky,Cowboy_Food,1,5.99,5.99,5.99
1553,2024-01-21 15:15:55,Casual,11,Lasso Rope,Ranch_Supplies,1,14.99,14.99,42.96
1553,2024-01-21 15:15:55,Casual,15,Fence Wire (50ft),Ranch_Supplies,1,12.99,12.99,42.96
1553,2024-01-21 15:15:55,Casual,10,Smoked Sausage Links,Cowboy_Food,1,8.99,8.99,42.96
1553,2024-01-21 15:15:55,Casual,4,Trail Beef Jerky,Cowboy_Food,1,5.99,5.99,42.96
1554,2024-01-21 11:57:22,Regular,3,Smoky BBQ Sauce,Cowboy_Food,1,4.49,4.49,70.47
1554,2024-01-21 11:57:22,Regular,4,Trail Beef Jerky,Cowboy_Food,1,5.99,5.99,70.47
1554,2024-01-21 11:57:22,Regular,28,Leather Saddlebag,Leather_Goods,1,59.99,59.99,70.47
1555,2024-01-21 16:08:39,Regular,15,Fence Wire (50ft),Ranch_Supplies,2,12.99,25.98,146.94
1555,2024-01-21 16:08:39,Regular,2,Campfire Chili,Cowboy_Food,1,3.99,3.99,146.94
1555,2024-01-21 16:08:39,Regular,23,Leather Belt,Western_Apparel,1,19.99,19.99,146.94
1555,2024-01-21 16:08:39,Regular,20,Cowboy Boots,Western_Apparel,1,89.99,89.99,146.94
1555,2024-01-21 16:08:39,Regular,14,Work Gloves,Ranch_Supplies,1,6.99,6.99,146.94
1556,2024-01-21 15:05:08,Regular,1,Chuckwagon Beans,Cowboy_Food,1,2.99,2.99,102.46
1556,2024-01-21 15:05:08,Regular,5,Cornbread Mix,Cowboy_Food,1,3.49,3.49,102.46
1556,2024-01-21 15:05:08,Regular,16,Hay Bale Twine,Ranch_Supplies,1,5.99,5.99,102.46
1556,2024-01-21 15:05:08,Regular,20,Cowboy Boots,Western_Apparel,1,89.99,89.99,102.46
1557,2024-01-21 12:12:34,Bulk,25,Riding Spurs,Rodeo_Gear,2,22.99,45.98,249.88
1557,2024-01-21 12:12:34,Bulk,24,Denim Vest,Western_Apparel,2,39.99,79.98,249.88
1557,2024-01-21 12:12:34,Bulk,26,Rodeo Rope,Rodeo_Gear,1,18.99,18.99,249.88
1557,2024-01-21 12:12:34,Bulk,16,Hay Bale Twine,Ranch_Supplies,1,5.99,5.99,249.88
1557,2024-01-21 12:12:34,Bulk,17,Stock Tank Float,Ranch_Supplies,1,8.49,8.49,249.88
1557,2024-01-21 12:12:34,Bulk,21,Red Bandana,Western_Apparel,1,4.99,4.99,249.88
1557,2024-01-21 12:12:34,Bulk,5,Cornbread Mix,Cowboy_Food,1,3.49,3.49,249.88
1557,2024-01-21 12:12:34,Bulk,10,Smoked Sausage Links,Cowboy_Food,1,8.99,8.99,249.88
1557,2024-01-21 12:12:34,Bulk,28,Leather Saddlebag,Leather_Goods,1,59.99,59.99,249.88
1557,2024-01-21 12:12:34,Bulk,15,Fence Wire (50ft),Ranch_Supplies,1,12.99,12.99,249.88
1558,2024-01-21 13:56:21,Bulk,12,Horse Feed Sack,Ranch_Supplies,1,19.99,19.99,137.44
1558,2024-01-21 13:56:21,Bulk,1,Chuckwagon Beans,Cowboy_Food,1,2.99,2.99,137.44
1558,2024-01-21 13:56:21,Bulk,11,Lasso Rope,Ranch_Supplies,1,14.99,14.99,137.44
1558,2024-01-21 13:56:21,Bulk,19,Cowboy Hat,Western_Apparel,1,34.99,34.99,137.44
1558,2024-01-21 13:56:21,Bulk,3,Smoky BBQ Sauce,Cowboy_Food,1,4.49,4.49,137.44
1558,2024-01-21 13:56:21,Bulk,28,Leather Saddlebag,Leather_Goods,1,59.99,59.99,137.44
1559,2024-01-21 11:20:55,Regular,1,Chuckwagon Beans,Cowboy_Food,1,2.99,2.99,62.98
1559,2024-01-21 11:20:55,Regular,28,Leather Saddlebag,Leather_Goods,1,59.99,59.99,62.98
1560,2024-01-21 18:43:46,Regular,11,Lasso Rope,Ranch_Supplies,1,14.99,14.99,63.45
1560,2024-01-21 18:43:46,Regular,10,Smoked Sausage Links,Cowboy_Food,1,8.99,8.99,63.45
1560,2024-01-21 18:43:46,Regular,15,Fence Wire (50ft),Ranch_Supplies,1,12.99,12.99,63.45
1560,2024-01-21 18:43:46,Regular,7,Prairie Honey,Cowboy_Food,1,6.49,6.49,63.45
1560,2024-01-21 18:43:46,Regular,23,Leather Belt,Western_Apparel,1,19.99,19.99,63.45
1561,2024-01-21 16:13:12,Regular,25,Riding Spurs,Rodeo_Gear,1,22.99,22.99,32.98
1561,2024-01-21 16:13:12,Regular,13,Saddle Oil,Ranch_Supplies,1,9.99,9.99,32.98
1562,2024-01-21 11:27:37,Regular,20,Cowboy Boots,Western_Apparel,1,89.99,89.99,211.93
1562,2024-01-21 11:27:37,Regular,28,Leather Saddlebag,Leather_Goods,1,59.99,59.99,211.93
1562,2024-01-21 11:27:37,Regular,6,Campfire Coffee,Cowboy_Food,1,7.99,7.99,211.93
1562,2024-01-21 11:27:37,Regular,1,Chuckwagon Beans,Cowboy_Food,1,2.99,2.99,211.93
1562,2024-01-21 11:27:37,Regular,24,Denim Vest,Western_Apparel,1,39.99,39.99,211.93
1562,2024-01-21 11:27:37,Regular,21,Red Bandana,Western_Apparel,1,4.99,4.99,211.93
1562,2024-01-21 11:27:37,Regular,4,Trail Beef Jerky,Cowboy_Food,1,5.99,5.99,211.93
1563,2024-01-21 16:52:20,Regular,22,Flannel Shirt,Western_Apparel,1,29.99,29.99,185.4
1563,2024-01-21 16:52:20,Regular,19,Cowboy Hat,Western_Apparel,1,34.99,34.99,185.4
1563,2024-01-21 16:52:20,Regular,8,Hardtack Biscuits,Cowboy_Food,1,2.49,2.49,185.4
1563,2024-01-21 16:52:20,Regular,29,Leather Wallet,Leather_Goods,2,24.99,49.98,185.4
1563,2024-01-21 16:52:20,Regular,24,Denim Vest,Western_Apparel,1,39.99,39.99,185.4
1563,2024-01-21 16:52:20,Regular,3,Smoky BBQ Sauce,Cowboy_Food,2,4.49,8.98,185.4
1563,2024-01-21 16:52:20,Regular,4,Trail Beef Jerky,Cowboy_Food,1,5.99,5.99,185.4
1563,2024-01-21 16:52:20,Regular,15,Fence Wire (50ft),Ranch_Supplies,1,12.99,12.99,185.4
1564,2024-01-21 15:59:26,Regular,24,Denim Vest,Western_Apparel,1,39.99,39.99,55.96
1564,2024-01-21 15:59:26,Regular,21,Red Bandana,Western_Apparel,1,4.99,4.99,55.96
1564,2024-01-21 15:59:26,Regular,27,Bull Rope Rosin,Rodeo_Gear,1,7.49,7.49,55.96
1564,2024-01-21 15:59:26,Regular,5,Cornbread Mix,Cowboy_Food,1,3.49,3.49,55.96
1565,2024-01-21 16:38:27,Regular,13,Saddle Oil,Ranch_Supplies,2,9.99,19.98,93.93
1565,2024-01-21 16:38:27,Regular,3,Smoky BBQ Sauce,Cowboy_Food,1,4.49,4.49,93.93
1565,2024-01-21 16:38:27,Regular,25,Riding Spurs,Rodeo_Gear,2,22.99,45.98,93.93
1565,2024-01-21 16:38:27,Regular,11,Lasso Rope,Ranch_Supplies,1,14.99,14.99,93.93
1565,2024-01-21 16:38:27,Regular,17,Stock Tank Float,Ranch_Supplies,1,8.49,8.49,93.93
1566,2024-01-21 15:53:49,Regular,19,Cowboy Hat,Western_Apparel,1,34.99,34.99,88.96
1566,2024-01-21 15:53:49,Regular,23,Leather Belt,Western_Apparel,1,19.99,19.99,88.96
1566,2024-01-21 15:53:49,Regular,29,Leather Wallet,Leather_Goods,1,24.99,24.99,88.96
1566,2024-01-21 15:53:49,Regular,10,Smoked Sausage Links,Cowboy_Food,1,8.99,8.99,88.96
1567,2024-01-21 10:24:17,Regular,10,Smoked Sausage Links,Cowboy_Food,3,8.99,26.97,94.94
1567,2024-01-21 10:24:17,Regular,2,Campfire Chili,Cowboy_Food,2,3.99,7.98,94.94
1567,2024-01-21 10:24:17,Regular,28,Leather Saddlebag,Leather_Goods,1,59.99,59.99,94.94
1568,2024-01-21 11:41:00,Bulk,11,Lasso Rope,Ranch_Supplies,2,14.99,29.98,213.37
1568,2024-01-21 11:41:00,Bulk,2,Campfire Chili,Cowboy_Food,1,3.99,3.99,213.37
1568,2024-01-21 11:41:00,Bulk,4,Trail Beef Jerky,Cowboy_Food,2,5.99,11.98,213.37
1568,2024-01-21 11:41:00,Bulk,25,Riding Spurs,Rodeo_Gear,2,22.99,45.98,213.37
1568,2024-01-21 11:41:00,Bulk,8,Hardtack Biscuits,Cowboy_Food,1,2.49,2.49,213.37
1568,2024-01-21 11:41:00,Bulk,18,Branding Iron,Ranch_Supplies,1,24.99,24.99,213.37
1568,2024-01-21 11:41:00,Bulk,10,Smoked Sausage Links,Cowboy_Food,1,8.99,8.99,213.37
1568,2024-01-21 11:41:00,Bulk,19,Cowboy Hat,Western_Apparel,1,34.99,34.99,213.37
1568,2024-01-21 11:41:00,Bulk,22,Flannel Shirt,Western_Apparel,1,29.99,29.99,213.37
1568,2024-01-21 11:41:00,Bulk,23,Leather Belt,Western_Apparel,1,19.99,19.99,213.37
1569,2024-01-21 16:53:11,Casual,3,Smoky BBQ Sauce,Cowboy_Food,1,4.49,4.49,4.49
1570,2024-01-21 16:49:49,Regular,9,Dried Apple Slices,Cowboy_Food,1,4.99,4.99,35.97
1570,2024-01-21 16:49:49,Regular,4,Trail Beef Jerky,Cowboy_Food,1,5.99,5.99,35.97
1570,2024-01-21 16:49:49,Regular,29,Leather Wallet,Leather_Goods,1,24.99,24.99,35.97
1571,2024-01-21 16:49:17,Regular,3,Smoky BBQ Sauce,Cowboy_Food,1,4.49,4.49,22.46
1571,2024-01-21 16:49:17,Regular,21,Red Bandana,Western_Apparel,2,4.99,9.98,22.46
1571,2024-01-21 16:49:17,Regular,6,Campfire Coffee,Cowboy_Food,1,7.99,7.99,22.46
1572,2024-01-21 09:37:03,Bulk,23,Leather Belt,Western_Apparel,1,19.99,19.99,271.9
1572,2024-01-21 09:37:03,Bulk,22,Flannel Shirt,Western_Apparel,1,29.99,29.99,271.9
1572,2024-01-21 09:37:03,Bulk,20,Cowboy Boots,Western_Apparel,2,89.99,179.98,271.9
1572,2024-01-21 09:37:03,Bulk,15,Fence Wire (50ft),Ranch_Supplies,1,12.99,12.99,271.9
1572,2024-01-21 09:37:03,Bulk,10,Smoked Sausage Links,Cowboy_Food,1,8.99,8.99,271.9
1572,2024-01-21 09:37:03,Bulk,21,Red Bandana,Western_Apparel,1,4.99,4.99,271.9
1572,2024-01-21 09:37:03,Bulk,3,Smoky BBQ Sauce,Cowboy_Food,2,4.49,8.98,271.9
1572,2024-01-21 09:37:03,Bulk,4,Trail Beef Jerky,Cowboy_Food,1,5.99,5.99,271.9
1573,2024-01-21 17:06:24,Regular,29,Leather Wallet,Leather_Goods,1,24.99,24.99,111.93
1573,2024-01-21 17:06:24,Regular,11,Lasso Rope,Ranch_Supplies,1,14.99,14.99,111.93
1573,2024-01-21 17:06:24,Regular,26,Rodeo Rope,Rodeo_Gear,1,18.99,18.99,111.93
1573,2024-01-21 17:06:24,Regular,23,Leather Belt,Western_Apparel,1,19.99,19.99,111.93
1573,2024-01-21 17:06:24,Regular,25,Riding Spurs,Rodeo_Gear,1,22.99,22.99,111.93
1573,2024-01-21 17:06:24,Regular,1,Chuckwagon Beans,Cowboy_Food,1,2.99,2.99,111.93
1573,2024-01-21 17:06:24,Regular,14,Work Gloves,Ranch_Supplies,1,6.99,6.99,111.93
1574,2024-01-21 14:47:52,Regular,7,Prairie Honey,Cowboy_Food,1,6.49,6.49,138.45
1574,2024-01-21 14:47:52,Regular,10,Smoked Sausage Links,Cowboy_Food,1,8.99,8.99,138.45
1574,2024-01-21 14:47:52,Regular,20,Cowboy Boots,Western_Apparel,1,89.99,89.99,138.45
1574,2024-01-21 14:47:52,Regular,1,Chuckwagon Beans,Cowboy_Food,1,2.99,2.99,138.45
1574,2024-01-21 14:47:52,Regular,22,Flannel Shirt,Western_Apparel,1,29.99,29.99,138.45
1575,2024-01-21 16:29:52,Regular,9,Dried Apple Slices,Cowboy_Food,1,4.99,4.99,203.9
1575,2024-01-21 16:29:52,Regular,25,Riding Spurs,Rodeo_Gear,1,22.99,22.99,203.9
1575,2024-01-21 16:29:52,Regular,20,Cowboy Boots,Western_Apparel,1,89.99,89.99,203.9
1575,2024-01-21 16:29:52,Regular,8,Hardtack Biscuits,Cowboy_Food,1,2.49,2.49,203.9
1575,2024-01-21 16:29:52,Regular,4,Trail Beef Jerky,Cowboy_Food,1,5.99,5.99,203.9
1575,2024-01-21 16:29:52,Regular,23,Leather Belt,Western_Apparel,1,19.99,19.99,203.9
1575,2024-01-21 16:29:52,Regular,17,Stock Tank Float,Ranch_Supplies,1,8.49,8.49,203.9
1575,2024-01-21 16:29:52,Regular,29,Leather Wallet,Leather_Goods,1,24.99,24.99,203.9
1575,2024-01-21 16:29:52,Regular,11,Lasso Rope,Ranch_Supplies,1,14.99,14.99,203.9
1575,2024-01-21 16:29:52,Regular,10,Smoked Sausage Links,Cowboy_Food,1,8.99,8.99,203.9
1576,2024-01-21 12:17:56,Regular,9,Dried Apple Slices,Cowboy_Food,1,4.99,4.99,12.98
1576,2024-01-21 12:17:56,Regular,6,Campfire Coffee,Cowboy_Food,1,7.99,7.99,12.98
1577,2024-01-21 16:54:41,Casual,15,Fence Wire (50ft),Ranch_Supplies,1,12.99,12.99,44.47
1577,2024-01-21 16:54:41,Casual,25,Riding Spurs,Rodeo_Gear,1,22.99,22.99,44.47
1577,2024-01-21 16:54:41,Casual,17,Stock Tank Float,Ranch_Supplies,1,8.49,8.49,44.47
1578,2024-01-21 18:37:49,Casual,15,Fence Wire (50ft),Ranch_Supplies,1,12.99,12.99,75.46
1578,2024-01-21 18:37:49,Casual,8,Hardtack Biscuits,Cowboy_Food,1,2.49,2.49,75.46
1578,2024-01-21 18:37:49,Casual,12,Horse Feed Sack,Ranch_Supplies,1,19.99,19.99,75.46
1578,2024-01-21 18:37:49,Casual,24,Denim Vest,Western_Apparel,1,39.99,39.99,75.46
1579,2024-01-21 12:06:46,Regular,22,Flannel Shirt,Western_Apparel,1,29.99,29.99,49.95
1579,2024-01-21 12:06:46,Regular,1,Chuckwagon Beans,Cowboy_Food,1,2.99,2.99,49.95
1579,2024-01-21 12:06:46,Regular,6,Campfire Coffee,Cowboy_Food,1,7.99,7.99,49.95
1579,2024-01-21 12:06:46,Regular,7,Prairie Honey,Cowboy_Food,1,6.49,6.49,49.95
1579,2024-01-21 12:06:46,Regular,8,Hardtack Biscuits,Cowboy_Food,1,2.49,2.49,49.95
1580,2024-01-21 16:59:01,Regular,24,Denim Vest,Western_Apparel,1,39.99,39.99,127.44
1580,2024-01-21 16:59:01,Regular,21,Red Bandana,Western_Apparel,1,4.99,4.99,127.44
1580,2024-01-21 16:59:01,Regular,27,Bull Rope Rosin,Rodeo_Gear,1,7.49,7.49,127.44
1580,2024-01-21 16:59:01,Regular,19,Cowboy Hat,Western_Apparel,1,34.99,34.99,127.44
1580,2024-01-21 16:59:01,Regular,29,Leather Wallet,Leather_Goods,1,24.99,24.99,127.44
1580,2024-01-21 16:59:01,Regular,11,Lasso Rope,Ranch_Supplies,1,14.99,14.99,127.44
1581,2024-01-21 16:00:25,Tourist,28,Leather Saddlebag,Leather_Goods,1,59.99,59.99,59.99
1582,2024-01-21 12:17:31,Bulk,19,Cowboy Hat,Western_Apparel,1,34.99,34.99,72.45
1582,2024-01-21 12:17:31,Bulk,3,Smoky BBQ Sauce,Cowboy_Food,1,4.49,4.49,72.45
1582,2024-01-21 12:17:31,Bulk,21,Red Bandana,Western_Apparel,1,4.99,4.99,72.45
1582,2024-01-21 12:17:31,Bulk,10,Smoked Sausage Links,Cowboy_Food,1,8.99,8.99,72.45
1582,2024-01-21 12:17:31,Bulk,26,Rodeo Rope,Rodeo_Gear,1,18.99,18.99,72.45
1583,2024-01-21 12:30:27,Tourist,15,Fence Wire (50ft),Ranch_Supplies,1,12.99,12.99,133.93
1583,2024-01-21 12:30:27,Tourist,12,Horse Feed Sack,Ranch_Supplies,1,19.99,19.99,133.93
1583,2024-01-21 12:30:27,Tourist,29,Leather Wallet,Leather_Goods,1,24.99,24.99,133.93
1583,2024-01-21 12:30:27,Tourist,1,Chuckwagon Beans,Cowboy_Food,1,2.99,2.99,133.93
1583,2024-01-21 12:30:27,Tourist,25,Riding Spurs,Rodeo_Gear,1,22.99,22.99,133.93
1583,2024-01-21 12:30:27,Tourist,23,Leather Belt,Western_Apparel,1,19.99,19.99,133.93
1583,2024-01-21 12:30:27,Tourist,22,Flannel Shirt,Western_Apparel,1,29.99,29.99,133.93
1584,2024-01-21 16:41:49,Casual,11,Lasso Rope,Ranch_Supplies,1,14.99,14.99,91.95
1584,2024-01-21 16:41:49,Casual,19,Cowboy Hat,Western_Apparel,1,34.99,34.99,91.95
1584,2024-01-21 16:41:49,Casual,22,Flannel Shirt,Western_Apparel,1,29.99,29.99,91.95
1584,2024-01-21 16:41:49,Casual,4,Trail Beef Jerky,Cowboy_Food,2,5.99,11.98,91.95
1585,2024-01-21 12:24:58,Regular,20,Cowboy Boots,Western_Apparel,1,89.99,89.99,118.97
1585,2024-01-21 12:24:58,Regular,23,Leather Belt,Western_Apparel,1,19.99,19.99,118.97
1585,2024-01-21 12:24:58,Regular,10,Smoked Sausage Links,Cowboy_Food,1,8.99,8.99,118.97
1586,2024-01-21 10:14:32,Regular,4,Trail Beef Jerky,Cowboy_Food,1,5.99,5.99,88.92
1586,2024-01-21 10:14:32,Regular,23,Leather Belt,Western_Apparel,1,19.99,19.99,88.92
1586,2024-01-21 10:14:32,Regular,15,Fence Wire (50ft),Ranch_Supplies,1,12.99,12.99,88.92
1586,2024-01-21 10:14:32,Regular,17,Stock Tank Float,Ranch_Supplies,1,8.49,8.49,88.92
1586,2024-01-21 10:14:32,Regular,29,Leather Wallet,Leather_Goods,1,24.99,24.99,88.92
1586,2024-01-21 10:14:32,Regular,14,Work Gloves,Ranch_Supplies,1,6.99,6.99,88.92
1586,2024-01-21 10:14:32,Regular,3,Smoky BBQ Sauce,Cowboy_Food,1,4.49,4.49,88.92
1586,2024-01-21 10:14:32,Regular,21,Red Bandana,Western_Apparel,1,4.99,4.99,88.92
1587,2024-01-21 17:32:05,Regular,17,Stock Tank Float,Ranch_Supplies,1,8.49,8.49,17.97
1587,2024-01-21 17:32:05,Regular,3,Smoky BBQ Sauce,Cowboy_Food,1,4.49,4.49,17.97
1587,2024-01-21 17:32:05,Regular,9,Dried Apple Slices,Cowboy_Food,1,4.99,4.99,17.97
1588,2024-01-21 15:55:21,Casual,17,Stock Tank Float,Ranch_Supplies,1,8.49,8.49,8.49
1589,2024-01-21 16:50:11,Regular,26,Rodeo Rope,Rodeo_Gear,1,18.99,18.99,84.97
1589,2024-01-21 16:50:11,Regular,4,Trail Beef Jerky,Cowboy_Food,1,5.99,5.99,84.97
1589,2024-01-21 16:50:11,Regular,28,Leather Saddlebag,Leather_Goods,1,59.99,59.99,84.97
1590,2024-01-21 15:59:28,Bulk,22,Flannel Shirt,Western_Apparel,1,29.99,29.99,78.96
1590,2024-01-21 15:59:28,Bulk,24,Denim Vest,Western_Apparel,1,39.99,39.99,78.96
1590,2024-01-21 15:59:28,Bulk,21,Red Bandana,Western_Apparel,1,4.99,4.99,78.96
1590,2024-01-21 15:59:28,Bulk,2,Campfire Chili,Cowboy_Food,1,3.99,3.99,78.96
1591,2024-01-21 15:27:14,Bulk,20,Cowboy Boots,Western_Apparel,1,89.99,89.99,180.43
1591,2024-01-21 15:27:14,Bulk,4,Trail Beef Jerky,Cowboy_Food,1,5.99,5.99,180.43
1591,2024-01-21 15:27:14,Bulk,5,Cornbread Mix,Cowboy_Food,1,3.49,3.49,180.43
1591,2024-01-21 15:27:14,Bulk,1,Chuckwagon Beans,Cowboy_Food,2,2.99,5.98,180.43
1591,2024-01-21 15:27:14,Bulk,24,Denim Vest,Western_Apparel,1,39.99,39.99,180.43
1591,2024-01-21 15:27:14,Bulk,19,Cowboy Hat,Western_Apparel,1,34.99,34.99,180.43
1592,2024-01-21 16:54:04,Casual,29,Leather Wallet,Leather_Goods,1,24.99,24.99,44.98
1592,2024-01-21 16:54:04,Casual,23,Leather Belt,Western_Apparel,1,19.99,19.99,44.98
1593,2024-01-21 09:59:10,Casual,3,Smoky BBQ Sauce,Cowboy_Food,1,4.49,4.49,54.45
1593,2024-01-21 09:59:10,Casual,14,Work Gloves,Ranch_Supplies,1,6.99,6.99,54.45
1593,2024-01-21 09:59:10,Casual,13,Saddle Oil,Ranch_Supplies,1,9.99,9.99,54.45
1593,2024-01-21 09:59:10,Casual,12,Horse Feed Sack,Ranch_Supplies,1,19.99,19.99,54.45
1593,2024-01-21 09:59:10,Casual,15,Fence Wire (50ft),Ranch_Supplies,1,12.99,12.99,54.45
1594,2024-01-21 12:43:29,Regular,9,Dried Apple Slices,Cowboy_Food,1,4.99,4.99,126.95
1594,2024-01-21 12:43:29,Regular,1,Chuckwagon Beans,Cowboy_Food,1,2.99,2.99,126.95
1594,2024-01-21 12:43:29,Regular,29,Leather Wallet,Leather_Goods,1,24.99,24.99,126.95
1594,2024-01-21 12:43:29,Regular,2,Campfire Chili,Cowboy_Food,1,3.99,3.99,126.95
1594,2024-01-21 12:43:29,Regular,20,Cowboy Boots,Western_Apparel,1,89.99,89.99,126.95
1595,2024-01-21 16:08:08,Regular,22,Flannel Shirt,Western_Apparel,1,29.99,29.99,39.47
1595,2024-01-21 16:08:08,Regular,1,Chuckwagon Beans,Cowboy_Food,1,2.99,2.99,39.47
1595,2024-01-21 16:08:08,Regular,7,Prairie Honey,Cowboy_Food,1,6.49,6.49,39.47
1596,2024-01-21 18:07:01,Bulk,21,Red Bandana,Western_Apparel,2,4.99,9.98,132.41
1596,2024-01-21 18:07:01,Bulk,11,Lasso Rope,Ranch_Supplies,2,14.99,29.98,132.41
1596,2024-01-21 18:07:01,Bulk,19,Cowboy Hat,Western_Apparel,1,34.99,34.99,132.41
1596,2024-01-21 18:07:01,Bulk,27,Bull Rope Rosin,Rodeo_Gear,1,7.49,7.49,132.41
1596,2024-01-21 18:07:01,Bulk,25,Riding Spurs,Rodeo_Gear,1,22.99,22.99,132.41
1596,2024-01-21 18:07:01,Bulk,14,Work Gloves,Ranch_Supplies,1,6.99,6.99,132.41
1596,2024-01-21 18:07:01,Bulk,23,Leather Belt,Western_Apparel,1,19.99,19.99,132.41
1597,2024-01-21 14:09:16,Casual,1,Chuckwagon Beans,Cowboy_Food,1,2.99,2.99,124.96
1597,2024-01-21 14:09:16,Casual,20,Cowboy Boots,Western_Apparel,1,89.99,89.99,124.96
1597,2024-01-21 14:09:16,Casual,14,Work Gloves,Ranch_Supplies,1,6.99,6.99,124.96
1597,2024-01-21 14:09:16,Casual,29,Leather Wallet,Leather_Goods,1,24.99,24.99,124.96
1598,2024-01-21 18:31:38,Casual,12,Horse Feed Sack,Ranch_Supplies,1,19.99,19.99,19.99
1599,2024-01-21 16:49:37,Bulk,28,Leather Saddlebag,Leather_Goods,1,59.99,59.99,59.99
1600,2024-01-22 11:06:23,Regular,8,Hardtack Biscuits,Cowboy_Food,1,2.49,2.49,31.96
1600,2024-01-22 11:06:23,Regular,17,Stock Tank Float,Ranch_Supplies,1,8.49,8.49,31.96
1600,2024-01-22 11:06:23,Regular,4,Trail Beef Jerky,Cowboy_Food,1,5.99,5.99,31.96
1600,2024-01-22 11:06:23,Regular,11,Lasso Rope,Ranch_Supplies,1,14.99,14.99,31.96
1601,2024-01-22 10:43:58,Casual,26,Rodeo Rope,Rodeo_Gear,1,18.99,18.99,64.97
1601,2024-01-22 10:43:58,Casual,25,Riding Spurs,Rodeo_Gear,2,22.99,45.98,64.97
1602,2024-01-22 13:22:21,Casual,22,Flannel Shirt,Western_Apparel,1,29.99,29.99,33.48
1602,2024-01-22 13:22:21,Casual,5,Cornbread Mix,Cowboy_Food,1,3.49,3.49,33.48
1603,2024-01-22 15:29:31,Casual,2,Campfire Chili,Cowboy_Food,1,3.99,3.99,29.96
1603,2024-01-22 15:29:31,Casual,9,Dried Apple Slices,Cowboy_Food,1,4.99,4.99,29.96
1603,2024-01-22 15:29:31,Casual,4,Trail Beef Jerky,Cowboy_Food,1,5.99,5.99,29.96
1603,2024-01-22 15:29:31,Casual,11,Lasso Rope,Ranch_Supplies,1,14.99,14.99,29.96
1604,2024-01-22 15:50:33,Regular,7,Prairie Honey,Cowboy_Food,1,6.49,6.49,6.49
1605,2024-01-22 12:57:01,Regular,30,Leather Journal,Leather_Goods,1,14.99,14.99,49.96
1605,2024-01-22 12:57:01,Regular,29,Leather Wallet,Leather_Goods,1,24.99,24.99,49.96
1605,2024-01-22 12:57:01,Regular,1,Chuckwagon Beans,Cowboy_Food,1,2.99,2.99,49.96
1605,2024-01-22 12:57:01,Regular,14,Work Gloves,Ranch_Supplies,1,6.99,6.99,49.96
1606,2024-01-22 12:17:00,Casual,1,Chuckwagon Beans,Cowboy_Food,1,2.99,2.99,34.47
1606,2024-01-22 12:17:00,Casual,17,Stock Tank Float,Ranch_Supplies,1,8.49,8.49,34.47
1606,2024-01-22 12:17:00,Casual,25,Riding Spurs,Rodeo_Gear,1,22.99,22.99,34.47
1607,2024-01-22 18:37:47,Casual,17,Stock Tank Float,Ranch_Supplies,1,8.49,8.49,23.48
1607,2024-01-22 18:37:47,Casual,30,Leather Journal,Leather_Goods,1,14.99,14.99,23.48
1608,2024-01-22 12:17:23,Tourist,6,Campfire Coffee,Cowboy_Food,1,7.99,7.99,235.43
1608,2024-01-22 12:17:23,Tourist,3,Smoky BBQ Sauce,Cowboy_Food,1,4.49,4.49,235.43
1608,2024-01-22 12:17:23,Tourist,21,Red Bandana,Western_Apparel,1,4.99,4.99,235.43
1608,2024-01-22 12:17:23,Tourist,29,Leather Wallet,Leather_Goods,1,24.99,24.99,235.43
1608,2024-01-22 12:17:23,Tourist,15,Fence Wire (50ft),Ranch_Supplies,1,12.99,12.99,235.43
1608,2024-01-22 12:17:23,Tourist,20,Cowboy Boots,Western_Apparel,2,89.99,179.98,235.43
1609,2024-01-22 11:09:41,Regular,15,Fence Wire (50ft),Ranch_Supplies,1,12.99,12.99,56.97
1609,2024-01-22 11:09:41,Regular,10,Smoked Sausage Links,Cowboy_Food,1,8.99,8.99,56.97
1609,2024-01-22 11:09:41,Regular,19,Cowboy Hat,Western_Apparel,1,34.99,34.99,56.97
1610,2024-01-22 13:28:56,Casual,11,Lasso Rope,Ranch_Supplies,1,14.99,14.99,25.97
1610,2024-01-22 13:28:56,Casual,21,Red Bandana,Western_Apparel,1,4.99,4.99,25.97
1610,2024-01-22 13:28:56,Casual,16,Hay Bale Twine,Ranch_Supplies,1,5.99,5.99,25.97
1611,2024-01-22 12:37:14,Casual,9,Dried Apple Slices,Cowboy_Food,1,4.99,4.99,26.95
1611,2024-01-22 12:37:14,Casual,7,Prairie Honey,Cowboy_Food,1,6.49,6.49,26.95
1611,2024-01-22 12:37:14,Casual,17,Stock Tank Float,Ranch_Supplies,1,8.49,8.49,26.95
1611,2024-01-22 12:37:14,Casual,8,Hardtack Biscuits,Cowboy_Food,1,2.49,2.49,26.95
1611,2024-01-22 12:37:14,Casual,3,Smoky BBQ Sauce,Cowboy_Food,1,4.49,4.49,26.95
1612,2024-01-22 14:34:46,Casual,25,Riding Spurs,Rodeo_Gear,1,22.99,22.99,22.99
1613,2024-01-22 16:06:12,Bulk,4,Trail Beef Jerky,Cowboy_Food,1,5.99,5.99,35.95
1613,2024-01-22 16:06:12,Bulk,27,Bull Rope Rosin,Rodeo_Gear,1,7.49,7.49,35.95
1613,2024-01-22 16:06:12,Bulk,8,Hardtack Biscuits,Cowboy_Food,1,2.49,2.49,35.95
1613,2024-01-22 16:06:12,Bulk,14,Work Gloves,Ranch_Supplies,1,6.99,6.99,35.95
1613,2024-01-22 16:06:12,Bulk,15,Fence Wire (50ft),Ranch_Supplies,1,12.99,12.99,35.95
1614,2024-01-22 15:59:44,Regular,2,Campfire Chili,Cowboy_Food,2,3.99,7.98,19.46
1614,2024-01-22 15:59:44,Regular,7,Prairie Honey,Cowboy_Food,1,6.49,6.49,19.46
1614,2024-01-22 15:59:44,Regular,9,Dried Apple Slices,Cowboy_Food,1,4.99,4.99,19.46
1615,2024-01-22 16:31:09,Bulk,3,Smoky BBQ Sauce,Cowboy_Food,1,4.49,4.49,79.44
1615,2024-01-22 16:31:09,Bulk,25,Riding Spurs,Rodeo_Gear,2,22.99,45.98,79.44
1615,2024-01-22 16:31:09,Bulk,13,Saddle Oil,Ranch_Supplies,1,9.99,9.99,79.44
1615,2024-01-22 16:31:09,Bulk,4,Trail Beef Jerky,Cowboy_Food,1,5.99,5.99,79.44
1615,2024-01-22 16:31:09,Bulk,15,Fence Wire (50ft),Ranch_Supplies,1,12.99,12.99,79.44
1616,2024-01-22 11:18:18,Bulk,7,Prairie Honey,Cowboy_Food,3,6.49,19.47,136.89
1616,2024-01-22 11:18:18,Bulk,23,Leather Belt,Western_Apparel,1,19.99,19.99,136.89
1616,2024-01-22 11:18:18,Bulk,16,Hay Bale Twine,Ranch_Supplies,1,5.99,5.99,136.89
1616,2024-01-22 11:18:18,Bulk,9,Dried Apple Slices,Cowboy_Food,1,4.99,4.99,136.89
1616,2024-01-22 11:18:18,Bulk,17,Stock Tank Float,Ranch_Supplies,1,8.49,8.49,136.89
1616,2024-01-22 11:18:18,Bulk,6,Campfire Coffee,Cowboy_Food,1,7.99,7.99,136.89
1616,2024-01-22 11:18:18,Bulk,24,Denim Vest,Western_Apparel,1,39.99,39.99,136.89
1616,2024-01-22 11:18:18,Bulk,11,Lasso Rope,Ranch_Supplies,2,14.99,29.98,136.89
1617,2024-01-22 10:12:28,Regular,2,Campfire Chili,Cowboy_Food,1,3.99,3.99,12.97
1617,2024-01-22 10:12:28,Regular,1,Chuckwagon Beans,Cowboy_Food,1,2.99,2.99,12.97
1617,2024-01-22 10:12:28,Regular,4,Trail Beef Jerky,Cowboy_Food,1,5.99,5.99,12.97
1618,2024-01-22 17:01:29,Regular,5,Cornbread Mix,Cowboy_Food,1,3.49,3.49,43.47
1618,2024-01-22 17:01:29,Regular,30,Leather Journal,Leather_Goods,1,14.99,14.99,43.47
1618,2024-01-22 17:01:29,Regular,18,Branding Iron,Ranch_Supplies,1,24.99,24.99,43.47
1619,2024-01-22 11:48:01,Casual,2,Campfire Chili,Cowboy_Food,1,3.99,3.99,43.98
1619,2024-01-22 11:48:01,Casual,24,Denim Vest,Western_Apparel,1,39.99,39.99,43.98
1620,2024-01-22 12:46:50,Regular,10,Smoked Sausage Links,Cowboy_Food,1,8.99,8.99,8.99
1621,2024-01-22 14:57:00,Regular,21,Red Bandana,Western_Apparel,1,4.99,4.99,16.47
1621,2024-01-22 14:57:00,Regular,1,Chuckwagon Beans,Cowboy_Food,1,2.99,2.99,16.47
1621,2024-01-22 14:57:00,Regular,17,Stock Tank Float,Ranch_Supplies,1,8.49,8.49,16.47
1622,2024-01-22 16:36:52,Bulk,23,Leather Belt,Western_Apparel,1,19.99,19.99,46.94
1622,2024-01-22 16:36:52,Bulk,1,Chuckwagon Beans,Cowboy_Food,2,2.99,5.98,46.94
1622,2024-01-22 16:36:52,Bulk,10,Smoked Sausage Links,Cowboy_Food,1,8.99,8.99,46.94
1622,2024-01-22 16:36:52,Bulk,14,Work Gloves,Ranch_Supplies,1,6.99,6.99,46.94
1622,2024-01-22 16:36:52,Bulk,21,Red Bandana,Western_Apparel,1,4.99,4.99,46.94
1623,2024-01-22 11:22:12,Tourist,2,Campfire Chili,Cowboy_Food,1,3.99,3.99,107.46
1623,2024-01-22 11:22:12,Tourist,28,Leather Saddlebag,Leather_Goods,1,59.99,59.99,107.46
1623,2024-01-22 11:22:12,Tourist,17,Stock Tank Float,Ranch_Supplies,1,8.49,8.49,107.46
1623,2024-01-22 11:22:12,Tourist,19,Cowboy Hat,Western_Apparel,1,34.99,34.99,107.46
1624,2024-01-22 17:45:42,Bulk,12,Horse Feed Sack,Ranch_Supplies,1,19.99,19.99,37.96
1624,2024-01-22 17:45:42,Bulk,6,Campfire Coffee,Cowboy_Food,1,7.99,7.99,37.96
1624,2024-01-22 17:45:42,Bulk,2,Campfire Chili,Cowboy_Food,1,3.99,3.99,37.96
1624,2024-01-22 17:45:42,Bulk,16,Hay Bale Twine,Ranch_Supplies,1,5.99,5.99,37.96
1625,2024-01-22 12:50:42,Regular,22,Flannel Shirt,Western_Apparel,1,29.99,29.99,43.97
1625,2024-01-22 12:50:42,Regular,14,Work Gloves,Ranch_Supplies,2,6.99,13.98,43.97
1626,2024-01-22 18:38:27,Regular,12,Horse Feed Sack,Ranch_Supplies,1,19.99,19.99,25.47
1626,2024-01-22 18:38:27,Regular,8,Hardtack Biscuits,Cowboy_Food,1,2.49,2.49,25.47
1626,2024-01-22 18:38:27,Regular,1,Chuckwagon Beans,Cowboy_Food,1,2.99,2.99,25.47
1627,2024-01-22 12:25:32,Regular,1,Chuckwagon Beans,Cowboy_Food,1,2.99,2.99,2.99
1628,2024-01-22 16:39:04,Regular,11,Lasso Rope,Ranch_Supplies,1,14.99,14.99,87.96
1628,2024-01-22 16:39:04,Regular,25,Riding Spurs,Rodeo_Gear,1,22.99,22.99,87.96
1628,2024-01-22 16:39:04,Regular,19,Cowboy Hat,Western_Apparel,1,34.99,34.99,87.96
1628,2024-01-22 16:39:04,Regular,30,Leather Journal,Leather_Goods,1,14.99,14.99,87.96
1629,2024-01-22 13:49:54,Casual,7,Prairie Honey,Cowboy_Food,1,6.49,6.49,6.49
1630,2024-01-22 17:17:07,Regular,4,Trail Beef Jerky,Cowboy_Food,2,5.99,11.98,147.39
1630,2024-01-22 17:17:07,Regular,12,Horse Feed Sack,Ranch_Supplies,1,19.99,19.99,147.39
1630,2024-01-22 17:17:07,Regular,24,Denim Vest,Western_Apparel,1,39.99,39.99,147.39
1630,2024-01-22 17:17:07,Regular,13,Saddle Oil,Ranch_Supplies,2,9.99,19.98,147.39
1630,2024-01-22 17:17:07,Regular,18,Branding Iron,Ranch_Supplies,1,24.99,24.99,147.39
1630,2024-01-22 17:17:07,Regular,10,Smoked Sausage Links,Cowboy_Food,1,8.99,8.99,147.39
1630,2024-01-22 17:17:07,Regular,21,Red Bandana,Western_Apparel,1,4.99,4.99,147.39
1630,2024-01-22 17:17:07,Regular,15,Fence Wire (50ft),Ranch_Supplies,1,12.99,12.99,147.39
1630,2024-01-22 17:17:07,Regular,5,Cornbread Mix,Cowboy_Food,1,3.49,3.49,147.39
1631,2024-01-22 15:01:39,Regular,5,Cornbread Mix,Cowboy_Food,1,3.49,3.49,128.44
1631,2024-01-22 15:01:39,Regular,6,Campfire Coffee,Cowboy_Food,2,7.99,15.98,128.44
1631,2024-01-22 15:01:39,Regular,26,Rodeo Rope,Rodeo_Gear,1,18.99,18.99,128.44
1631,2024-01-22 15:01:39,Regular,28,Leather Saddlebag,Leather_Goods,1,59.99,59.99,128.44
1631,2024-01-22 15:01:39,Regular,22,Flannel Shirt,Western_Apparel,1,29.99,29.99,128.44
1632,2024-01-22 17:31:00,Casual,12,Horse Feed Sack,Ranch_Supplies,2,19.99,39.98,113.92
1632,2024-01-22 17:31:00,Casual,7,Prairie Honey,Cowboy_Food,1,6.49,6.49,113.92
1632,2024-01-22 17:31:00,Casual,14,Work Gloves,Ranch_Supplies,2,6.99,13.98,113.92
1632,2024-01-22 17:31:00,Casual,3,Smoky BBQ Sauce,Cowboy_Food,1,4.49,4.49,113.92
1632,2024-01-22 17:31:00,Casual,24,Denim Vest,Western_Apparel,1,39.99,39.99,113.92
1632,2024-01-22 17:31:00,Casual,10,Smoked Sausage Links,Cowboy_Food,1,8.99,8.99,113.92
1633,2024-01-22 16:49:44,Regular,25,Riding Spurs,Rodeo_Gear,1,22.99,22.99,70.97
1633,2024-01-22 16:49:44,Regular,15,Fence Wire (50ft),Ranch_Supplies,1,12.99,12.99,70.97
1633,2024-01-22 16:49:44,Regular,19,Cowboy Hat,Western_Apparel,1,34.99,34.99,70.97
1634,2024-01-22 15:53:21,Regular,6,Campfire Coffee,Cowboy_Food,1,7.99,7.99,82.92
1634,2024-01-22 15:53:21,Regular,16,Hay Bale Twine,Ranch_Supplies,1,5.99,5.99,82.92
1634,2024-01-22 15:53:21,Regular,3,Smoky BBQ Sauce,Cowboy_Food,1,4.49,4.49,82.92
1634,2024-01-22 15:53:21,Regular,5,Cornbread Mix,Cowboy_Food,1,3.49,3.49,82.92
1634,2024-01-22 15:53:21,Regular,22,Flannel Shirt,Western_Apparel,1,29.99,29.99,82.92
1634,2024-01-22 15:53:21,Regular,1,Chuckwagon Beans,Cowboy_Food,2,2.99,5.98,82.92
1634,2024-01-22 15:53:21,Regular,18,Branding Iron,Ranch_Supplies,1,24.99,24.99,82.92
1635,2024-01-22 12:04:28,Regular,16,Hay Bale Twine,Ranch_Supplies,2,5.99,11.98,244.39
1635,2024-01-22 12:04:28,Regular,19,Cowboy Hat,Western_Apparel,2,34.99,69.98,244.39
1635,2024-01-22 12:04:28,Regular,7,Prairie Honey,Cowboy_Food,1,6.49,6.49,244.39
1635,2024-01-22 12:04:28,Regular,5,Cornbread Mix,Cowboy_Food,1,3.49,3.49,244.39
1635,2024-01-22 12:04:28,Regular,14,Work Gloves,Ranch_Supplies,2,6.99,13.98,244.39
1635,2024-01-22 12:04:28,Regular,24,Denim Vest,Western_Apparel,1,39.99,39.99,244.39
1635,2024-01-22 12:04:28,Regular,17,Stock Tank Float,Ranch_Supplies,1,8.49,8.49,244.39
1635,2024-01-22 12:04:28,Regular,20,Cowboy Boots,Western_Apparel,1,89.99,89.99,244.39
1636,2024-01-22 12:10:01,Regular,26,Rodeo Rope,Rodeo_Gear,1,18.99,18.99,85.44
1636,2024-01-22 12:10:01,Regular,4,Trail Beef Jerky,Cowboy_Food,2,5.99,11.98,85.44
1636,2024-01-22 12:10:01,Regular,25,Riding Spurs,Rodeo_Gear,1,22.99,22.99,85.44
1636,2024-01-22 12:10:01,Regular,7,Prairie Honey,Cowboy_Food,1,6.49,6.49,85.44
1636,2024-01-22 12:10:01,Regular,18,Branding Iron,Ranch_Supplies,1,24.99,24.99,85.44
1637,2024-01-22 18:48:13,Regular,10,Smoked Sausage Links,Cowboy_Food,1,8.99,8.99,130.38
1637,2024-01-22 18:48:13,Regular,23,Leather Belt,Western_Apparel,2,19.99,39.98,130.38
1637,2024-01-22 18:48:13,Regular,9,Dried Apple Slices,Cowboy_Food,1,4.99,4.99,130.38
1637,2024-01-22 18:48:13,Regular,12,Horse Feed Sack,Ranch_Supplies,1,19.99,19.99,130.38
1637,2024-01-22 18:48:13,Regular,15,Fence Wire (50ft),Ranch_Supplies,1,12.99,12.99,130.38
1637,2024-01-22 18:48:13,Regular,5,Cornbread Mix,Cowboy_Food,1,3.49,3.49,130.38
1637,2024-01-22 18:48:13,Regular,4,Trail Beef Jerky,Cowboy_Food,2,5.99,11.98,130.38
1637,2024-01-22 18:48:13,Regular,8,Hardtack Biscuits,Cowboy_Food,2,2.49,4.98,130.38
1637,2024-01-22 18:48:13,Regular,25,Riding Spurs,Rodeo_Gear,1,22.99,22.99,130.38
1638,2024-01-22 17:57:26,Tourist,19,Cowboy Hat,Western_Apparel,1,34.99,34.99,97.96
1638,2024-01-22 17:57:26,Tourist,30,Leather Journal,Leather_Goods,1,14.99,14.99,97.96
1638,2024-01-22 17:57:26,Tourist,24,Denim Vest,Western_Apparel,1,39.99,39.99,97.96
1638,2024-01-22 17:57:26,Tourist,6,Campfire Coffee,Cowboy_Food,1,7.99,7.99,97.96
1639,2024-01-22 11:09:43,Casual,10,Smoked Sausage Links,Cowboy_Food,2,8.99,17.98,32.97
1639,2024-01-22 11:09:43,Casual,11,Lasso Rope,Ranch_Supplies,1,14.99,14.99,32.97
1640,2024-01-22 11:41:35,Casual,22,Flannel Shirt,Western_Apparel,1,29.99,29.99,47.46
1640,2024-01-22 11:41:35,Casual,14,Work Gloves,Ranch_Supplies,2,6.99,13.98,47.46
1640,2024-01-22 11:41:35,Casual,5,Cornbread Mix,Cowboy_Food,1,3.49,3.49,47.46
1641,2024-01-22 10:53:15,Bulk,10,Smoked Sausage Links,Cowboy_Food,2,8.99,17.98,211.85
1641,2024-01-22 10:53:15,Bulk,20,Cowboy Boots,Western_Apparel,1,89.99,89.99,211.85
1641,2024-01-22 10:53:15,Bulk,5,Cornbread Mix,Cowboy_Food,1,3.49,3.49,211.85
1641,2024-01-22 10:53:15,Bulk,30,Leather Journal,Leather_Goods,4,14.99,59.96,211.85
1641,2024-01-22 10:53:15,Bulk,2,Campfire Chili,Cowboy_Food,2,3.99,7.98,211.85
1641,2024-01-22 10:53:15,Bulk,9,Dried Apple Slices,Cowboy_Food,1,4.99,4.99,211.85
1641,2024-01-22 10:53:15,Bulk,7,Prairie Honey,Cowboy_Food,2,6.49,12.98,211.85
1641,2024-01-22 10:53:15,Bulk,13,Saddle Oil,Ranch_Supplies,1,9.99,9.99,211.85
1641,2024-01-22 10:53:15,Bulk,3,Smoky BBQ Sauce,Cowboy_Food,1,4.49,4.49,211.85
1642,2024-01-22 11:40:35,Regular,21,Red Bandana,Western_Apparel,2,4.99,9.98,24.46
1642,2024-01-22 11:40:35,Regular,7,Prairie Honey,Cowboy_Food,1,6.49,6.49,24.46
1642,2024-01-22 11:40:35,Regular,6,Campfire Coffee,Cowboy_Food,1,7.99,7.99,24.46
1643,2024-01-22 12:28:13,Casual,1,Chuckwagon Beans,Cowboy_Food,1,2.99,2.99,2.99
1644,2024-01-22 17:18:33,Regular,27,Bull Rope Rosin,Rodeo_Gear,1,7.49,7.49,113.9
1644,2024-01-22 17:18:33,Regular,16,Hay Bale Twine,Ranch_Supplies,1,5.99,5.99,113.9
1644,2024-01-22 17:18:33,Regular,2,Campfire Chili,Cowboy_Food,1,3.99,3.99,113.9
1644,2024-01-22 17:18:33,Regular,10,Smoked Sausage Links,Cowboy_Food,1,8.99,8.99,113.9
1644,2024-01-22 17:18:33,Regular,19,Cowboy Hat,Western_Apparel,1,34.99,34.99,113.9
1644,2024-01-22 17:18:33,Regular,9,Dried Apple Slices,Cowboy_Food,1,4.99,4.99,113.9
1644,2024-01-22 17:18:33,Regular,22,Flannel Shirt,Western_Apparel,1,29.99,29.99,113.9
1644,2024-01-22 17:18:33,Regular,5,Cornbread Mix,Cowboy_Food,1,3.49,3.49,113.9
1644,2024-01-22 17:18:33,Regular,4,Trail Beef Jerky,Cowboy_Food,1,5.99,5.99,113.9
1644,2024-01-22 17:18:33,Regular,6,Campfire Coffee,Cowboy_Food,1,7.99,7.99,113.9
1645,2024-01-22 10:46:32,Regular,9,Dried Apple Slices,Cowboy_Food,1,4.99,4.99,171.42
1645,2024-01-22 10:46:32,Regular,16,Hay Bale Twine,Ranch_Supplies,1,5.99,5.99,171.42
1645,2024-01-22 10:46:32,Regular,11,Lasso Rope,Ranch_Supplies,1,14.99,14.99,171.42
1645,2024-01-22 10:46:32,Regular,22,Flannel Shirt,Western_Apparel,1,29.99,29.99,171.42
1645,2024-01-22 10:46:32,Regular,15,Fence Wire (50ft),Ranch_Supplies,1,12.99,12.99,171.42
1645,2024-01-22 10:46:32,Regular,5,Cornbread Mix,Cowboy_Food,1,3.49,3.49,171.42
1645,2024-01-22 10:46:32,Regular,10,Smoked Sausage Links,Cowboy_Food,1,8.99,8.99,171.42
1645,2024-01-22 10:46:32,Regular,20,Cowboy Boots,Western_Apparel,1,89.99,89.99,171.42
1646,2024-01-22 17:36:13,Regular,24,Denim Vest,Western_Apparel,1,39.99,39.99,39.99
1647,2024-01-22 18:28:12,Bulk,20,Cowboy Boots,Western_Apparel,1,89.99,89.99,386.3
1647,2024-01-22 18:28:12,Bulk,10,Smoked Sausage Links,Cowboy_Food,1,8.99,8.99,386.3
1647,2024-01-22 18:28:12,Bulk,24,Denim Vest,Western_Apparel,3,39.99,119.97,386.3
1647,2024-01-22 18:28:12,Bulk,5,Cornbread Mix,Cowboy_Food,3,3.49,10.47,386.3
1647,2024-01-22 18:28:12,Bulk,3,Smoky BBQ Sauce,Cowboy_Food,1,4.49,4.49,386.3
1647,2024-01-22 18:28:12,Bulk,6,Campfire Coffee,Cowboy_Food,2,7.99,15.98,386.3
1647,2024-01-22 18:28:12,Bulk,28,Leather Saddlebag,Leather_Goods,1,59.99,59.99,386.3
1647,2024-01-22 18:28:12,Bulk,8,Hardtack Biscuits,Cowboy_Food,1,2.49,2.49,386.3
1647,2024-01-22 18:28:12,Bulk,4,Trail Beef Jerky,Cowboy_Food,1,5.99,5.99,386.3
1647,2024-01-22 18:28:12,Bulk,26,Rodeo Rope,Rodeo_Gear,2,18.99,37.98,386.3
1647,2024-01-22 18:28:12,Bulk,1,Chuckwagon Beans,Cowboy_Food,2,2.99,5.98,386.3
1647,2024-01-22 18:28:12,Bulk,12,Horse Feed Sack,Ranch_Supplies,1,19.99,19.99,386.3
1647,2024-01-22 18:28:12,Bulk,2,Campfire Chili,Cowboy_Food,1,3.99,3.99,386.3
1648,2024-01-22 12:22:31,Regular,20,Cowboy Boots,Western_Apparel,2,89.99,179.98,207.94
1648,2024-01-22 12:22:31,Regular,9,Dried Apple Slices,Cowboy_Food,1,4.99,4.99,207.94
1648,2024-01-22 12:22:31,Regular,16,Hay Bale Twine,Ranch_Supplies,1,5.99,5.99,207.94
1648,2024-01-22 12:22:31,Regular,6,Campfire Coffee,Cowboy_Food,1,7.99,7.99,207.94
1648,2024-01-22 12:22:31,Regular,10,Smoked Sausage Links,Cowboy_Food,1,8.99,8.99,207.94
1649,2024-01-22 14:57:35,Regular,21,Red Bandana,Western_Apparel,1,4.99,4.99,37.97
1649,2024-01-22 14:57:35,Regular,6,Campfire Coffee,Cowboy_Food,1,7.99,7.99,37.97
1649,2024-01-22 14:57:35,Regular,18,Branding Iron,Ranch_Supplies,1,24.99,24.99,37.97
1650,2024-01-22 15:32:58,Regular,9,Dried Apple Slices,Cowboy_Food,1,4.99,4.99,29.98
1650,2024-01-22 15:32:58,Regular,18,Branding Iron,Ranch_Supplies,1,24.99,24.99,29.98
1651,2024-01-22 11:42:29,Regular,11,Lasso Rope,Ranch_Supplies,2,14.99,29.98,35.97
1651,2024-01-22 11:42:29,Regular,16,Hay Bale Twine,Ranch_Supplies,1,5.99,5.99,35.97
1652,2024-01-22 16:41:26,Regular,29,Leather Wallet,Leather_Goods,1,24.99,24.99,304.39
1652,2024-01-22 16:41:26,Regular,19,Cowboy Hat,Western_Apparel,1,34.99,34.99,304.39
1652,2024-01-22 16:41:26,Regular,28,Leather Saddlebag,Leather_Goods,1,59.99,59.99,304.39
1652,2024-01-22 16:41:26,Regular,4,Trail Beef Jerky,Cowboy_Food,1,5.99,5.99,304.39
1652,2024-01-22 16:41:26,Regular,22,Flannel Shirt,Western_Apparel,1,29.99,29.99,304.39
1652,2024-01-22 16:41:26,Regular,6,Campfire Coffee,Cowboy_Food,1,7.99,7.99,304.39
1652,2024-01-22 16:41:26,Regular,10,Smoked Sausage Links,Cowboy_Food,1,8.99,8.99,304.39
1652,2024-01-22 16:41:26,Regular,27,Bull Rope Rosin,Rodeo_Gear,1,7.49,7.49,304.39
1652,2024-01-22 16:41:26,Regular,11,Lasso Rope,Ranch_Supplies,1,14.99,14.99,304.39
1652,2024-01-22 16:41:26,Regular,20,Cowboy Boots,Western_Apparel,1,89.99,89.99,304.39
1652,2024-01-22 16:41:26,Regular,26,Rodeo Rope,Rodeo_Gear,1,18.99,18.99,304.39
1653,2024-01-22 15:51:28,Bulk,28,Leather Saddlebag,Leather_Goods,1,59.99,59.99,59.99
1654,2024-01-22 10:56:52,Regular,29,Leather Wallet,Leather_Goods,1,24.99,24.99,34.98
1654,2024-01-22 10:56:52,Regular,13,Saddle Oil,Ranch_Supplies,1,9.99,9.99,34.98
1655,2024-01-22 17:42:18,Bulk,16,Hay Bale Twine,Ranch_Supplies,1,5.99,5.99,185.92
1655,2024-01-22 17:42:18,Bulk,1,Chuckwagon Beans,Cowboy_Food,1,2.99,2.99,185.92
1655,2024-01-22 17:42:18,Bulk,19,Cowboy Hat,Western_Apparel,1,34.99,34.99,185.92
1655,2024-01-22 17:42:18,Bulk,2,Campfire Chili,Cowboy_Food,1,3.99,3.99,185.92
1655,2024-01-22 17:42:18,Bulk,21,Red Bandana,Western_Apparel,1,4.99,4.99,185.92
1655,2024-01-22 17:42:18,Bulk,23,Leather Belt,Western_Apparel,1,19.99,19.99,185.92
1655,2024-01-22 17:42:18,Bulk,25,Riding Spurs,Rodeo_Gear,1,22.99,22.99,185.92
1655,2024-01-22 17:42:18,Bulk,20,Cowboy Boots,Western_Apparel,1,89.99,89.99,185.92
1656,2024-01-22 12:36:22,Regular,19,Cowboy Hat,Western_Apparel,1,34.99,34.99,222.44
1656,2024-01-22 12:36:22,Regular,10,Smoked Sausage Links,Cowboy_Food,1,8.99,8.99,222.44
1656,2024-01-22 12:36:22,Regular,12,Horse Feed Sack,Ranch_Supplies,1,19.99,19.99,222.44
1656,2024-01-22 12:36:22,Regular,17,Stock Tank Float,Ranch_Supplies,1,8.49,8.49,222.44
1656,2024-01-22 12:36:22,Regular,28,Leather Saddlebag,Leather_Goods,1,59.99,59.99,222.44
1656,2024-01-22 12:36:22,Regular,20,Cowboy Boots,Western_Apparel,1,89.99,89.99,222.44
1657,2024-01-22 11:18:22,Regular,3,Smoky BBQ Sauce,Cowboy_Food,1,4.49,4.49,14.48
1657,2024-01-22 11:18:22,Regular,13,Saddle Oil,Ranch_Supplies,1,9.99,9.99,14.48
1658,2024-01-22 18:37:37,Bulk,25,Riding Spurs,Rodeo_Gear,2,22.99,45.98,166.4
1658,2024-01-22 18:37:37,Bulk,5,Cornbread Mix,Cowboy_Food,1,3.49,3.49,166.4
1658,2024-01-22 18:37:37,Bulk,1,Chuckwagon Beans,Cowboy_Food,1,2.99,2.99,166.4
1658,2024-01-22 18:37:37,Bulk,22,Flannel Shirt,Western_Apparel,1,29.99,29.99,166.4
1658,2024-01-22 18:37:37,Bulk,19,Cowboy Hat,Western_Apparel,1,34.99,34.99,166.4
1658,2024-01-22 18:37:37,Bulk,13,Saddle Oil,Ranch_Supplies,1,9.99,9.99,166.4
1658,2024-01-22 18:37:37,Bulk,30,Leather Journal,Leather_Goods,1,14.99,14.99,166.4
1658,2024-01-22 18:37:37,Bulk,10,Smoked Sausage Links,Cowboy_Food,1,8.99,8.99,166.4
1658,2024-01-22 18:37:37,Bulk,11,Lasso Rope,Ranch_Supplies,1,14.99,14.99,166.4
1659,2024-01-22 10:51:41,Bulk,12,Horse Feed Sack,Ranch_Supplies,1,19.99,19.99,195.9
1659,2024-01-22 10:51:41,Bulk,14,Work Gloves,Ranch_Supplies,1,6.99,6.99,195.9
1659,2024-01-22 10:51:41,Bulk,21,Red Bandana,Western_Apparel,1,4.99,4.99,195.9
1659,2024-01-22 10:51:41,Bulk,29,Leather Wallet,Leather_Goods,1,24.99,24.99,195.9
1659,2024-01-22 10:51:41,Bulk,20,Cowboy Boots,Western_Apparel,1,89.99,89.99,195.9
1659,2024-01-22 10:51:41,Bulk,30,Leather Journal,Leather_Goods,1,14.99,14.99,195.9
1659,2024-01-22 10:51:41,Bulk,6,Campfire Coffee,Cowboy_Food,1,7.99,7.99,195.9
1659,2024-01-22 10:51:41,Bulk,5,Cornbread Mix,Cowboy_Food,1,3.49,3.49,195.9
1659,2024-01-22 10:51:41,Bulk,8,Hardtack Biscuits,Cowboy_Food,1,2.49,2.49,195.9
1659,2024-01-22 10:51:41,Bulk,23,Leather Belt,Western_Apparel,1,19.99,19.99,195.9
1660,2024-01-22 10:23:28,Regular,6,Campfire Coffee,Cowboy_Food,1,7.99,7.99,105.93
1660,2024-01-22 10:23:28,Regular,9,Dried Apple Slices,Cowboy_Food,1,4.99,4.99,105.93
1660,2024-01-22 10:23:28,Regular,17,Stock Tank Float,Ranch_Supplies,1,8.49,8.49,105.93
1660,2024-01-22 10:23:28,Regular,16,Hay Bale Twine,Ranch_Supplies,1,5.99,5.99,105.93
1660,2024-01-22 10:23:28,Regular,19,Cowboy Hat,Western_Apparel,1,34.99,34.99,105.93
1660,2024-01-22 10:23:28,Regular,24,Denim Vest,Western_Apparel,1,39.99,39.99,105.93
1660,2024-01-22 10:23:28,Regular,5,Cornbread Mix,Cowboy_Food,1,3.49,3.49,105.93
1661,2024-01-22 11:58:15,Bulk,3,Smoky BBQ Sauce,Cowboy_Food,1,4.49,4.49,14.97
1661,2024-01-22 11:58:15,Bulk,8,Hardtack Biscuits,Cowboy_Food,1,2.49,2.49,14.97
1661,2024-01-22 11:58:15,Bulk,6,Campfire Coffee,Cowboy_Food,1,7.99,7.99,14.97
1662,2024-01-22 12:48:41,Casual,19,Cowboy Hat,Western_Apparel,1,34.99,34.99,123.95
1662,2024-01-22 12:48:41,Casual,28,Leather Saddlebag,Leather_Goods,1,59.99,59.99,123.95
1662,2024-01-22 12:48:41,Casual,23,Leather Belt,Western_Apparel,1,19.99,19.99,123.95
1662,2024-01-22 12:48:41,Casual,2,Campfire Chili,Cowboy_Food,1,3.99,3.99,123.95
1662,2024-01-22 12:48:41,Casual,21,Red Bandana,Western_Apparel,1,4.99,4.99,123.95
1663,2024-01-22 14:43:16,Regular,21,Red Bandana,Western_Apparel,1,4.99,4.99,43.96
1663,2024-01-22 14:43:16,Regular,4,Trail Beef Jerky,Cowboy_Food,1,5.99,5.99,43.96
1663,2024-01-22 14:43:16,Regular,25,Riding Spurs,Rodeo_Gear,1,22.99,22.99,43.96
1663,2024-01-22 14:43:16,Regular,13,Saddle Oil,Ranch_Supplies,1,9.99,9.99,43.96
1664,2024-01-22 16:26:53,Bulk,23,Leather Belt,Western_Apparel,2,19.99,39.98,316.33
1664,2024-01-22 16:26:53,Bulk,3,Smoky BBQ Sauce,Cowboy_Food,1,4.49,4.49,316.33
1664,2024-01-22 16:26:53,Bulk,17,Stock Tank Float,Ranch_Supplies,1,8.49,8.49,316.33
1664,2024-01-22 16:26:53,Bulk,25,Riding Spurs,Rodeo_Gear,1,22.99,22.99,316.33
1664,2024-01-22 16:26:53,Bulk,14,Work Gloves,Ranch_Supplies,1,6.99,6.99,316.33
1664,2024-01-22 16:26:53,Bulk,28,Leather Saddlebag,Leather_Goods,2,59.99,119.98,316.33
1664,2024-01-22 16:26:53,Bulk,2,Campfire Chili,Cowboy_Food,1,3.99,3.99,316.33
1664,2024-01-22 16:26:53,Bulk,30,Leather Journal,Leather_Goods,1,14.99,14.99,316.33
1664,2024-01-22 16:26:53,Bulk,4,Trail Beef Jerky,Cowboy_Food,2,5.99,11.98,316.33
1664,2024-01-22 16:26:53,Bulk,12,Horse Feed Sack,Ranch_Supplies,1,19.99,19.99,316.33
1664,2024-01-22 16:26:53,Bulk,19,Cowboy Hat,Western_Apparel,1,34.99,34.99,316.33
1664,2024-01-22 16:26:53,Bulk,27,Bull Rope Rosin,Rodeo_Gear,1,7.49,7.49,316.33
1664,2024-01-22 16:26:53,Bulk,9,Dried Apple Slices,Cowboy_Food,1,4.99,4.99,316.33
1664,2024-01-22 16:26:53,Bulk,11,Lasso Rope,Ranch_Supplies,1,14.99,14.99,316.33
1665,2024-01-23 18:29:37,Casual,26,Rodeo Rope,Rodeo_Gear,1,18.99,18.99,106.95
1665,2024-01-23 18:29:37,Casual,16,Hay Bale Twine,Ranch_Supplies,1,5.99,5.99,106.95
1665,2024-01-23 18:29:37,Casual,11,Lasso Rope,Ranch_Supplies,1,14.99,14.99,106.95
1665,2024-01-23 18:29:37,Casual,14,Work Gloves,Ranch_Supplies,1,6.99,6.99,106.95
1665,2024-01-23 18:29:37,Casual,28,Leather Saddlebag,Leather_Goods,1,59.99,59.99,106.95
1666,2024-01-23 11:11:56,Casual,9,Dried Apple Slices,Cowboy_Food,1,4.99,4.99,34.98
1666,2024-01-23 11:11:56,Casual,22,Flannel Shirt,Western_Apparel,1,29.99,29.99,34.98
1667,2024-01-23 18:10:04,Bulk,2,Campfire Chili,Cowboy_Food,2,3.99,7.98,137.92
1667,2024-01-23 18:10:04,Bulk,28,Leather Saddlebag,Leather_Goods,1,59.99,59.99,137.92
1667,2024-01-23 18:10:04,Bulk,4,Trail Beef Jerky,Cowboy_Food,1,5.99,5.99,137.92
1667,2024-01-23 18:10:04,Bulk,30,Leather Journal,Leather_Goods,1,14.99,14.99,137.92
1667,2024-01-23 18:10:04,Bulk,24,Denim Vest,Western_Apparel,1,39.99,39.99,137.92
1667,2024-01-23 18:10:04,Bulk,3,Smoky BBQ Sauce,Cowboy_Food,2,4.49,8.98,137.92
1668,2024-01-23 15:46:23,Casual,18,Branding Iron,Ranch_Supplies,1,24.99,24.99,47.98
1668,2024-01-23 15:46:23,Casual,25,Riding Spurs,Rodeo_Gear,1,22.99,22.99,47.98
1669,2024-01-23 17:46:29,Casual,1,Chuckwagon Beans,Cowboy_Food,1,2.99,2.99,60.45
1669,2024-01-23 17:46:29,Casual,29,Leather Wallet,Leather_Goods,1,24.99,24.99,60.45
1669,2024-01-23 17:46:29,Casual,12,Horse Feed Sack,Ranch_Supplies,1,19.99,19.99,60.45
1669,2024-01-23 17:46:29,Casual,6,Campfire Coffee,Cowboy_Food,1,7.99,7.99,60.45
1669,2024-01-23 17:46:29,Casual,3,Smoky BBQ Sauce,Cowboy_Food,1,4.49,4.49,60.45
1670,2024-01-23 10:59:41,Bulk,19,Cowboy Hat,Western_Apparel,1,34.99,34.99,221.84
1670,2024-01-23 10:59:41,Bulk,4,Trail Beef Jerky,Cowboy_Food,1,5.99,5.99,221.84
1670,2024-01-23 10:59:41,Bulk,21,Red Bandana,Western_Apparel,2,4.99,9.98,221.84
1670,2024-01-23 10:59:41,Bulk,14,Work Gloves,Ranch_Supplies,2,6.99,13.98,221.84
1670,2024-01-23 10:59:41,Bulk,30,Leather Journal,Leather_Goods,1,14.99,14.99,221.84
1670,2024-01-23 10:59:41,Bulk,8,Hardtack Biscuits,Cowboy_Food,1,2.49,2.49,221.84
1670,2024-01-23 10:59:41,Bulk,2,Campfire Chili,Cowboy_Food,2,3.99,7.98,221.84
1670,2024-01-23 10:59:41,Bulk,1,Chuckwagon Beans,Cowboy_Food,1,2.99,2.99,221.84
1670,2024-01-23 10:59:41,Bulk,9,Dried Apple Slices,Cowboy_Food,1,4.99,4.99,221.84
1670,2024-01-23 10:59:41,Bulk,16,Hay Bale Twine,Ranch_Supplies,1,5.99,5.99,221.84
1670,2024-01-23 10:59:41,Bulk,27,Bull Rope Rosin,Rodeo_Gear,1,7.49,7.49,221.84
1670,2024-01-23 10:59:41,Bulk,23,Leather Belt,Western_Apparel,1,19.99,19.99,221.84
1670,2024-01-23 10:59:41,Bulk,20,Cowboy Boots,Western_Apparel,1,89.99,89.99,221.84
1671,2024-01-23 16:12:17,Regular,16,Hay Bale Twine,Ranch_Supplies,1,5.99,5.99,26.96
1671,2024-01-23 16:12:17,Regular,13,Saddle Oil,Ranch_Supplies,1,9.99,9.99,26.96
1671,2024-01-23 16:12:17,Regular,3,Smoky BBQ Sauce,Cowboy_Food,1,4.49,4.49,26.96
1671,2024-01-23 16:12:17,Regular,7,Prairie Honey,Cowboy_Food,1,6.49,6.49,26.96
1672,2024-01-23 17:19:17,Regular,8,Hardtack Biscuits,Cowboy_Food,1,2.49,2.49,87.45
1672,2024-01-23 17:19:17,Regular,30,Leather Journal,Leather_Goods,1,14.99,14.99,87.45
1672,2024-01-23 17:19:17,Regular,13,Saddle Oil,Ranch_Supplies,1,9.99,9.99,87.45
1672,2024-01-23 17:19:17,Regular,18,Branding Iron,Ranch_Supplies,1,24.99,24.99,87.45
1672,2024-01-23 17:19:17,Regular,19,Cowboy Hat,Western_Apparel,1,34.99,34.99,87.45
1673,2024-01-23 17:00:54,Regular,18,Branding Iron,Ranch_Supplies,1,24.99,24.99,35.47
1673,2024-01-23 17:00:54,Regular,3,Smoky BBQ Sauce,Cowboy_Food,1,4.49,4.49,35.47
1673,2024-01-23 17:00:54,Regular,4,Trail Beef Jerky,Cowboy_Food,1,5.99,5.99,35.47
1674,2024-01-23 09:28:38,Regular,21,Red Bandana,Western_Apparel,1,4.99,4.99,27.98
1674,2024-01-23 09:28:38,Regular,25,Riding Spurs,Rodeo_Gear,1,22.99,22.99,27.98
1675,2024-01-23 14:55:38,Bulk,9,Dried Apple Slices,Cowboy_Food,2,4.99,9.98,95.44
1675,2024-01-23 14:55:38,Bulk,26,Rodeo Rope,Rodeo_Gear,1,18.99,18.99,95.44
1675,2024-01-23 14:55:38,Bulk,7,Prairie Honey,Cowboy_Food,1,6.49,6.49,95.44
1675,2024-01-23 14:55:38,Bulk,19,Cowboy Hat,Western_Apparel,1,34.99,34.99,95.44
1675,2024-01-23 14:55:38,Bulk,29,Leather Wallet,Leather_Goods,1,24.99,24.99,95.44
1676,2024-01-23 10:57:11,Regular,13,Saddle Oil,Ranch_Supplies,1,9.99,9.99,106.95
1676,2024-01-23 10:57:11,Regular,25,Riding Spurs,Rodeo_Gear,1,22.99,22.99,106.95
1676,2024-01-23 10:57:11,Regular,19,Cowboy Hat,Western_Apparel,1,34.99,34.99,106.95
1676,2024-01-23 10:57:11,Regular,26,Rodeo Rope,Rodeo_Gear,1,18.99,18.99,106.95
1676,2024-01-23 10:57:11,Regular,23,Leather Belt,Western_Apparel,1,19.99,19.99,106.95
1677,2024-01-23 11:16:30,Tourist,22,Flannel Shirt,Western_Apparel,1,29.99,29.99,58.96
1677,2024-01-23 11:16:30,Tourist,2,Campfire Chili,Cowboy_Food,1,3.99,3.99,58.96
1677,2024-01-23 11:16:30,Tourist,11,Lasso Rope,Ranch_Supplies,1,14.99,14.99,58.96
1677,2024-01-23 11:16:30,Tourist,13,Saddle Oil,Ranch_Supplies,1,9.99,9.99,58.96
1678,2024-01-23 16:33:25,Regular,2,Campfire Chili,Cowboy_Food,1,3.99,3.99,104.94
1678,2024-01-23 16:33:25,Regular,21,Red Bandana,Western_Apparel,1,4.99,4.99,104.94
1678,2024-01-23 16:33:25,Regular,4,Trail Beef Jerky,Cowboy_Food,1,5.99,5.99,104.94
1678,2024-01-23 16:33:25,Regular,29,Leather Wallet,Leather_Goods,1,24.99,24.99,104.94
1678,2024-01-23 16:33:25,Regular,18,Branding Iron,Ranch_Supplies,1,24.99,24.99,104.94
1678,2024-01-23 16:33:25,Regular,24,Denim Vest,Western_Apparel,1,39.99,39.99,104.94
1679,2024-01-23 18:16:37,Bulk,23,Leather Belt,Western_Apparel,1,19.99,19.99,193.85
1679,2024-01-23 18:16:37,Bulk,6,Campfire Coffee,Cowboy_Food,2,7.99,15.98,193.85
1679,2024-01-23 18:16:37,Bulk,26,Rodeo Rope,Rodeo_Gear,1,18.99,18.99,193.85
1679,2024-01-23 18:16:37,Bulk,21,Red Bandana,Western_Apparel,2,4.99,9.98,193.85
1679,2024-01-23 18:16:37,Bulk,22,Flannel Shirt,Western_Apparel,1,29.99,29.99,193.85
1679,2024-01-23 18:16:37,Bulk,3,Smoky BBQ Sauce,Cowboy_Food,1,4.49,4.49,193.85
1679,2024-01-23 18:16:37,Bulk,2,Campfire Chili,Cowboy_Food,1,3.99,3.99,193.85
1679,2024-01-23 18:16:37,Bulk,19,Cowboy Hat,Western_Apparel,1,34.99,34.99,193.85
1679,2024-01-23 18:16:37,Bulk,4,Trail Beef Jerky,Cowboy_Food,1,5.99,5.99,193.85
1679,2024-01-23 18:16:37,Bulk,30,Leather Journal,Leather_Goods,1,14.99,14.99,193.85
1679,2024-01-23 18:16:37,Bulk,29,Leather Wallet,Leather_Goods,1,24.99,24.99,193.85
1679,2024-01-23 18:16:37,Bulk,1,Chuckwagon Beans,Cowboy_Food,1,2.99,2.99,193.85
1679,2024-01-23 18:16:37,Bulk,7,Prairie Honey,Cowboy_Food,1,6.49,6.49,193.85
1680,2024-01-23 16:10:55,Regular,24,Denim Vest,Western_Apparel,2,39.99,79.98,276.43
1680,2024-01-23 16:10:55,Regular,28,Leather Saddlebag,Leather_Goods,1,59.99,59.99,276.43
1680,2024-01-23 16:10:55,Regular,11,Lasso Rope,Ranch_Supplies,1,14.99,14.99,276.43
1680,2024-01-23 16:10:55,Regular,25,Riding Spurs,Rodeo_Gear,1,22.99,22.99,276.43
1680,2024-01-23 16:10:55,Regular,20,Cowboy Boots,Western_Apparel,1,89.99,89.99,276.43
1680,2024-01-23 16:10:55,Regular,17,Stock Tank Float,Ranch_Supplies,1,8.49,8.49,276.43
1681,2024-01-23 10:50:16,Casual,21,Red Bandana,Western_Apparel,1,4.99,4.99,4.99
1682,2024-01-23 12:01:48,Regular,25,Riding Spurs,Rodeo_Gear,2,22.99,45.98,63.46
1682,2024-01-23 12:01:48,Regular,17,Stock Tank Float,Ranch_Supplies,1,8.49,8.49,63.46
1682,2024-01-23 12:01:48,Regular,10,Smoked Sausage Links,Cowboy_Food,1,8.99,8.99,63.46
1683,2024-01-23 13:52:38,Bulk,15,Fence Wire (50ft),Ranch_Supplies,3,12.99,38.97,145.87
1683,2024-01-23 13:52:38,Bulk,21,Red Bandana,Western_Apparel,1,4.99,4.99,145.87
1683,2024-01-23 13:52:38,Bulk,1,Chuckwagon Beans,Cowboy_Food,2,2.99,5.98,145.87
1683,2024-01-23 13:52:38,Bulk,14,Work Gloves,Ranch_Supplies,1,6.99,6.99,145.87
1683,2024-01-23 13:52:38,Bulk,8,Hardtack Biscuits,Cowboy_Food,1,2.49,2.49,145.87
1683,2024-01-23 13:52:38,Bulk,3,Smoky BBQ Sauce,Cowboy_Food,1,4.49,4.49,145.87
1683,2024-01-23 13:52:38,Bulk,24,Denim Vest,Western_Apparel,1,39.99,39.99,145.87
1683,2024-01-23 13:52:38,Bulk,5,Cornbread Mix,Cowboy_Food,1,3.49,3.49,145.87
1683,2024-01-23 13:52:38,Bulk,22,Flannel Shirt,Western_Apparel,1,29.99,29.99,145.87
1683,2024-01-23 13:52:38,Bulk,17,Stock Tank Float,Ranch_Supplies,1,8.49,8.49,145.87
1684,2024-01-23 11:03:29,Bulk,26,Rodeo Rope,Rodeo_Gear,1,18.99,18.99,143.94
1684,2024-01-23 11:03:29,Bulk,5,Cornbread Mix,Cowboy_Food,1,3.49,3.49,143.94
1684,2024-01-23 11:03:29,Bulk,8,Hardtack Biscuits,Cowboy_Food,1,2.49,2.49,143.94
1684,2024-01-23 11:03:29,Bulk,20,Cowboy Boots,Western_Apparel,1,89.99,89.99,143.94
1684,2024-01-23 11:03:29,Bulk,2,Campfire Chili,Cowboy_Food,1,3.99,3.99,143.94
1684,2024-01-23 11:03:29,Bulk,29,Leather Wallet,Leather_Goods,1,24.99,24.99,143.94
1685,2024-01-23 17:22:57,Bulk,29,Leather Wallet,Leather_Goods,1,24.99,24.99,84.94
1685,2024-01-23 17:22:57,Bulk,4,Trail Beef Jerky,Cowboy_Food,2,5.99,11.98,84.94
1685,2024-01-23 17:22:57,Bulk,2,Campfire Chili,Cowboy_Food,2,3.99,7.98,84.94
1685,2024-01-23 17:22:57,Bulk,24,Denim Vest,Western_Apparel,1,39.99,39.99,84.94
1686,2024-01-23 11:37:08,Bulk,19,Cowboy Hat,Western_Apparel,1,34.99,34.99,118.94
1686,2024-01-23 11:37:08,Bulk,22,Flannel Shirt,Western_Apparel,2,29.99,59.98,118.94
1686,2024-01-23 11:37:08,Bulk,10,Smoked Sausage Links,Cowboy_Food,2,8.99,17.98,118.94
1686,2024-01-23 11:37:08,Bulk,4,Trail Beef Jerky,Cowboy_Food,1,5.99,5.99,118.94
1687,2024-01-23 11:05:40,Casual,5,Cornbread Mix,Cowboy_Food,1,3.49,3.49,33.44
1687,2024-01-23 11:05:40,Casual,3,Smoky BBQ Sauce,Cowboy_Food,1,4.49,4.49,33.44
1687,2024-01-23 11:05:40,Casual,8,Hardtack Biscuits,Cowboy_Food,1,2.49,2.49,33.44
1687,2024-01-23 11:05:40,Casual,10,Smoked Sausage Links,Cowboy_Food,2,8.99,17.98,33.44
1687,2024-01-23 11:05:40,Casual,21,Red Bandana,Western_Apparel,1,4.99,4.99,33.44
1688,2024-01-23 16:39:23,Casual,7,Prairie Honey,Cowboy_Food,1,6.49,6.49,10.98
1688,2024-01-23 16:39:23,Casual,3,Smoky BBQ Sauce,Cowboy_Food,1,4.49,4.49,10.98
1689,2024-01-23 11:03:40,Regular,14,Work Gloves,Ranch_Supplies,1,6.99,6.99,35.96
1689,2024-01-23 11:03:40,Regular,10,Smoked Sausage Links,Cowboy_Food,1,8.99,8.99,35.96
1689,2024-01-23 11:03:40,Regular,9,Dried Apple Slices,Cowboy_Food,1,4.99,4.99,35.96
1689,2024-01-23 11:03:40,Regular,30,Leather Journal,Leather_Goods,1,14.99,14.99,35.96
1690,2024-01-23 14:25:08,Tourist,28,Leather Saddlebag,Leather_Goods,1,59.99,59.99,210.93
1690,2024-01-23 14:25:08,Tourist,8,Hardtack Biscuits,Cowboy_Food,1,2.49,2.49,210.93
1690,2024-01-23 14:25:08,Tourist,4,Trail Beef Jerky,Cowboy_Food,1,5.99,5.99,210.93
1690,2024-01-23 14:25:08,Tourist,24,Denim Vest,Western_Apparel,1,39.99,39.99,210.93
1690,2024-01-23 14:25:08,Tourist,6,Campfire Coffee,Cowboy_Food,1,7.99,7.99,210.93
1690,2024-01-23 14:25:08,Tourist,3,Smoky BBQ Sauce,Cowboy_Food,1,4.49,4.49,210.93
1690,2024-01-23 14:25:08,Tourist,20,Cowboy Boots,Western_Apparel,1,89.99,89.99,210.93
1691,2024-01-23 15:26:44,Regular,15,Fence Wire (50ft),Ranch_Supplies,1,12.99,12.99,58.96
1691,2024-01-23 15:26:44,Regular,16,Hay Bale Twine,Ranch_Supplies,1,5.99,5.99,58.96
1691,2024-01-23 15:26:44,Regular,22,Flannel Shirt,Western_Apparel,1,29.99,29.99,58.96
1691,2024-01-23 15:26:44,Regular,13,Saddle Oil,Ranch_Supplies,1,9.99,9.99,58.96
1692,2024-01-23 10:37:04,Regular,3,Smoky BBQ Sauce,Cowboy_Food,1,4.49,4.49,96.46
1692,2024-01-23 10:37:04,Regular,10,Smoked Sausage Links,Cowboy_Food,1,8.99,8.99,96.46
1692,2024-01-23 10:37:04,Regular,28,Leather Saddlebag,Leather_Goods,1,59.99,59.99,96.46
1692,2024-01-23 10:37:04,Regular,25,Riding Spurs,Rodeo_Gear,1,22.99,22.99,96.46
1693,2024-01-23 15:42:20,Regular,19,Cowboy Hat,Western_Apparel,2,34.99,69.98,259.88
1693,2024-01-23 15:42:20,Regular,7,Prairie Honey,Cowboy_Food,2,6.49,12.98,259.88
1693,2024-01-23 15:42:20,Regular,24,Denim Vest,Western_Apparel,1,39.99,39.99,259.88
1693,2024-01-23 15:42:20,Regular,21,Red Bandana,Western_Apparel,1,4.99,4.99,259.88
1693,2024-01-23 15:42:20,Regular,11,Lasso Rope,Ranch_Supplies,1,14.99,14.99,259.88
1693,2024-01-23 15:42:20,Regular,9,Dried Apple Slices,Cowboy_Food,1,4.99,4.99,259.88
1693,2024-01-23 15:42:20,Regular,4,Trail Beef Jerky,Cowboy_Food,1,5.99,5.99,259.88
1693,2024-01-23 15:42:20,Regular,6,Campfire Coffee,Cowboy_Food,2,7.99,15.98,259.88
1693,2024-01-23 15:42:20,Regular,20,Cowboy Boots,Western_Apparel,1,89.99,89.99,259.88
1694,2024-01-23 15:10:54,Regular,13,Saddle Oil,Ranch_Supplies,1,9.99,9.99,25.47
1694,2024-01-23 15:10:54,Regular,27,Bull Rope Rosin,Rodeo_Gear,1,7.49,7.49,25.47
1694,2024-01-23 15:10:54,Regular,6,Campfire Coffee,Cowboy_Food,1,7.99,7.99,25.47
1695,2024-01-23 16:21:37,Regular,2,Campfire Chili,Cowboy_Food,1,3.99,3.99,174.93
1695,2024-01-23 16:21:37,Regular,5,Cornbread Mix,Cowboy_Food,1,3.49,3.49,174.93
1695,2024-01-23 16:21:37,Regular,22,Flannel Shirt,Western_Apparel,1,29.99,29.99,174.93
1695,2024-01-23 16:21:37,Regular,20,Cowboy Boots,Western_Apparel,1,89.99,89.99,174.93
1695,2024-01-23 16:21:37,Regular,27,Bull Rope Rosin,Rodeo_Gear,1,7.49,7.49,174.93
1695,2024-01-23 16:21:37,Regular,9,Dried Apple Slices,Cowboy_Food,1,4.99,4.99,174.93
1695,2024-01-23 16:21:37,Regular,19,Cowboy Hat,Western_Apparel,1,34.99,34.99,174.93
1696,2024-01-23 11:49:29,Casual,2,Campfire Chili,Cowboy_Food,1,3.99,3.99,89.96
1696,2024-01-23 11:49:29,Casual,24,Denim Vest,Western_Apparel,2,39.99,79.98,89.96
1696,2024-01-23 11:49:29,Casual,4,Trail Beef Jerky,Cowboy_Food,1,5.99,5.99,89.96
1697,2024-01-23 13:25:19,Bulk,18,Branding Iron,Ranch_Supplies,1,24.99,24.99,75.45
1697,2024-01-23 13:25:19,Bulk,9,Dried Apple Slices,Cowboy_Food,1,4.99,4.99,75.45
1697,2024-01-23 13:25:19,Bulk,16,Hay Bale Twine,Ranch_Supplies,1,5.99,5.99,75.45
1697,2024-01-23 13:25:19,Bulk,19,Cowboy Hat,Western_Apparel,1,34.99,34.99,75.45
1697,2024-01-23 13:25:19,Bulk,3,Smoky BBQ Sauce,Cowboy_Food,1,4.49,4.49,75.45
1698,2024-01-23 16:18:05,Tourist,2,Campfire Chili,Cowboy_Food,1,3.99,3.99,3.99
1699,2024-01-23 10:03:06,Regular,3,Smoky BBQ Sauce,Cowboy_Food,1,4.49,4.49,55.45
1699,2024-01-23 10:03:06,Regular,30,Leather Journal,Leather_Goods,1,14.99,14.99,55.45
1699,2024-01-23 10:03:06,Regular,13,Saddle Oil,Ranch_Supplies,1,9.99,9.99,55.45
1699,2024-01-23 10:03:06,Regular,1,Chuckwagon Beans,Cowboy_Food,1,2.99,2.99,55.45
1699,2024-01-23 10:03:06,Regular,25,Riding Spurs,Rodeo_Gear,1,22.99,22.99,55.45
1700,2024-01-23 10:58:43,Bulk,25,Riding Spurs,Rodeo_Gear,1,22.99,22.99,206.85
1700,2024-01-23 10:58:43,Bulk,15,Fence Wire (50ft),Ranch_Supplies,2,12.99,25.98,206.85
1700,2024-01-23 10:58:43,Bulk,7,Prairie Honey,Cowboy_Food,2,6.49,12.98,206.85
1700,2024-01-23 10:58:43,Bulk,1,Chuckwagon Beans,Cowboy_Food,1,2.99,2.99,206.85
1700,2024-01-23 10:58:43,Bulk,10,Smoked Sausage Links,Cowboy_Food,1,8.99,8.99,206.85
1700,2024-01-23 10:58:43,Bulk,3,Smoky BBQ Sauce,Cowboy_Food,2,4.49,8.98,206.85
1700,2024-01-23 10:58:43,Bulk,2,Campfire Chili,Cowboy_Food,1,3.99,3.99,206.85
1700,2024-01-23 10:58:43,Bulk,13,Saddle Oil,Ranch_Supplies,1,9.99,9.99,206.85
1700,2024-01-23 10:58:43,Bulk,29,Leather Wallet,Leather_Goods,1,24.99,24.99,206.85
1700,2024-01-23 10:58:43,Bulk,24,Denim Vest,Western_Apparel,1,39.99,39.99,206.85
1700,2024-01-23 10:58:43,Bulk,11,Lasso Rope,Ranch_Supplies,1,14.99,14.99,206.85
1700,2024-01-23 10:58:43,Bulk,22,Flannel Shirt,Western_Apparel,1,29.99,29.99,206.85
1701,2024-01-23 12:24:16,Regular,5,Cornbread Mix,Cowboy_Food,1,3.49,3.49,108.47
1701,2024-01-23 12:24:16,Regular,11,Lasso Rope,Ranch_Supplies,1,14.99,14.99,108.47
1701,2024-01-23 12:24:16,Regular,20,Cowboy Boots,Western_Apparel,1,89.99,89.99,108.47
1702,2024-01-23 10:53:04,Regular,27,Bull Rope Rosin,Rodeo_Gear,1,7.49,7.49,47.48
1702,2024-01-23 10:53:04,Regular,24,Denim Vest,Western_Apparel,1,39.99,39.99,47.48
1703,2024-01-23 10:07:26,Regular,19,Cowboy Hat,Western_Apparel,2,34.99,69.98,129.93
1703,2024-01-23 10:07:26,Regular,23,Leather Belt,Western_Apparel,1,19.99,19.99,129.93
1703,2024-01-23 10:07:26,Regular,9,Dried Apple Slices,Cowboy_Food,1,4.99,4.99,129.93
1703,2024-01-23 10:07:26,Regular,15,Fence Wire (50ft),Ranch_Supplies,1,12.99,12.99,129.93
1703,2024-01-23 10:07:26,Regular,14,Work Gloves,Ranch_Supplies,1,6.99,6.99,129.93
1703,2024-01-23 10:07:26,Regular,30,Leather Journal,Leather_Goods,1,14.99,14.99,129.93
1704,2024-01-23 18:43:23,Bulk,4,Trail Beef Jerky,Cowboy_Food,2,5.99,11.98,95.93
1704,2024-01-23 18:43:23,Bulk,1,Chuckwagon Beans,Cowboy_Food,1,2.99,2.99,95.93
1704,2024-01-23 18:43:23,Bulk,11,Lasso Rope,Ranch_Supplies,1,14.99,14.99,95.93
1704,2024-01-23 18:43:23,Bulk,16,Hay Bale Twine,Ranch_Supplies,1,5.99,5.99,95.93
1704,2024-01-23 18:43:23,Bulk,19,Cowboy Hat,Western_Apparel,1,34.99,34.99,95.93
1704,2024-01-23 18:43:23,Bulk,29,Leather Wallet,Leather_Goods,1,24.99,24.99,95.93
1705,2024-01-23 14:57:57,Casual,25,Riding Spurs,Rodeo_Gear,1,22.99,22.99,112.98
1705,2024-01-23 14:57:57,Casual,20,Cowboy Boots,Western_Apparel,1,89.99,89.99,112.98
1706,2024-01-23 15:34:13,Regular,2,Campfire Chili,Cowboy_Food,1,3.99,3.99,43.97
1706,2024-01-23 15:34:13,Regular,19,Cowboy Hat,Western_Apparel,1,34.99,34.99,43.97
1706,2024-01-23 15:34:13,Regular,21,Red Bandana,Western_Apparel,1,4.99,4.99,43.97
1707,2024-01-23 12:07:16,Regular,20,Cowboy Boots,Western_Apparel,2,89.99,179.98,291.37
1707,2024-01-23 12:07:16,Regular,13,Saddle Oil,Ranch_Supplies,1,9.99,9.99,291.37
1707,2024-01-23 12:07:16,Regular,2,Campfire Chili,Cowboy_Food,1,3.99,3.99,291.37
1707,2024-01-23 12:07:16,Regular,14,Work Gloves,Ranch_Supplies,1,6.99,6.99,291.37
1707,2024-01-23 12:07:16,Regular,25,Riding Spurs,Rodeo_Gear,1,22.99,22.99,291.37
1707,2024-01-23 12:07:16,Regular,5,Cornbread Mix,Cowboy_Food,1,3.49,3.49,291.37
1707,2024-01-23 12:07:16,Regular,1,Chuckwagon Beans,Cowboy_Food,1,2.99,2.99,291.37
1707,2024-01-23 12:07:16,Regular,4,Trail Beef Jerky,Cowboy_Food,1,5.99,5.99,291.37
1707,2024-01-23 12:07:16,Regular,7,Prairie Honey,Cowboy_Food,1,6.49,6.49,291.37
1707,2024-01-23 12:07:16,Regular,19,Cowboy Hat,Western_Apparel,1,34.99,34.99,291.37
1707,2024-01-23 12:07:16,Regular,10,Smoked Sausage Links,Cowboy_Food,1,8.99,8.99,291.37
1707,2024-01-23 12:07:16,Regular,3,Smoky BBQ Sauce,Cowboy_Food,1,4.49,4.49,291.37
1708,2024-01-23 09:23:09,Regular,1,Chuckwagon Beans,Cowboy_Food,1,2.99,2.99,103.43
1708,2024-01-23 09:23:09,Regular,29,Leather Wallet,Leather_Goods,1,24.99,24.99,103.43
1708,2024-01-23 09:23:09,Regular,8,Hardtack Biscuits,Cowboy_Food,1,2.49,2.49,103.43
1708,2024-01-23 09:23:09,Regular,24,Denim Vest,Western_Apparel,1,39.99,39.99,103.43
1708,2024-01-23 09:23:09,Regular,2,Campfire Chili,Cowboy_Food,1,3.99,3.99,103.43
1708,2024-01-23 09:23:09,Regular,4,Trail Beef Jerky,Cowboy_Food,1,5.99,5.99,103.43
1708,2024-01-23 09:23:09,Regular,25,Riding Spurs,Rodeo_Gear,1,22.99,22.99,103.43
1709,2024-01-23 16:48:11,Regular,15,Fence Wire (50ft),Ranch_Supplies,1,12.99,12.99,27.98
1709,2024-01-23 16:48:11,Regular,11,Lasso Rope,Ranch_Supplies,1,14.99,14.99,27.98
1710,2024-01-23 16:39:32,Bulk,9,Dried Apple Slices,Cowboy_Food,1,4.99,4.99,71.43
1710,2024-01-23 16:39:32,Bulk,4,Trail Beef Jerky,Cowboy_Food,1,5.99,5.99,71.43
1710,2024-01-23 16:39:32,Bulk,15,Fence Wire (50ft),Ranch_Supplies,1,12.99,12.99,71.43
1710,2024-01-23 16:39:32,Bulk,10,Smoked Sausage Links,Cowboy_Food,2,8.99,17.98,71.43
1710,2024-01-23 16:39:32,Bulk,18,Branding Iron,Ranch_Supplies,1,24.99,24.99,71.43
1710,2024-01-23 16:39:32,Bulk,3,Smoky BBQ Sauce,Cowboy_Food,1,4.49,4.49,71.43
1711,2024-01-23 18:28:13,Bulk,18,Branding Iron,Ranch_Supplies,1,24.99,24.99,194.37
1711,2024-01-23 18:28:13,Bulk,23,Leather Belt,Western_Apparel,2,19.99,39.98,194.37
1711,2024-01-23 18:28:13,Bulk,19,Cowboy Hat,Western_Apparel,1,34.99,34.99,194.37
1711,2024-01-23 18:28:13,Bulk,4,Trail Beef Jerky,Cowboy_Food,1,5.99,5.99,194.37
1711,2024-01-23 18:28:13,Bulk,30,Leather Journal,Leather_Goods,1,14.99,14.99,194.37
1711,2024-01-23 18:28:13,Bulk,5,Cornbread Mix,Cowboy_Food,2,3.49,6.98,194.37
1711,2024-01-23 18:28:13,Bulk,7,Prairie Honey,Cowboy_Food,1,6.49,6.49,194.37
1711,2024-01-23 18:28:13,Bulk,14,Work Gloves,Ranch_Supplies,1,6.99,6.99,194.37
1711,2024-01-23 18:28:13,Bulk,1,Chuckwagon Beans,Cowboy_Food,1,2.99,2.99,194.37
1711,2024-01-23 18:28:13,Bulk,12,Horse Feed Sack,Ranch_Supplies,1,19.99,19.99,194.37
1711,2024-01-23 18:28:13,Bulk,22,Flannel Shirt,Western_Apparel,1,29.99,29.99,194.37
1712,2024-01-23 09:46:43,Casual,24,Denim Vest,Western_Apparel,1,39.99,39.99,46.98
1712,2024-01-23 09:46:43,Casual,14,Work Gloves,Ranch_Supplies,1,6.99,6.99,46.98
1713,2024-01-23 11:09:49,Tourist,15,Fence Wire (50ft),Ranch_Supplies,1,12.99,12.99,146.91
1713,2024-01-23 11:09:49,Tourist,20,Cowboy Boots,Western_Apparel,1,89.99,89.99,146.91
1713,2024-01-23 11:09:49,Tourist,6,Campfire Coffee,Cowboy_Food,1,7.99,7.99,146.91
1713,2024-01-23 11:09:49,Tourist,8,Hardtack Biscuits,Cowboy_Food,1,2.49,2.49,146.91
1713,2024-01-23 11:09:49,Tourist,10,Smoked Sausage Links,Cowboy_Food,1,8.99,8.99,146.91
1713,2024-01-23 11:09:49,Tourist,17,Stock Tank Float,Ranch_Supplies,1,8.49,8.49,146.91
1713,2024-01-23 11:09:49,Tourist,7,Prairie Honey,Cowboy_Food,1,6.49,6.49,146.91
1713,2024-01-23 11:09:49,Tourist,5,Cornbread Mix,Cowboy_Food,1,3.49,3.49,146.91
1713,2024-01-23 11:09:49,Tourist,4,Trail Beef Jerky,Cowboy_Food,1,5.99,5.99,146.91
1714,2024-01-23 16:35:29,Regular,15,Fence Wire (50ft),Ranch_Supplies,1,12.99,12.99,90.95
1714,2024-01-23 16:35:29,Regular,21,Red Bandana,Western_Apparel,1,4.99,4.99,90.95
1714,2024-01-23 16:35:29,Regular,6,Campfire Coffee,Cowboy_Food,1,7.99,7.99,90.95
1714,2024-01-23 16:35:29,Regular,28,Leather Saddlebag,Leather_Goods,1,59.99,59.99,90.95
1714,2024-01-23 16:35:29,Regular,9,Dried Apple Slices,Cowboy_Food,1,4.99,4.99,90.95
1715,2024-01-23 12:58:14,Tourist,11,Lasso Rope,Ranch_Supplies,1,14.99,14.99,167.9
1715,2024-01-23 12:58:14,Tourist,5,Cornbread Mix,Cowboy_Food,1,3.49,3.49,167.9
1715,2024-01-23 12:58:14,Tourist,13,Saddle Oil,Ranch_Supplies,1,9.99,9.99,167.9
1715,2024-01-23 12:58:14,Tourist,29,Leather Wallet,Leather_Goods,1,24.99,24.99,167.9
1715,2024-01-23 12:58:14,Tourist,8,Hardtack Biscuits,Cowboy_Food,2,2.49,4.98,167.9
1715,2024-01-23 12:58:14,Tourist,7,Prairie Honey,Cowboy_Food,1,6.49,6.49,167.9
1715,2024-01-23 12:58:14,Tourist,4,Trail Beef Jerky,Cowboy_Food,1,5.99,5.99,167.9
1715,2024-01-23 12:58:14,Tourist,14,Work Gloves,Ranch_Supplies,1,6.99,6.99,167.9
1715,2024-01-23 12:58:14,Tourist,20,Cowboy Boots,Western_Apparel,1,89.99,89.99,167.9
1716,2024-01-23 10:26:49,Casual,1,Chuckwagon Beans,Cowboy_Food,1,2.99,2.99,2.99
1717,2024-01-23 12:35:57,Regular,11,Lasso Rope,Ranch_Supplies,1,14.99,14.99,96.4
1717,2024-01-23 12:35:57,Regular,14,Work Gloves,Ranch_Supplies,2,6.99,13.98,96.4
1717,2024-01-23 12:35:57,Regular,30,Leather Journal,Leather_Goods,1,14.99,14.99,96.4
1717,2024-01-23 12:35:57,Regular,1,Chuckwagon Beans,Cowboy_Food,2,2.99,5.98,96.4
1717,2024-01-23 12:35:57,Regular,17,Stock Tank Float,Ranch_Supplies,1,8.49,8.49,96.4
1717,2024-01-23 12:35:57,Regular,15,Fence Wire (50ft),Ranch_Supplies,1,12.99,12.99,96.4
1717,2024-01-23 12:35:57,Regular,9,Dried Apple Slices,Cowboy_Food,1,4.99,4.99,96.4
1717,2024-01-23 12:35:57,Regular,12,Horse Feed Sack,Ranch_Supplies,1,19.99,19.99,96.4
1718,2024-01-23 10:42:55,Casual,25,Riding Spurs,Rodeo_Gear,1,22.99,22.99,22.99
1719,2024-01-23 17:18:55,Regular,4,Trail Beef Jerky,Cowboy_Food,2,5.99,11.98,14.97
1719,2024-01-23 17:18:55,Regular,1,Chuckwagon Beans,Cowboy_Food,1,2.99,2.99,14.97
1720,2024-01-23 17:33:48,Casual,4,Trail Beef Jerky,Cowboy_Food,1,5.99,5.99,38.46
1720,2024-01-23 17:33:48,Casual,3,Smoky BBQ Sauce,Cowboy_Food,1,4.49,4.49,38.46
1720,2024-01-23 17:33:48,Casual,25,Riding Spurs,Rodeo_Gear,1,22.99,22.99,38.46
1720,2024-01-23 17:33:48,Casual,21,Red Bandana,Western_Apparel,1,4.99,4.99,38.46
1721,2024-01-23 16:11:44,Casual,9,Dried Apple Slices,Cowboy_Food,1,4.99,4.99,76.43
1721,2024-01-23 16:11:44,Casual,3,Smoky BBQ Sauce,Cowboy_Food,1,4.49,4.49,76.43
1721,2024-01-23 16:11:44,Casual,1,Chuckwagon Beans,Cowboy_Food,1,2.99,2.99,76.43
1721,2024-01-23 16:11:44,Casual,18,Branding Iron,Ranch_Supplies,2,24.99,49.98,76.43
1721,2024-01-23 16:11:44,Casual,6,Campfire Coffee,Cowboy_Food,1,7.99,7.99,76.43
1721,2024-01-23 16:11:44,Casual,4,Trail Beef Jerky,Cowboy_Food,1,5.99,5.99,76.43
1722,2024-01-23 14:00:57,Casual,30,Leather Journal,Leather_Goods,1,14.99,14.99,113.97
1722,2024-01-23 14:00:57,Casual,10,Smoked Sausage Links,Cowboy_Food,1,8.99,8.99,113.97
1722,2024-01-23 14:00:57,Casual,20,Cowboy Boots,Western_Apparel,1,89.99,89.99,113.97
1723,2024-01-23 16:54:20,Casual,16,Hay Bale Twine,Ranch_Supplies,1,5.99,5.99,143.42
1723,2024-01-23 16:54:20,Casual,29,Leather Wallet,Leather_Goods,1,24.99,24.99,143.42
1723,2024-01-23 16:54:20,Casual,26,Rodeo Rope,Rodeo_Gear,1,18.99,18.99,143.42
1723,2024-01-23 16:54:20,Casual,19,Cowboy Hat,Western_Apparel,1,34.99,34.99,143.42
1723,2024-01-23 16:54:20,Casual,5,Cornbread Mix,Cowboy_Food,1,3.49,3.49,143.42
1723,2024-01-23 16:54:20,Casual,10,Smoked Sausage Links,Cowboy_Food,1,8.99,8.99,143.42
1723,2024-01-23 16:54:20,Casual,4,Trail Beef Jerky,Cowboy_Food,1,5.99,5.99,143.42
1723,2024-01-23 16:54:20,Casual,24,Denim Vest,Western_Apparel,1,39.99,39.99,143.42
1724,2024-01-23 16:09:55,Casual,29,Leather Wallet,Leather_Goods,1,24.99,24.99,24.99
1725,2024-01-23 17:01:01,Regular,4,Trail Beef Jerky,Cowboy_Food,1,5.99,5.99,11.97
1725,2024-01-23 17:01:01,Regular,1,Chuckwagon Beans,Cowboy_Food,2,2.99,5.98,11.97
1726,2024-01-23 15:24:49,Tourist,3,Smoky BBQ Sauce,Cowboy_Food,1,4.49,4.49,4.49
1727,2024-01-23 18:17:20,Bulk,30,Leather Journal,Leather_Goods,2,14.99,29.98,178.39
1727,2024-01-23 18:17:20,Bulk,21,Red Bandana,Western_Apparel,2,4.99,9.98,178.39
1727,2024-01-23 18:17:20,Bulk,18,Branding Iron,Ranch_Supplies,1,24.99,24.99,178.39
1727,2024-01-23 18:17:20,Bulk,8,Hardtack Biscuits,Cowboy_Food,1,2.49,2.49,178.39
1727,2024-01-23 18:17:20,Bulk,23,Leather Belt,Western_Apparel,1,19.99,19.99,178.39
1727,2024-01-23 18:17:20,Bulk,11,Lasso Rope,Ranch_Supplies,1,14.99,14.99,178.39
1727,2024-01-23 18:17:20,Bulk,4,Trail Beef Jerky,Cowboy_Food,1,5.99,5.99,178.39
1727,2024-01-23 18:17:20,Bulk,22,Flannel Shirt,Western_Apparel,1,29.99,29.99,178.39
1727,2024-01-23 18:17:20,Bulk,24,Denim Vest,Western_Apparel,1,39.99,39.99,178.39
1728,2024-01-23 12:28:17,Casual,2,Campfire Chili,Cowboy_Food,1,3.99,3.99,122.46
1728,2024-01-23 12:28:17,Casual,12,Horse Feed Sack,Ranch_Supplies,1,19.99,19.99,122.46
1728,2024-01-23 12:28:17,Casual,17,Stock Tank Float,Ranch_Supplies,1,8.49,8.49,122.46
1728,2024-01-23 12:28:17,Casual,20,Cowboy Boots,Western_Apparel,1,89.99,89.99,122.46
1729,2024-01-23 16:00:40,Casual,19,Cowboy Hat,Western_Apparel,1,34.99,34.99,77.96
1729,2024-01-23 16:00:40,Casual,22,Flannel Shirt,Western_Apparel,1,29.99,29.99,77.96
1729,2024-01-23 16:00:40,Casual,14,Work Gloves,Ranch_Supplies,1,6.99,6.99,77.96
1729,2024-01-23 16:00:40,Casual,4,Trail Beef Jerky,Cowboy_Food,1,5.99,5.99,77.96
1730,2024-01-23 17:07:10,Regular,4,Trail Beef Jerky,Cowboy_Food,1,5.99,5.99,90.95
1730,2024-01-23 17:07:10,Regular,22,Flannel Shirt,Western_Apparel,2,29.99,59.98,90.95
1730,2024-01-23 17:07:10,Regular,23,Leather Belt,Western_Apparel,1,19.99,19.99,90.95
1730,2024-01-23 17:07:10,Regular,21,Red Bandana,Western_Apparel,1,4.99,4.99,90.95
1731,2024-01-23 17:41:59,Regular,19,Cowboy Hat,Western_Apparel,1,34.99,34.99,60.97
1731,2024-01-23 17:41:59,Regular,12,Horse Feed Sack,Ranch_Supplies,1,19.99,19.99,60.97
1731,2024-01-23 17:41:59,Regular,4,Trail Beef Jerky,Cowboy_Food,1,5.99,5.99,60.97
1732,2024-01-24 10:25:43,Bulk,2,Campfire Chili,Cowboy_Food,2,3.99,7.98,19.46
1732,2024-01-24 10:25:43,Bulk,21,Red Bandana,Western_Apparel,1,4.99,4.99,19.46
1732,2024-01-24 10:25:43,Bulk,7,Prairie Honey,Cowboy_Food,1,6.49,6.49,19.46
1733,2024-01-24 17:21:08,Bulk,20,Cowboy Boots,Western_Apparel,1,89.99,89.99,201.92
1733,2024-01-24 17:21:08,Bulk,11,Lasso Rope,Ranch_Supplies,1,14.99,14.99,201.92
1733,2024-01-24 17:21:08,Bulk,22,Flannel Shirt,Western_Apparel,1,29.99,29.99,201.92
1733,2024-01-24 17:21:08,Bulk,4,Trail Beef Jerky,Cowboy_Food,1,5.99,5.99,201.92
1733,2024-01-24 17:21:08,Bulk,18,Branding Iron,Ranch_Supplies,2,24.99,49.98,201.92
1733,2024-01-24 17:21:08,Bulk,1,Chuckwagon Beans,Cowboy_Food,1,2.99,2.99,201.92
1733,2024-01-24 17:21:08,Bulk,6,Campfire Coffee,Cowboy_Food,1,7.99,7.99,201.92
1734,2024-01-24 16:16:36,Casual,4,Trail Beef Jerky,Cowboy_Food,1,5.99,5.99,18.97
1734,2024-01-24 16:16:36,Casual,2,Campfire Chili,Cowboy_Food,1,3.99,3.99,18.97
1734,2024-01-24 16:16:36,Casual,10,Smoked Sausage Links,Cowboy_Food,1,8.99,8.99,18.97
1735,2024-01-24 12:20:20,Regular,14,Work Gloves,Ranch_Supplies,1,6.99,6.99,9.98
1735,2024-01-24 12:20:20,Regular,1,Chuckwagon Beans,Cowboy_Food,1,2.99,2.99,9.98
1736,2024-01-24 16:08:23,Regular,4,Trail Beef Jerky,Cowboy_Food,1,5.99,5.99,43.97
1736,2024-01-24 16:08:23,Regular,25,Riding Spurs,Rodeo_Gear,1,22.99,22.99,43.97
1736,2024-01-24 16:08:23,Regular,11,Lasso Rope,Ranch_Supplies,1,14.99,14.99,43.97
1737,2024-01-24 11:08:12,Bulk,16,Hay Bale Twine,Ranch_Supplies,1,5.99,5.99,129.93
1737,2024-01-24 11:08:12,Bulk,28,Leather Saddlebag,Leather_Goods,1,59.99,59.99,129.93
1737,2024-01-24 11:08:12,Bulk,1,Chuckwagon Beans,Cowboy_Food,1,2.99,2.99,129.93
1737,2024-01-24 11:08:12,Bulk,26,Rodeo Rope,Rodeo_Gear,1,18.99,18.99,129.93
1737,2024-01-24 11:08:12,Bulk,15,Fence Wire (50ft),Ranch_Supplies,1,12.99,12.99,129.93
1737,2024-01-24 11:08:12,Bulk,4,Trail Beef Jerky,Cowboy_Food,1,5.99,5.99,129.93
1737,2024-01-24 11:08:12,Bulk,25,Riding Spurs,Rodeo_Gear,1,22.99,22.99,129.93
1738,2024-01-24 16:34:48,Regular,25,Riding Spurs,Rodeo_Gear,1,22.99,22.99,139.93
1738,2024-01-24 16:34:48,Regular,1,Chuckwagon Beans,Cowboy_Food,1,2.99,2.99,139.93
1738,2024-01-24 16:34:48,Regular,22,Flannel Shirt,Western_Apparel,3,29.99,89.97,139.93
1738,2024-01-24 16:34:48,Regular,10,Smoked Sausage Links,Cowboy_Food,1,8.99,8.99,139.93
1738,2024-01-24 16:34:48,Regular,11,Lasso Rope,Ranch_Supplies,1,14.99,14.99,139.93
1739,2024-01-24 17:45:27,Regular,28,Leather Saddlebag,Leather_Goods,1,59.99,59.99,184.95
1739,2024-01-24 17:45:27,Regular,30,Leather Journal,Leather_Goods,2,14.99,29.98,184.95
1739,2024-01-24 17:45:27,Regular,9,Dried Apple Slices,Cowboy_Food,1,4.99,4.99,184.95
1739,2024-01-24 17:45:27,Regular,20,Cowboy Boots,Western_Apparel,1,89.99,89.99,184.95
1740,2024-01-24 15:29:55,Regular,6,Campfire Coffee,Cowboy_Food,1,7.99,7.99,13.98
1740,2024-01-24 15:29:55,Regular,16,Hay Bale Twine,Ranch_Supplies,1,5.99,5.99,13.98
1741,2024-01-24 18:13:49,Regular,4,Trail Beef Jerky,Cowboy_Food,1,5.99,5.99,43.97
1741,2024-01-24 18:13:49,Regular,25,Riding Spurs,Rodeo_Gear,1,22.99,22.99,43.97
1741,2024-01-24 18:13:49,Regular,11,Lasso Rope,Ranch_Supplies,1,14.99,14.99,43.97
1742,2024-01-24 14:46:45,Regular,15,Fence Wire (50ft),Ranch_Supplies,2,12.99,25.98,56.96
1742,2024-01-24 14:46:45,Regular,18,Branding Iron,Ranch_Supplies,1,24.99,24.99,56.96
1742,2024-01-24 14:46:45,Regular,4,Trail Beef Jerky,Cowboy_Food,1,5.99,5.99,56.96
1743,2024-01-24 17:25:27,Bulk,12,Horse Feed Sack,Ranch_Supplies,1,19.99,19.99,281.88
1743,2024-01-24 17:25:27,Bulk,9,Dried Apple Slices,Cowboy_Food,1,4.99,4.99,281.88
1743,2024-01-24 17:25:27,Bulk,22,Flannel Shirt,Western_Apparel,1,29.99,29.99,281.88
1743,2024-01-24 17:25:27,Bulk,4,Trail Beef Jerky,Cowboy_Food,1,5.99,5.99,281.88
1743,2024-01-24 17:25:27,Bulk,23,Leather Belt,Western_Apparel,1,19.99,19.99,281.88
1743,2024-01-24 17:25:27,Bulk,19,Cowboy Hat,Western_Apparel,1,34.99,34.99,281.88
1743,2024-01-24 17:25:27,Bulk,25,Riding Spurs,Rodeo_Gear,2,22.99,45.98,281.88
1743,2024-01-24 17:25:27,Bulk,30,Leather Journal,Leather_Goods,1,14.99,14.99,281.88
1743,2024-01-24 17:25:27,Bulk,13,Saddle Oil,Ranch_Supplies,1,9.99,9.99,281.88
1743,2024-01-24 17:25:27,Bulk,20,Cowboy Boots,Western_Apparel,1,89.99,89.99,281.88
1743,2024-01-24 17:25:27,Bulk,21,Red Bandana,Western_Apparel,1,4.99,4.99,281.88
1744,2024-01-24 16:55:56,Casual,29,Leather Wallet,Leather_Goods,1,24.99,24.99,31.48
1744,2024-01-24 16:55:56,Casual,7,Prairie Honey,Cowboy_Food,1,6.49,6.49,31.48
1745,2024-01-24 10:42:35,Regular,17,Stock Tank Float,Ranch_Supplies,1,8.49,8.49,36.47
1745,2024-01-24 10:42:35,Regular,12,Horse Feed Sack,Ranch_Supplies,1,19.99,19.99,36.47
1745,2024-01-24 10:42:35,Regular,6,Campfire Coffee,Cowboy_Food,1,7.99,7.99,36.47
1746,2024-01-24 17:50:26,Bulk,21,Red Bandana,Western_Apparel,1,4.99,4.99,219.9
1746,2024-01-24 17:50:26,Bulk,22,Flannel Shirt,Western_Apparel,3,29.99,89.97,219.9
1746,2024-01-24 17:50:26,Bulk,20,Cowboy Boots,Western_Apparel,1,89.99,89.99,219.9
1746,2024-01-24 17:50:26,Bulk,3,Smoky BBQ Sauce,Cowboy_Food,1,4.49,4.49,219.9
1746,2024-01-24 17:50:26,Bulk,7,Prairie Honey,Cowboy_Food,1,6.49,6.49,219.9
1746,2024-01-24 17:50:26,Bulk,4,Trail Beef Jerky,Cowboy_Food,1,5.99,5.99,219.9
1746,2024-01-24 17:50:26,Bulk,30,Leather Journal,Leather_Goods,1,14.99,14.99,219.9
1746,2024-01-24 17:50:26,Bulk,1,Chuckwagon Beans,Cowboy_Food,1,2.99,2.99,219.9
1747,2024-01-24 17:49:20,Tourist,21,Red Bandana,Western_Apparel,1,4.99,4.99,52.96
1747,2024-01-24 17:49:20,Tourist,19,Cowboy Hat,Western_Apparel,1,34.99,34.99,52.96
1747,2024-01-24 17:49:20,Tourist,6,Campfire Coffee,Cowboy_Food,1,7.99,7.99,52.96
1747,2024-01-24 17:49:20,Tourist,9,Dried Apple Slices,Cowboy_Food,1,4.99,4.99,52.96
1748,2024-01-24 13:19:54,Regular,15,Fence Wire (50ft),Ranch_Supplies,1,12.99,12.99,111.42
1748,2024-01-24 13:19:54,Regular,23,Leather Belt,Western_Apparel,2,19.99,39.98,111.42
1748,2024-01-24 13:19:54,Regular,25,Riding Spurs,Rodeo_Gear,1,22.99,22.99,111.42
1748,2024-01-24 13:19:54,Regular,11,Lasso Rope,Ranch_Supplies,1,14.99,14.99,111.42
1748,2024-01-24 13:19:54,Regular,6,Campfire Coffee,Cowboy_Food,2,7.99,15.98,111.42
1748,2024-01-24 13:19:54,Regular,3,Smoky BBQ Sauce,Cowboy_Food,1,4.49,4.49,111.42
1749,2024-01-24 17:02:15,Casual,3,Smoky BBQ Sauce,Cowboy_Food,3,4.49,13.47,13.47
1750,2024-01-24 11:51:52,Regular,2,Campfire Chili,Cowboy_Food,1,3.99,3.99,146.95
1750,2024-01-24 11:51:52,Regular,6,Campfire Coffee,Cowboy_Food,1,7.99,7.99,146.95
1750,2024-01-24 11:51:52,Regular,18,Branding Iron,Ranch_Supplies,1,24.99,24.99,146.95
1750,2024-01-24 11:51:52,Regular,12,Horse Feed Sack,Ranch_Supplies,1,19.99,19.99,146.95
1750,2024-01-24 11:51:52,Regular,20,Cowboy Boots,Western_Apparel,1,89.99,89.99,146.95
1751,2024-01-24 09:57:13,Tourist,30,Leather Journal,Leather_Goods,1,14.99,14.99,49.98
1751,2024-01-24 09:57:13,Tourist,19,Cowboy Hat,Western_Apparel,1,34.99,34.99,49.98
1752,2024-01-24 11:43:45,Regular,24,Denim Vest,Western_Apparel,1,39.99,39.99,59.97
1752,2024-01-24 11:43:45,Regular,9,Dried Apple Slices,Cowboy_Food,1,4.99,4.99,59.97
1752,2024-01-24 11:43:45,Regular,30,Leather Journal,Leather_Goods,1,14.99,14.99,59.97
1753,2024-01-24 15:12:16,Regular,16,Hay Bale Twine,Ranch_Supplies,1,5.99,5.99,135.97
1753,2024-01-24 15:12:16,Regular,20,Cowboy Boots,Western_Apparel,1,89.99,89.99,135.97
1753,2024-01-24 15:12:16,Regular,24,Denim Vest,Western_Apparel,1,39.99,39.99,135.97
1754,2024-01-24 10:22:50,Tourist,3,Smoky BBQ Sauce,Cowboy_Food,1,4.49,4.49,24.47
1754,2024-01-24 10:22:50,Tourist,30,Leather Journal,Leather_Goods,1,14.99,14.99,24.47
1754,2024-01-24 10:22:50,Tourist,21,Red Bandana,Western_Apparel,1,4.99,4.99,24.47
1755,2024-01-24 11:20:50,Bulk,27,Bull Rope Rosin,Rodeo_Gear,1,7.49,7.49,90.43
1755,2024-01-24 11:20:50,Bulk,22,Flannel Shirt,Western_Apparel,1,29.99,29.99,90.43
1755,2024-01-24 11:20:50,Bulk,10,Smoked Sausage Links,Cowboy_Food,2,8.99,17.98,90.43
1755,2024-01-24 11:20:50,Bulk,30,Leather Journal,Leather_Goods,2,14.99,29.98,90.43
1755,2024-01-24 11:20:50,Bulk,9,Dried Apple Slices,Cowboy_Food,1,4.99,4.99,90.43
1756,2024-01-24 18:12:43,Regular,1,Chuckwagon Beans,Cowboy_Food,1,2.99,2.99,80.43
1756,2024-01-24 18:12:43,Regular,2,Campfire Chili,Cowboy_Food,1,3.99,3.99,80.43
1756,2024-01-24 18:12:43,Regular,18,Branding Iron,Ranch_Supplies,1,24.99,24.99,80.43
1756,2024-01-24 18:12:43,Regular,23,Leather Belt,Western_Apparel,1,19.99,19.99,80.43
1756,2024-01-24 18:12:43,Regular,13,Saddle Oil,Ranch_Supplies,1,9.99,9.99,80.43
1756,2024-01-24 18:12:43,Regular,5,Cornbread Mix,Cowboy_Food,1,3.49,3.49,80.43
1756,2024-01-24 18:12:43,Regular,11,Lasso Rope,Ranch_Supplies,1,14.99,14.99,80.43
1757,2024-01-24 15:17:59,Casual,26,Rodeo Rope,Rodeo_Gear,1,18.99,18.99,32.46
1757,2024-01-24 15:17:59,Casual,5,Cornbread Mix,Cowboy_Food,1,3.49,3.49,32.46
1757,2024-01-24 15:17:59,Casual,4,Trail Beef Jerky,Cowboy_Food,1,5.99,5.99,32.46
1757,2024-01-24 15:17:59,Casual,2,Campfire Chili,Cowboy_Food,1,3.99,3.99,32.46
1758,2024-01-24 17:12:30,Casual,7,Prairie Honey,Cowboy_Food,1,6.49,6.49,199.46
1758,2024-01-24 17:12:30,Casual,20,Cowboy Boots,Western_Apparel,2,89.99,179.98,199.46
1758,2024-01-24 17:12:30,Casual,15,Fence Wire (50ft),Ranch_Supplies,1,12.99,12.99,199.46
1759,2024-01-24 11:42:50,Regular,25,Riding Spurs,Rodeo_Gear,1,22.99,22.99,92.95
1759,2024-01-24 11:42:50,Regular,8,Hardtack Biscuits,Cowboy_Food,2,2.49,4.98,92.95
1759,2024-01-24 11:42:50,Regular,24,Denim Vest,Western_Apparel,1,39.99,39.99,92.95
1759,2024-01-24 11:42:50,Regular,29,Leather Wallet,Leather_Goods,1,24.99,24.99,92.95
1760,2024-01-24 10:42:33,Regular,14,Work Gloves,Ranch_Supplies,1,6.99,6.99,53.45
1760,2024-01-24 10:42:33,Regular,1,Chuckwagon Beans,Cowboy_Food,1,2.99,2.99,53.45
1760,2024-01-24 10:42:33,Regular,8,Hardtack Biscuits,Cowboy_Food,1,2.49,2.49,53.45
1760,2024-01-24 10:42:33,Regular,19,Cowboy Hat,Western_Apparel,1,34.99,34.99,53.45
1760,2024-01-24 10:42:33,Regular,4,Trail Beef Jerky,Cowboy_Food,1,5.99,5.99,53.45
1761,2024-01-24 16:57:02,Regular,28,Leather Saddlebag,Leather_Goods,1,59.99,59.99,65.98
1761,2024-01-24 16:57:02,Regular,16,Hay Bale Twine,Ranch_Supplies,1,5.99,5.99,65.98
1762,2024-01-24 13:16:25,Tourist,7,Prairie Honey,Cowboy_Food,1,6.49,6.49,86.47
1762,2024-01-24 13:16:25,Tourist,28,Leather Saddlebag,Leather_Goods,1,59.99,59.99,86.47
1762,2024-01-24 13:16:25,Tourist,12,Horse Feed Sack,Ranch_Supplies,1,19.99,19.99,86.47
1763,2024-01-24 14:59:01,Regular,23,Leather Belt,Western_Apparel,2,19.99,39.98,39.98
1764,2024-01-24 18:49:39,Regular,21,Red Bandana,Western_Apparel,1,4.99,4.99,166.89
1764,2024-01-24 18:49:39,Regular,29,Leather Wallet,Leather_Goods,1,24.99,24.99,166.89
1764,2024-01-24 18:49:39,Regular,9,Dried Apple Slices,Cowboy_Food,1,4.99,4.99,166.89
1764,2024-01-24 18:49:39,Regular,28,Leather Saddlebag,Leather_Goods,1,59.99,59.99,166.89
1764,2024-01-24 18:49:39,Regular,3,Smoky BBQ Sauce,Cowboy_Food,2,4.49,8.98,166.89
1764,2024-01-24 18:49:39,Regular,14,Work Gloves,Ranch_Supplies,1,6.99,6.99,166.89
1764,2024-01-24 18:49:39,Regular,16,Hay Bale Twine,Ranch_Supplies,1,5.99,5.99,166.89
1764,2024-01-24 18:49:39,Regular,22,Flannel Shirt,Western_Apparel,1,29.99,29.99,166.89
1764,2024-01-24 18:49:39,Regular,13,Saddle Oil,Ranch_Supplies,2,9.99,19.98,166.89
1765,2024-01-24 12:46:09,Regular,19,Cowboy Hat,Western_Apparel,2,34.99,69.98,86.95
1765,2024-01-24 12:46:09,Regular,7,Prairie Honey,Cowboy_Food,1,6.49,6.49,86.95
1765,2024-01-24 12:46:09,Regular,3,Smoky BBQ Sauce,Cowboy_Food,1,4.49,4.49,86.95
1765,2024-01-24 12:46:09,Regular,16,Hay Bale Twine,Ranch_Supplies,1,5.99,5.99,86.95
1766,2024-01-24 15:07:19,Regular,22,Flannel Shirt,Western_Apparel,1,29.99,29.99,69.97
1766,2024-01-24 15:07:19,Regular,29,Leather Wallet,Leather_Goods,1,24.99,24.99,69.97
1766,2024-01-24 15:07:19,Regular,11,Lasso Rope,Ranch_Supplies,1,14.99,14.99,69.97
1767,2024-01-24 16:10:52,Bulk,19,Cowboy Hat,Western_Apparel,1,34.99,34.99,141.93
1767,2024-01-24 16:10:52,Bulk,3,Smoky BBQ Sauce,Cowboy_Food,1,4.49,4.49,141.93
1767,2024-01-24 16:10:52,Bulk,4,Trail Beef Jerky,Cowboy_Food,1,5.99,5.99,141.93
1767,2024-01-24 16:10:52,Bulk,12,Horse Feed Sack,Ranch_Supplies,1,19.99,19.99,141.93
1767,2024-01-24 16:10:52,Bulk,13,Saddle Oil,Ranch_Supplies,1,9.99,9.99,141.93
1767,2024-01-24 16:10:52,Bulk,28,Leather Saddlebag,Leather_Goods,1,59.99,59.99,141.93
1767,2024-01-24 16:10:52,Bulk,7,Prairie Honey,Cowboy_Food,1,6.49,6.49,141.93
1768,2024-01-24 10:43:44,Regular,20,Cowboy Boots,Western_Apparel,1,89.99,89.99,121.44
1768,2024-01-24 10:43:44,Regular,7,Prairie Honey,Cowboy_Food,1,6.49,6.49,121.44
1768,2024-01-24 10:43:44,Regular,9,Dried Apple Slices,Cowboy_Food,1,4.99,4.99,121.44
1768,2024-01-24 10:43:44,Regular,16,Hay Bale Twine,Ranch_Supplies,1,5.99,5.99,121.44
1768,2024-01-24 10:43:44,Regular,4,Trail Beef Jerky,Cowboy_Food,1,5.99,5.99,121.44
1768,2024-01-24 10:43:44,Regular,6,Campfire Coffee,Cowboy_Food,1,7.99,7.99,121.44
1769,2024-01-24 16:36:20,Regular,3,Smoky BBQ Sauce,Cowboy_Food,1,4.49,4.49,64.93
1769,2024-01-24 16:36:20,Regular,8,Hardtack Biscuits,Cowboy_Food,1,2.49,2.49,64.93
1769,2024-01-24 16:36:20,Regular,25,Riding Spurs,Rodeo_Gear,1,22.99,22.99,64.93
1769,2024-01-24 16:36:20,Regular,27,Bull Rope Rosin,Rodeo_Gear,1,7.49,7.49,64.93
1769,2024-01-24 16:36:20,Regular,5,Cornbread Mix,Cowboy_Food,1,3.49,3.49,64.93
1769,2024-01-24 16:36:20,Regular,21,Red Bandana,Western_Apparel,1,4.99,4.99,64.93
1769,2024-01-24 16:36:20,Regular,26,Rodeo Rope,Rodeo_Gear,1,18.99,18.99,64.93
1770,2024-01-24 14:55:30,Regular,5,Cornbread Mix,Cowboy_Food,1,3.49,3.49,26.96
1770,2024-01-24 14:55:30,Regular,15,Fence Wire (50ft),Ranch_Supplies,1,12.99,12.99,26.96
1770,2024-01-24 14:55:30,Regular,3,Smoky BBQ Sauce,Cowboy_Food,1,4.49,4.49,26.96
1770,2024-01-24 14:55:30,Regular,16,Hay Bale Twine,Ranch_Supplies,1,5.99,5.99,26.96
1771,2024-01-24 11:27:34,Regular,5,Cornbread Mix,Cowboy_Food,1,3.49,3.49,97.94
1771,2024-01-24 11:27:34,Regular,28,Leather Saddlebag,Leather_Goods,1,59.99,59.99,97.94
1771,2024-01-24 11:27:34,Regular,14,Work Gloves,Ranch_Supplies,1,6.99,6.99,97.94
1771,2024-01-24 11:27:34,Regular,27,Bull Rope Rosin,Rodeo_Gear,1,7.49,7.49,97.94
1771,2024-01-24 11:27:34,Regular,11,Lasso Rope,Ranch_Supplies,1,14.99,14.99,97.94
1771,2024-01-24 11:27:34,Regular,9,Dried Apple Slices,Cowboy_Food,1,4.99,4.99,97.94
1772,2024-01-24 14:41:21,Regular,20,Cowboy Boots,Western_Apparel,1,89.99,89.99,104.46
1772,2024-01-24 14:41:21,Regular,2,Campfire Chili,Cowboy_Food,1,3.99,3.99,104.46
1772,2024-01-24 14:41:21,Regular,14,Work Gloves,Ranch_Supplies,1,6.99,6.99,104.46
1772,2024-01-24 14:41:21,Regular,5,Cornbread Mix,Cowboy_Food,1,3.49,3.49,104.46
1773,2024-01-24 15:00:44,Regular,5,Cornbread Mix,Cowboy_Food,2,3.49,6.98,66.97
1773,2024-01-24 15:00:44,Regular,28,Leather Saddlebag,Leather_Goods,1,59.99,59.99,66.97
1774,2024-01-24 16:12:08,Casual,10,Smoked Sausage Links,Cowboy_Food,2,8.99,17.98,127.44
1774,2024-01-24 16:12:08,Casual,13,Saddle Oil,Ranch_Supplies,1,9.99,9.99,127.44
1774,2024-01-24 16:12:08,Casual,5,Cornbread Mix,Cowboy_Food,1,3.49,3.49,127.44
1774,2024-01-24 16:12:08,Casual,20,Cowboy Boots,Western_Apparel,1,89.99,89.99,127.44
1774,2024-01-24 16:12:08,Casual,4,Trail Beef Jerky,Cowboy_Food,1,5.99,5.99,127.44
1775,2024-01-24 18:03:25,Regular,4,Trail Beef Jerky,Cowboy_Food,1,5.99,5.99,16.97
1775,2024-01-24 18:03:25,Regular,6,Campfire Coffee,Cowboy_Food,1,7.99,7.99,16.97
1775,2024-01-24 18:03:25,Regular,1,Chuckwagon Beans,Cowboy_Food,1,2.99,2.99,16.97
1776,2024-01-24 16:52:15,Regular,9,Dried Apple Slices,Cowboy_Food,1,4.99,4.99,125.44
1776,2024-01-24 16:52:15,Regular,29,Leather Wallet,Leather_Goods,1,24.99,24.99,125.44
1776,2024-01-24 16:52:15,Regular,4,Trail Beef Jerky,Cowboy_Food,1,5.99,5.99,125.44
1776,2024-01-24 16:52:15,Regular,7,Prairie Honey,Cowboy_Food,1,6.49,6.49,125.44
1776,2024-01-24 16:52:15,Regular,25,Riding Spurs,Rodeo_Gear,1,22.99,22.99,125.44
1776,2024-01-24 16:52:15,Regular,28,Leather Saddlebag,Leather_Goods,1,59.99,59.99,125.44
1777,2024-01-24 13:56:40,Bulk,24,Denim Vest,Western_Apparel,1,39.99,39.99,39.99
1778,2024-01-24 18:26:38,Casual,12,Horse Feed Sack,Ranch_Supplies,1,19.99,19.99,19.99
1779,2024-01-24 17:01:48,Bulk,22,Flannel Shirt,Western_Apparel,1,29.99,29.99,33.48
1779,2024-01-24 17:01:48,Bulk,5,Cornbread Mix,Cowboy_Food,1,3.49,3.49,33.48
1780,2024-01-24 09:55:22,Tourist,9,Dried Apple Slices,Cowboy_Food,1,4.99,4.99,17.47
1780,2024-01-24 09:55:22,Tourist,10,Smoked Sausage Links,Cowboy_Food,1,8.99,8.99,17.47
1780,2024-01-24 09:55:22,Tourist,5,Cornbread Mix,Cowboy_Food,1,3.49,3.49,17.47
1781,2024-01-24 10:58:13,Regular,16,Hay Bale Twine,Ranch_Supplies,1,5.99,5.99,45.45
1781,2024-01-24 10:58:13,Regular,25,Riding Spurs,Rodeo_Gear,1,22.99,22.99,45.45
1781,2024-01-24 10:58:13,Regular,10,Smoked Sausage Links,Cowboy_Food,1,8.99,8.99,45.45
1781,2024-01-24 10:58:13,Regular,8,Hardtack Biscuits,Cowboy_Food,1,2.49,2.49,45.45
1781,2024-01-24 10:58:13,Regular,9,Dried Apple Slices,Cowboy_Food,1,4.99,4.99,45.45
1782,2024-01-24 11:48:01,Regular,28,Leather Saddlebag,Leather_Goods,1,59.99,59.99,71.96
1782,2024-01-24 11:48:01,Regular,8,Hardtack Biscuits,Cowboy_Food,1,2.49,2.49,71.96
1782,2024-01-24 11:48:01,Regular,4,Trail Beef Jerky,Cowboy_Food,1,5.99,5.99,71.96
1782,2024-01-24 11:48:01,Regular,5,Cornbread Mix,Cowboy_Food,1,3.49,3.49,71.96
1783,2024-01-24 10:39:51,Regular,25,Riding Spurs,Rodeo_Gear,1,22.99,22.99,22.99
1784,2024-01-24 15:13:19,Regular,1,Chuckwagon Beans,Cowboy_Food,1,2.99,2.99,71.44
1784,2024-01-24 15:13:19,Regular,26,Rodeo Rope,Rodeo_Gear,2,18.99,37.98,71.44
1784,2024-01-24 15:13:19,Regular,8,Hardtack Biscuits,Cowboy_Food,1,2.49,2.49,71.44
1784,2024-01-24 15:13:19,Regular,12,Horse Feed Sack,Ranch_Supplies,1,19.99,19.99,71.44
1784,2024-01-24 15:13:19,Regular,6,Campfire Coffee,Cowboy_Food,1,7.99,7.99,71.44
1785,2024-01-24 13:08:45,Tourist,20,Cowboy Boots,Western_Apparel,1,89.99,89.99,144.97
1785,2024-01-24 13:08:45,Tourist,29,Leather Wallet,Leather_Goods,1,24.99,24.99,144.97
1785,2024-01-24 13:08:45,Tourist,22,Flannel Shirt,Western_Apparel,1,29.99,29.99,144.97
1786,2024-01-24 18:29:21,Bulk,26,Rodeo Rope,Rodeo_Gear,1,18.99,18.99,102.96
1786,2024-01-24 18:29:21,Bulk,10,Smoked Sausage Links,Cowboy_Food,1,8.99,8.99,102.96
1786,2024-01-24 18:29:21,Bulk,28,Leather Saddlebag,Leather_Goods,1,59.99,59.99,102.96
1786,2024-01-24 18:29:21,Bulk,11,Lasso Rope,Ranch_Supplies,1,14.99,14.99,102.96
1787,2024-01-24 15:06:19,Casual,12,Horse Feed Sack,Ranch_Supplies,1,19.99,19.99,50.97
1787,2024-01-24 15:06:19,Casual,4,Trail Beef Jerky,Cowboy_Food,1,5.99,5.99,50.97
1787,2024-01-24 15:06:19,Casual,29,Leather Wallet,Leather_Goods,1,24.99,24.99,50.97
1788,2024-01-24 11:45:14,Tourist,16,Hay Bale Twine,Ranch_Supplies,1,5.99,5.99,52.46
1788,2024-01-24 11:45:14,Tourist,24,Denim Vest,Western_Apparel,1,39.99,39.99,52.46
1788,2024-01-24 11:45:14,Tourist,5,Cornbread Mix,Cowboy_Food,1,3.49,3.49,52.46
1788,2024-01-24 11:45:14,Tourist,1,Chuckwagon Beans,Cowboy_Food,1,2.99,2.99,52.46
1789,2024-01-24 18:27:46,Casual,11,Lasso Rope,Ranch_Supplies,1,14.99,14.99,14.99
1790,2024-01-24 15:26:17,Regular,4,Trail Beef Jerky,Cowboy_Food,1,5.99,5.99,274.89
1790,2024-01-24 15:26:17,Regular,11,Lasso Rope,Ranch_Supplies,1,14.99,14.99,274.89
1790,2024-01-24 15:26:17,Regular,14,Work Gloves,Ranch_Supplies,2,6.99,13.98,274.89
1790,2024-01-24 15:26:17,Regular,3,Smoky BBQ Sauce,Cowboy_Food,1,4.49,4.49,274.89
1790,2024-01-24 15:26:17,Regular,27,Bull Rope Rosin,Rodeo_Gear,1,7.49,7.49,274.89
1790,2024-01-24 15:26:17,Regular,20,Cowboy Boots,Western_Apparel,1,89.99,89.99,274.89
1790,2024-01-24 15:26:17,Regular,28,Leather Saddlebag,Leather_Goods,1,59.99,59.99,274.89
1790,2024-01-24 15:26:17,Regular,29,Leather Wallet,Leather_Goods,1,24.99,24.99,274.89
1790,2024-01-24 15:26:17,Regular,25,Riding Spurs,Rodeo_Gear,1,22.99,22.99,274.89
1790,2024-01-24 15:26:17,Regular,22,Flannel Shirt,Western_Apparel,1,29.99,29.99,274.89
1791,2024-01-24 10:33:17,Casual,21,Red Bandana,Western_Apparel,1,4.99,4.99,12.98
1791,2024-01-24 10:33:17,Casual,6,Campfire Coffee,Cowboy_Food,1,7.99,7.99,12.98
1792,2024-01-24 10:38:42,Regular,4,Trail Beef Jerky,Cowboy_Food,1,5.99,5.99,102.47
1792,2024-01-24 10:38:42,Regular,20,Cowboy Boots,Western_Apparel,1,89.99,89.99,102.47
1792,2024-01-24 10:38:42,Regular,7,Prairie Honey,Cowboy_Food,1,6.49,6.49,102.47
1793,2024-01-24 16:23:31,Regular,13,Saddle Oil,Ranch_Supplies,1,9.99,9.99,27.96
1793,2024-01-24 16:23:31,Regular,27,Bull Rope Rosin,Rodeo_Gear,1,7.49,7.49,27.96
1793,2024-01-24 16:23:31,Regular,14,Work Gloves,Ranch_Supplies,1,6.99,6.99,27.96
1793,2024-01-24 16:23:31,Regular,5,Cornbread Mix,Cowboy_Food,1,3.49,3.49,27.96
1794,2024-01-24 15:17:44,Bulk,19,Cowboy Hat,Western_Apparel,1,34.99,34.99,290.89
1794,2024-01-24 15:17:44,Bulk,14,Work Gloves,Ranch_Supplies,1,6.99,6.99,290.89
1794,2024-01-24 15:17:44,Bulk,23,Leather Belt,Western_Apparel,2,19.99,39.98,290.89
1794,2024-01-24 15:17:44,Bulk,20,Cowboy Boots,Western_Apparel,1,89.99,89.99,290.89
1794,2024-01-24 15:17:44,Bulk,4,Trail Beef Jerky,Cowboy_Food,1,5.99,5.99,290.89
1794,2024-01-24 15:17:44,Bulk,12,Horse Feed Sack,Ranch_Supplies,2,19.99,39.98,290.89
1794,2024-01-24 15:17:44,Bulk,18,Branding Iron,Ranch_Supplies,1,24.99,24.99,290.89
1794,2024-01-24 15:17:44,Bulk,6,Campfire Coffee,Cowboy_Food,1,7.99,7.99,290.89
1794,2024-01-24 15:17:44,Bulk,24,Denim Vest,Western_Apparel,1,39.99,39.99,290.89
1795,2024-01-24 16:07:06,Tourist,20,Cowboy Boots,Western_Apparel,1,89.99,89.99,114.46
1795,2024-01-24 16:07:06,Tourist,4,Trail Beef Jerky,Cowboy_Food,1,5.99,5.99,114.46
1795,2024-01-24 16:07:06,Tourist,30,Leather Journal,Leather_Goods,1,14.99,14.99,114.46
1795,2024-01-24 16:07:06,Tourist,5,Cornbread Mix,Cowboy_Food,1,3.49,3.49,114.46
1796,2024-01-24 17:22:57,Casual,16,Hay Bale Twine,Ranch_Supplies,1,5.99,5.99,30.98
1796,2024-01-24 17:22:57,Casual,29,Leather Wallet,Leather_Goods,1,24.99,24.99,30.98
1797,2024-01-24 16:25:14,Regular,17,Stock Tank Float,Ranch_Supplies,1,8.49,8.49,75.47
1797,2024-01-24 16:25:14,Regular,14,Work Gloves,Ranch_Supplies,1,6.99,6.99,75.47
1797,2024-01-24 16:25:14,Regular,28,Leather Saddlebag,Leather_Goods,1,59.99,59.99,75.47
1798,2024-01-24 17:27:07,Casual,14,Work Gloves,Ranch_Supplies,1,6.99,6.99,16.47
1798,2024-01-24 17:27:07,Casual,5,Cornbread Mix,Cowboy_Food,1,3.49,3.49,16.47
1798,2024-01-24 17:27:07,Casual,4,Trail Beef Jerky,Cowboy_Food,1,5.99,5.99,16.47
1799,2024-01-24 16:45:06,Regular,30,Leather Journal,Leather_Goods,1,14.99,14.99,91.94
1799,2024-01-24 16:45:06,Regular,14,Work Gloves,Ranch_Supplies,1,6.99,6.99,91.94
1799,2024-01-24 16:45:06,Regular,13,Saddle Oil,Ranch_Supplies,2,9.99,19.98,91.94
1799,2024-01-24 16:45:06,Regular,19,Cowboy Hat,Western_Apparel,1,34.99,34.99,91.94
1799,2024-01-24 16:45:06,Regular,11,Lasso Rope,Ranch_Supplies,1,14.99,14.99,91.94
1800,2024-01-24 16:23:18,Bulk,15,Fence Wire (50ft),Ranch_Supplies,1,12.99,12.99,313.3
1800,2024-01-24 16:23:18,Bulk,13,Saddle Oil,Ranch_Supplies,2,9.99,19.98,313.3
1800,2024-01-24 16:23:18,Bulk,9,Dried Apple Slices,Cowboy_Food,1,4.99,4.99,313.3
1800,2024-01-24 16:23:18,Bulk,28,Leather Saddlebag,Leather_Goods,1,59.99,59.99,313.3
1800,2024-01-24 16:23:18,Bulk,25,Riding Spurs,Rodeo_Gear,2,22.99,45.98,313.3
1800,2024-01-24 16:23:18,Bulk,27,Bull Rope Rosin,Rodeo_Gear,1,7.49,7.49,313.3
1800,2024-01-24 16:23:18,Bulk,19,Cowboy Hat,Western_Apparel,1,34.99,34.99,313.3
1800,2024-01-24 16:23:18,Bulk,10,Smoked Sausage Links,Cowboy_Food,1,8.99,8.99,313.3
1800,2024-01-24 16:23:18,Bulk,22,Flannel Shirt,Western_Apparel,1,29.99,29.99,313.3
1800,2024-01-24 16:23:18,Bulk,3,Smoky BBQ Sauce,Cowboy_Food,2,4.49,8.98,313.3
1800,2024-01-24 16:23:18,Bulk,1,Chuckwagon Beans,Cowboy_Food,1,2.99,2.99,313.3
1800,2024-01-24 16:23:18,Bulk,24,Denim Vest,Western_Apparel,1,39.99,39.99,313.3
1800,2024-01-24 16:23:18,Bulk,21,Red Bandana,Western_Apparel,1,4.99,4.99,313.3
1800,2024-01-24 16:23:18,Bulk,4,Trail Beef Jerky,Cowboy_Food,1,5.99,5.99,313.3
1800,2024-01-24 16:23:18,Bulk,8,Hardtack Biscuits,Cowboy_Food,1,2.49,2.49,313.3
1800,2024-01-24 16:23:18,Bulk,26,Rodeo Rope,Rodeo_Gear,1,18.99,18.99,313.3
1800,2024-01-24 16:23:18,Bulk,5,Cornbread Mix,Cowboy_Food,1,3.49,3.49,313.3
1801,2024-01-24 11:07:25,Regular,6,Campfire Coffee,Cowboy_Food,1,7.99,7.99,48.94
1801,2024-01-24 11:07:25,Regular,1,Chuckwagon Beans,Cowboy_Food,3,2.99,8.97,48.94
1801,2024-01-24 11:07:25,Regular,14,Work Gloves,Ranch_Supplies,1,6.99,6.99,48.94
1801,2024-01-24 11:07:25,Regular,18,Branding Iron,Ranch_Supplies,1,24.99,24.99,48.94
1802,2024-01-24 15:12:04,Regular,3,Smoky BBQ Sauce,Cowboy_Food,1,4.49,4.49,52.45
1802,2024-01-24 15:12:04,Regular,9,Dried Apple Slices,Cowboy_Food,1,4.99,4.99,52.45
1802,2024-01-24 15:12:04,Regular,1,Chuckwagon Beans,Cowboy_Food,1,2.99,2.99,52.45
1802,2024-01-24 15:12:04,Regular,13,Saddle Oil,Ranch_Supplies,1,9.99,9.99,52.45
1802,2024-01-24 15:12:04,Regular,22,Flannel Shirt,Western_Apparel,1,29.99,29.99,52.45
1803,2024-01-24 14:43:37,Regular,2,Campfire Chili,Cowboy_Food,1,3.99,3.99,48.45
1803,2024-01-24 14:43:37,Regular,23,Leather Belt,Western_Apparel,1,19.99,19.99,48.45
1803,2024-01-24 14:43:37,Regular,13,Saddle Oil,Ranch_Supplies,2,9.99,19.98,48.45
1803,2024-01-24 14:43:37,Regular,3,Smoky BBQ Sauce,Cowboy_Food,1,4.49,4.49,48.45
1804,2024-01-24 15:37:36,Casual,10,Smoked Sausage Links,Cowboy_Food,1,8.99,8.99,71.95
1804,2024-01-24 15:37:36,Casual,22,Flannel Shirt,Western_Apparel,1,29.99,29.99,71.95
1804,2024-01-24 15:37:36,Casual,14,Work Gloves,Ranch_Supplies,1,6.99,6.99,71.95
1804,2024-01-24 15:37:36,Casual,15,Fence Wire (50ft),Ranch_Supplies,2,12.99,25.98,71.95
1805,2024-01-24 14:06:46,Tourist,5,Cornbread Mix,Cowboy_Food,1,3.49,3.49,37.94
1805,2024-01-24 14:06:46,Tourist,2,Campfire Chili,Cowboy_Food,1,3.99,3.99,37.94
1805,2024-01-24 14:06:46,Tourist,3,Smoky BBQ Sauce,Cowboy_Food,2,4.49,8.98,37.94
1805,2024-01-24 14:06:46,Tourist,8,Hardtack Biscuits,Cowboy_Food,1,2.49,2.49,37.94
1805,2024-01-24 14:06:46,Tourist,26,Rodeo Rope,Rodeo_Gear,1,18.99,18.99,37.94
1806,2024-01-24 16:05:00,Regular,21,Red Bandana,Western_Apparel,1,4.99,4.99,44.98
1806,2024-01-24 16:05:00,Regular,24,Denim Vest,Western_Apparel,1,39.99,39.99,44.98
1807,2024-01-24 14:08:05,Regular,4,Trail Beef Jerky,Cowboy_Food,1,5.99,5.99,69.43
1807,2024-01-24 14:08:05,Regular,15,Fence Wire (50ft),Ranch_Supplies,1,12.99,12.99,69.43
1807,2024-01-24 14:08:05,Regular,1,Chuckwagon Beans,Cowboy_Food,1,2.99,2.99,69.43
1807,2024-01-24 14:08:05,Regular,21,Red Bandana,Western_Apparel,1,4.99,4.99,69.43
1807,2024-01-24 14:08:05,Regular,27,Bull Rope Rosin,Rodeo_Gear,1,7.49,7.49,69.43
1807,2024-01-24 14:08:05,Regular,22,Flannel Shirt,Western_Apparel,1,29.99,29.99,69.43
1807,2024-01-24 14:08:05,Regular,9,Dried Apple Slices,Cowboy_Food,1,4.99,4.99,69.43
1808,2024-01-24 15:43:12,Regular,12,Horse Feed Sack,Ranch_Supplies,1,19.99,19.99,527.8
1808,2024-01-24 15:43:12,Regular,23,Leather Belt,Western_Apparel,2,19.99,39.98,527.8
1808,2024-01-24 15:43:12,Regular,26,Rodeo Rope,Rodeo_Gear,2,18.99,37.98,527.8
1808,2024-01-24 15:43:12,Regular,19,Cowboy Hat,Western_Apparel,1,34.99,34.99,527.8
1808,2024-01-24 15:43:12,Regular,13,Saddle Oil,Ranch_Supplies,3,9.99,29.97,527.8
1808,2024-01-24 15:43:12,Regular,25,Riding Spurs,Rodeo_Gear,1,22.99,22.99,527.8
1808,2024-01-24 15:43:12,Regular,17,Stock Tank Float,Ranch_Supplies,1,8.49,8.49,527.8
1808,2024-01-24 15:43:12,Regular,20,Cowboy Boots,Western_Apparel,2,89.99,179.98,527.8
1808,2024-01-24 15:43:12,Regular,9,Dried Apple Slices,Cowboy_Food,1,4.99,4.99,527.8
1808,2024-01-24 15:43:12,Regular,8,Hardtack Biscuits,Cowboy_Food,1,2.49,2.49,527.8
1808,2024-01-24 15:43:12,Regular,28,Leather Saddlebag,Leather_Goods,2,59.99,119.98,527.8
1808,2024-01-24 15:43:12,Regular,11,Lasso Rope,Ranch_Supplies,1,14.99,14.99,527.8
1808,2024-01-24 15:43:12,Regular,4,Trail Beef Jerky,Cowboy_Food,1,5.99,5.99,527.8
1808,2024-01-24 15:43:12,Regular,21,Red Bandana,Western_Apparel,1,4.99,4.99,527.8
1809,2024-01-24 14:10:26,Casual,14,Work Gloves,Ranch_Supplies,1,6.99,6.99,50.47
1809,2024-01-24 14:10:26,Casual,17,Stock Tank Float,Ranch_Supplies,1,8.49,8.49,50.47
1809,2024-01-24 14:10:26,Casual,19,Cowboy Hat,Western_Apparel,1,34.99,34.99,50.47
1810,2024-01-24 17:45:35,Bulk,28,Leather Saddlebag,Leather_Goods,1,59.99,59.99,291.37
1810,2024-01-24 17:45:35,Bulk,11,Lasso Rope,Ranch_Supplies,1,14.99,14.99,291.37
1810,2024-01-24 17:45:35,Bulk,26,Rodeo Rope,Rodeo_Gear,1,18.99,18.99,291.37
1810,2024-01-24 17:45:35,Bulk,30,Leather Journal,Leather_Goods,1,14.99,14.99,291.37
1810,2024-01-24 17:45:35,Bulk,9,Dried Apple Slices,Cowboy_Food,1,4.99,4.99,291.37
1810,2024-01-24 17:45:35,Bulk,1,Chuckwagon Beans,Cowboy_Food,1,2.99,2.99,291.37
1810,2024-01-24 17:45:35,Bulk,18,Branding Iron,Ranch_Supplies,1,24.99,24.99,291.37
1810,2024-01-24 17:45:35,Bulk,27,Bull Rope Rosin,Rodeo_Gear,1,7.49,7.49,291.37
1810,2024-01-24 17:45:35,Bulk,2,Campfire Chili,Cowboy_Food,1,3.99,3.99,291.37
1810,2024-01-24 17:45:35,Bulk,5,Cornbread Mix,Cowboy_Food,1,3.49,3.49,291.37
1810,2024-01-24 17:45:35,Bulk,20,Cowboy Boots,Western_Apparel,1,89.99,89.99,291.37
1810,2024-01-24 17:45:35,Bulk,24,Denim Vest,Western_Apparel,1,39.99,39.99,291.37
1810,2024-01-24 17:45:35,Bulk,3,Smoky BBQ Sauce,Cowboy_Food,1,4.49,4.49,291.37
1811,2024-01-24 13:45:12,Bulk,15,Fence Wire (50ft),Ranch_Supplies,1,12.99,12.99,31.46
1811,2024-01-24 13:45:12,Bulk,27,Bull Rope Rosin,Rodeo_Gear,1,7.49,7.49,31.46
1811,2024-01-24 13:45:12,Bulk,6,Campfire Coffee,Cowboy_Food,1,7.99,7.99,31.46
1811,2024-01-24 13:45:12,Bulk,1,Chuckwagon Beans,Cowboy_Food,1,2.99,2.99,31.46
1812,2024-01-24 16:41:21,Regular,15,Fence Wire (50ft),Ranch_Supplies,1,12.99,12.99,38.46
1812,2024-01-24 16:41:21,Regular,14,Work Gloves,Ranch_Supplies,1,6.99,6.99,38.46
1812,2024-01-24 16:41:21,Regular,5,Cornbread Mix,Cowboy_Food,1,3.49,3.49,38.46
1812,2024-01-24 16:41:21,Regular,30,Leather Journal,Leather_Goods,1,14.99,14.99,38.46
1813,2024-01-25 16:51:12,Tourist,19,Cowboy Hat,Western_Apparel,1,34.99,34.99,97.95
1813,2024-01-25 16:51:12,Tourist,10,Smoked Sausage Links,Cowboy_Food,1,8.99,8.99,97.95
1813,2024-01-25 16:51:12,Tourist,12,Horse Feed Sack,Ranch_Supplies,1,19.99,19.99,97.95
1813,2024-01-25 16:51:12,Tourist,2,Campfire Chili,Cowboy_Food,1,3.99,3.99,97.95
1813,2024-01-25 16:51:12,Tourist,22,Flannel Shirt,Western_Apparel,1,29.99,29.99,97.95
1814,2024-01-25 15:21:30,Regular,25,Riding Spurs,Rodeo_Gear,1,22.99,22.99,172.91
1814,2024-01-25 15:21:30,Regular,29,Leather Wallet,Leather_Goods,1,24.99,24.99,172.91
1814,2024-01-25 15:21:30,Regular,8,Hardtack Biscuits,Cowboy_Food,2,2.49,4.98,172.91
1814,2024-01-25 15:21:30,Regular,22,Flannel Shirt,Western_Apparel,1,29.99,29.99,172.91
1814,2024-01-25 15:21:30,Regular,12,Horse Feed Sack,Ranch_Supplies,2,19.99,39.98,172.91
1814,2024-01-25 15:21:30,Regular,19,Cowboy Hat,Western_Apparel,1,34.99,34.99,172.91
1814,2024-01-25 15:21:30,Regular,30,Leather Journal,Leather_Goods,1,14.99,14.99,172.91
1815,2024-01-25 09:27:31,Regular,8,Hardtack Biscuits,Cowboy_Food,1,2.49,2.49,196.42
1815,2024-01-25 09:27:31,Regular,24,Denim Vest,Western_Apparel,1,39.99,39.99,196.42
1815,2024-01-25 09:27:31,Regular,2,Campfire Chili,Cowboy_Food,1,3.99,3.99,196.42
1815,2024-01-25 09:27:31,Regular,4,Trail Beef Jerky,Cowboy_Food,1,5.99,5.99,196.42
1815,2024-01-25 09:27:31,Regular,22,Flannel Shirt,Western_Apparel,1,29.99,29.99,196.42
1815,2024-01-25 09:27:31,Regular,10,Smoked Sausage Links,Cowboy_Food,1,8.99,8.99,196.42
1815,2024-01-25 09:27:31,Regular,20,Cowboy Boots,Western_Apparel,1,89.99,89.99,196.42
1815,2024-01-25 09:27:31,Regular,30,Leather Journal,Leather_Goods,1,14.99,14.99,196.42
1816,2024-01-25 16:20:17,Regular,24,Denim Vest,Western_Apparel,2,39.99,79.98,155.92
1816,2024-01-25 16:20:17,Regular,1,Chuckwagon Beans,Cowboy_Food,2,2.99,5.98,155.92
1816,2024-01-25 16:20:17,Regular,26,Rodeo Rope,Rodeo_Gear,1,18.99,18.99,155.92
1816,2024-01-25 16:20:17,Regular,29,Leather Wallet,Leather_Goods,1,24.99,24.99,155.92
1816,2024-01-25 16:20:17,Regular,12,Horse Feed Sack,Ranch_Supplies,1,19.99,19.99,155.92
1816,2024-01-25 16:20:17,Regular,4,Trail Beef Jerky,Cowboy_Food,1,5.99,5.99,155.92
1817,2024-01-25 10:49:26,Regular,29,Leather Wallet,Leather_Goods,1,24.99,24.99,31.48
1817,2024-01-25 10:49:26,Regular,7,Prairie Honey,Cowboy_Food,1,6.49,6.49,31.48
1818,2024-01-25 18:19:22,Casual,14,Work Gloves,Ranch_Supplies,1,6.99,6.99,136.42
1818,2024-01-25 18:19:22,Casual,24,Denim Vest,Western_Apparel,1,39.99,39.99,136.42
1818,2024-01-25 18:19:22,Casual,1,Chuckwagon Beans,Cowboy_Food,1,2.99,2.99,136.42
1818,2024-01-25 18:19:22,Casual,15,Fence Wire (50ft),Ranch_Supplies,1,12.99,12.99,136.42
1818,2024-01-25 18:19:22,Casual,19,Cowboy Hat,Western_Apparel,1,34.99,34.99,136.42
1818,2024-01-25 18:19:22,Casual,5,Cornbread Mix,Cowboy_Food,1,3.49,3.49,136.42
1818,2024-01-25 18:19:22,Casual,11,Lasso Rope,Ranch_Supplies,1,14.99,14.99,136.42
1818,2024-01-25 18:19:22,Casual,23,Leather Belt,Western_Apparel,1,19.99,19.99,136.42
1819,2024-01-25 12:04:04,Bulk,3,Smoky BBQ Sauce,Cowboy_Food,1,4.49,4.49,476.35
1819,2024-01-25 12:04:04,Bulk,24,Denim Vest,Western_Apparel,1,39.99,39.99,476.35
1819,2024-01-25 12:04:04,Bulk,6,Campfire Coffee,Cowboy_Food,1,7.99,7.99,476.35
1819,2024-01-25 12:04:04,Bulk,28,Leather Saddlebag,Leather_Goods,2,59.99,119.98,476.35
1819,2024-01-25 12:04:04,Bulk,23,Leather Belt,Western_Apparel,1,19.99,19.99,476.35
1819,2024-01-25 12:04:04,Bulk,2,Campfire Chili,Cowboy_Food,1,3.99,3.99,476.35
1819,2024-01-25 12:04:04,Bulk,19,Cowboy Hat,Western_Apparel,1,34.99,34.99,476.35
1819,2024-01-25 12:04:04,Bulk,26,Rodeo Rope,Rodeo_Gear,1,18.99,18.99,476.35
1819,2024-01-25 12:04:04,Bulk,18,Branding Iron,Ranch_Supplies,1,24.99,24.99,476.35
1819,2024-01-25 12:04:04,Bulk,4,Trail Beef Jerky,Cowboy_Food,1,5.99,5.99,476.35
1819,2024-01-25 12:04:04,Bulk,20,Cowboy Boots,Western_Apparel,2,89.99,179.98,476.35
1819,2024-01-25 12:04:04,Bulk,17,Stock Tank Float,Ranch_Supplies,1,8.49,8.49,476.35
1819,2024-01-25 12:04:04,Bulk,7,Prairie Honey,Cowboy_Food,1,6.49,6.49,476.35
1820,2024-01-25 13:38:24,Regular,6,Campfire Coffee,Cowboy_Food,1,7.99,7.99,24.96
1820,2024-01-25 13:38:24,Regular,14,Work Gloves,Ranch_Supplies,1,6.99,6.99,24.96
1820,2024-01-25 13:38:24,Regular,5,Cornbread Mix,Cowboy_Food,1,3.49,3.49,24.96
1820,2024-01-25 13:38:24,Regular,7,Prairie Honey,Cowboy_Food,1,6.49,6.49,24.96
1821,2024-01-25 15:41:21,Regular,12,Horse Feed Sack,Ranch_Supplies,1,19.99,19.99,85.44
1821,2024-01-25 15:41:21,Regular,3,Smoky BBQ Sauce,Cowboy_Food,1,4.49,4.49,85.44
1821,2024-01-25 15:41:21,Regular,13,Saddle Oil,Ranch_Supplies,1,9.99,9.99,85.44
1821,2024-01-25 15:41:21,Regular,18,Branding Iron,Ranch_Supplies,1,24.99,24.99,85.44
1821,2024-01-25 15:41:21,Regular,23,Leather Belt,Western_Apparel,1,19.99,19.99,85.44
1821,2024-01-25 15:41:21,Regular,16,Hay Bale Twine,Ranch_Supplies,1,5.99,5.99,85.44
1822,2024-01-25 15:21:18,Casual,3,Smoky BBQ Sauce,Cowboy_Food,1,4.49,4.49,26.97
1822,2024-01-25 15:21:18,Casual,30,Leather Journal,Leather_Goods,1,14.99,14.99,26.97
1822,2024-01-25 15:21:18,Casual,27,Bull Rope Rosin,Rodeo_Gear,1,7.49,7.49,26.97
1823,2024-01-25 16:17:36,Bulk,1,Chuckwagon Beans,Cowboy_Food,1,2.99,2.99,111.9
1823,2024-01-25 16:17:36,Bulk,26,Rodeo Rope,Rodeo_Gear,1,18.99,18.99,111.9
1823,2024-01-25 16:17:36,Bulk,5,Cornbread Mix,Cowboy_Food,1,3.49,3.49,111.9
1823,2024-01-25 16:17:36,Bulk,11,Lasso Rope,Ranch_Supplies,1,14.99,14.99,111.9
1823,2024-01-25 16:17:36,Bulk,3,Smoky BBQ Sauce,Cowboy_Food,1,4.49,4.49,111.9
1823,2024-01-25 16:17:36,Bulk,6,Campfire Coffee,Cowboy_Food,2,7.99,15.98,111.9
1823,2024-01-25 16:17:36,Bulk,14,Work Gloves,Ranch_Supplies,1,6.99,6.99,111.9
1823,2024-01-25 16:17:36,Bulk,19,Cowboy Hat,Western_Apparel,1,34.99,34.99,111.9
1823,2024-01-25 16:17:36,Bulk,10,Smoked Sausage Links,Cowboy_Food,1,8.99,8.99,111.9
1824,2024-01-25 16:58:42,Regular,19,Cowboy Hat,Western_Apparel,1,34.99,34.99,133.45
1824,2024-01-25 16:58:42,Regular,20,Cowboy Boots,Western_Apparel,1,89.99,89.99,133.45
1824,2024-01-25 16:58:42,Regular,1,Chuckwagon Beans,Cowboy_Food,2,2.99,5.98,133.45
1824,2024-01-25 16:58:42,Regular,8,Hardtack Biscuits,Cowboy_Food,1,2.49,2.49,133.45
1825,2024-01-25 16:50:02,Casual,12,Horse Feed Sack,Ranch_Supplies,2,19.99,39.98,99.96
1825,2024-01-25 16:50:02,Casual,23,Leather Belt,Western_Apparel,1,19.99,19.99,99.96
1825,2024-01-25 16:50:02,Casual,24,Denim Vest,Western_Apparel,1,39.99,39.99,99.96
1826,2024-01-25 17:48:20,Casual,2,Campfire Chili,Cowboy_Food,2,3.99,7.98,72.96
1826,2024-01-25 17:48:20,Casual,9,Dried Apple Slices,Cowboy_Food,1,4.99,4.99,72.96
1826,2024-01-25 17:48:20,Casual,28,Leather Saddlebag,Leather_Goods,1,59.99,59.99,72.96
1827,2024-01-25 15:05:01,Regular,28,Leather Saddlebag,Leather_Goods,1,59.99,59.99,117.97
1827,2024-01-25 15:05:01,Regular,25,Riding Spurs,Rodeo_Gear,1,22.99,22.99,117.97
1827,2024-01-25 15:05:01,Regular,19,Cowboy Hat,Western_Apparel,1,34.99,34.99,117.97
1828,2024-01-25 15:34:49,Regular,15,Fence Wire (50ft),Ranch_Supplies,1,12.99,12.99,101.42
1828,2024-01-25 15:34:49,Regular,14,Work Gloves,Ranch_Supplies,1,6.99,6.99,101.42
1828,2024-01-25 15:34:49,Regular,22,Flannel Shirt,Western_Apparel,2,29.99,59.98,101.42
1828,2024-01-25 15:34:49,Regular,9,Dried Apple Slices,Cowboy_Food,1,4.99,4.99,101.42
1828,2024-01-25 15:34:49,Regular,10,Smoked Sausage Links,Cowboy_Food,1,8.99,8.99,101.42
1828,2024-01-25 15:34:49,Regular,1,Chuckwagon Beans,Cowboy_Food,1,2.99,2.99,101.42
1828,2024-01-25 15:34:49,Regular,3,Smoky BBQ Sauce,Cowboy_Food,1,4.49,4.49,101.42
1829,2024-01-25 17:32:55,Bulk,20,Cowboy Boots,Western_Apparel,1,89.99,89.99,296.9
1829,2024-01-25 17:32:55,Bulk,28,Leather Saddlebag,Leather_Goods,1,59.99,59.99,296.9
1829,2024-01-25 17:32:55,Bulk,19,Cowboy Hat,Western_Apparel,1,34.99,34.99,296.9
1829,2024-01-25 17:32:55,Bulk,22,Flannel Shirt,Western_Apparel,2,29.99,59.98,296.9
1829,2024-01-25 17:32:55,Bulk,1,Chuckwagon Beans,Cowboy_Food,1,2.99,2.99,296.9
1829,2024-01-25 17:32:55,Bulk,25,Riding Spurs,Rodeo_Gear,1,22.99,22.99,296.9
1829,2024-01-25 17:32:55,Bulk,11,Lasso Rope,Ranch_Supplies,1,14.99,14.99,296.9
1829,2024-01-25 17:32:55,Bulk,14,Work Gloves,Ranch_Supplies,1,6.99,6.99,296.9
1829,2024-01-25 17:32:55,Bulk,2,Campfire Chili,Cowboy_Food,1,3.99,3.99,296.9
1830,2024-01-25 12:23:27,Regular,29,Leather Wallet,Leather_Goods,1,24.99,24.99,187.91
1830,2024-01-25 12:23:27,Regular,12,Horse Feed Sack,Ranch_Supplies,2,19.99,39.98,187.91
1830,2024-01-25 12:23:27,Regular,4,Trail Beef Jerky,Cowboy_Food,1,5.99,5.99,187.91
1830,2024-01-25 12:23:27,Regular,5,Cornbread Mix,Cowboy_Food,1,3.49,3.49,187.91
1830,2024-01-25 12:23:27,Regular,20,Cowboy Boots,Western_Apparel,1,89.99,89.99,187.91
1830,2024-01-25 12:23:27,Regular,30,Leather Journal,Leather_Goods,1,14.99,14.99,187.91
1830,2024-01-25 12:23:27,Regular,16,Hay Bale Twine,Ranch_Supplies,1,5.99,5.99,187.91
1830,2024-01-25 12:23:27,Regular,8,Hardtack Biscuits,Cowboy_Food,1,2.49,2.49,187.91
1831,2024-01-25 12:02:56,Tourist,29,Leather Wallet,Leather_Goods,1,24.99,24.99,49.97
1831,2024-01-25 12:02:56,Tourist,30,Leather Journal,Leather_Goods,1,14.99,14.99,49.97
1831,2024-01-25 12:02:56,Tourist,13,Saddle Oil,Ranch_Supplies,1,9.99,9.99,49.97
1832,2024-01-25 09:26:37,Casual,20,Cowboy Boots,Western_Apparel,1,89.99,89.99,95.98
1832,2024-01-25 09:26:37,Casual,16,Hay Bale Twine,Ranch_Supplies,1,5.99,5.99,95.98
1833,2024-01-25 16:44:52,Bulk,6,Campfire Coffee,Cowboy_Food,2,7.99,15.98,280.33
1833,2024-01-25 16:44:52,Bulk,11,Lasso Rope,Ranch_Supplies,2,14.99,29.98,280.33
1833,2024-01-25 16:44:52,Bulk,22,Flannel Shirt,Western_Apparel,1,29.99,29.99,280.33
1833,2024-01-25 16:44:52,Bulk,24,Denim Vest,Western_Apparel,1,39.99,39.99,280.33
1833,2024-01-25 16:44:52,Bulk,18,Branding Iron,Ranch_Supplies,1,24.99,24.99,280.33
1833,2024-01-25 16:44:52,Bulk,8,Hardtack Biscuits,Cowboy_Food,1,2.49,2.49,280.33
1833,2024-01-25 16:44:52,Bulk,13,Saddle Oil,Ranch_Supplies,1,9.99,9.99,280.33
1833,2024-01-25 16:44:52,Bulk,29,Leather Wallet,Leather_Goods,1,24.99,24.99,280.33
1833,2024-01-25 16:44:52,Bulk,7,Prairie Honey,Cowboy_Food,1,6.49,6.49,280.33
1833,2024-01-25 16:44:52,Bulk,23,Leather Belt,Western_Apparel,2,19.99,39.98,280.33
1833,2024-01-25 16:44:52,Bulk,1,Chuckwagon Beans,Cowboy_Food,1,2.99,2.99,280.33
1833,2024-01-25 16:44:52,Bulk,10,Smoked Sausage Links,Cowboy_Food,1,8.99,8.99,280.33
1833,2024-01-25 16:44:52,Bulk,19,Cowboy Hat,Western_Apparel,1,34.99,34.99,280.33
1833,2024-01-25 16:44:52,Bulk,17,Stock Tank Float,Ranch_Supplies,1,8.49,8.49,280.33
1834,2024-01-25 16:27:56,Bulk,18,Branding Iron,Ranch_Supplies,1,24.99,24.99,74.97
1834,2024-01-25 16:27:56,Bulk,19,Cowboy Hat,Western_Apparel,1,34.99,34.99,74.97
1834,2024-01-25 16:27:56,Bulk,11,Lasso Rope,Ranch_Supplies,1,14.99,14.99,74.97
1835,2024-01-25 12:19:35,Tourist,13,Saddle Oil,Ranch_Supplies,1,9.99,9.99,9.99
1836,2024-01-25 11:05:26,Regular,20,Cowboy Boots,Western_Apparel,1,89.99,89.99,164.97
1836,2024-01-25 11:05:26,Regular,24,Denim Vest,Western_Apparel,1,39.99,39.99,164.97
1836,2024-01-25 11:05:26,Regular,19,Cowboy Hat,Western_Apparel,1,34.99,34.99,164.97
1837,2024-01-25 10:09:44,Regular,2,Campfire Chili,Cowboy_Food,1,3.99,3.99,84.94
1837,2024-01-25 10:09:44,Regular,23,Leather Belt,Western_Apparel,1,19.99,19.99,84.94
1837,2024-01-25 10:09:44,Regular,26,Rodeo Rope,Rodeo_Gear,1,18.99,18.99,84.94
1837,2024-01-25 10:09:44,Regular,15,Fence Wire (50ft),Ranch_Supplies,1,12.99,12.99,84.94
1837,2024-01-25 10:09:44,Regular,10,Smoked Sausage Links,Cowboy_Food,1,8.99,8.99,84.94
1837,2024-01-25 10:09:44,Regular,12,Horse Feed Sack,Ranch_Supplies,1,19.99,19.99,84.94
1838,2024-01-25 15:14:10,Casual,19,Cowboy Hat,Western_Apparel,1,34.99,34.99,64.98
1838,2024-01-25 15:14:10,Casual,22,Flannel Shirt,Western_Apparel,1,29.99,29.99,64.98
1839,2024-01-25 11:36:17,Regular,1,Chuckwagon Beans,Cowboy_Food,1,2.99,2.99,111.45
1839,2024-01-25 11:36:17,Regular,7,Prairie Honey,Cowboy_Food,1,6.49,6.49,111.45
1839,2024-01-25 11:36:17,Regular,14,Work Gloves,Ranch_Supplies,1,6.99,6.99,111.45
1839,2024-01-25 11:36:17,Regular,20,Cowboy Boots,Western_Apparel,1,89.99,89.99,111.45
1839,2024-01-25 11:36:17,Regular,21,Red Bandana,Western_Apparel,1,4.99,4.99,111.45
1840,2024-01-25 17:02:32,Bulk,22,Flannel Shirt,Western_Apparel,2,29.99,59.98,509.33
1840,2024-01-25 17:02:32,Bulk,9,Dried Apple Slices,Cowboy_Food,1,4.99,4.99,509.33
1840,2024-01-25 17:02:32,Bulk,28,Leather Saddlebag,Leather_Goods,3,59.99,179.97,509.33
1840,2024-01-25 17:02:32,Bulk,23,Leather Belt,Western_Apparel,2,19.99,39.98,509.33
1840,2024-01-25 17:02:32,Bulk,25,Riding Spurs,Rodeo_Gear,1,22.99,22.99,509.33
1840,2024-01-25 17:02:32,Bulk,20,Cowboy Boots,Western_Apparel,1,89.99,89.99,509.33
1840,2024-01-25 17:02:32,Bulk,11,Lasso Rope,Ranch_Supplies,1,14.99,14.99,509.33
1840,2024-01-25 17:02:32,Bulk,27,Bull Rope Rosin,Rodeo_Gear,2,7.49,14.98,509.33
1840,2024-01-25 17:02:32,Bulk,24,Denim Vest,Western_Apparel,1,39.99,39.99,509.33
1840,2024-01-25 17:02:32,Bulk,5,Cornbread Mix,Cowboy_Food,1,3.49,3.49,509.33
1840,2024-01-25 17:02:32,Bulk,15,Fence Wire (50ft),Ranch_Supplies,1,12.99,12.99,509.33
1840,2024-01-25 17:02:32,Bulk,18,Branding Iron,Ranch_Supplies,1,24.99,24.99,509.33
1841,2024-01-25 18:11:12,Bulk,21,Red Bandana,Western_Apparel,1,4.99,4.99,20.47
1841,2024-01-25 18:11:12,Bulk,10,Smoked Sausage Links,Cowboy_Food,1,8.99,8.99,20.47
1841,2024-01-25 18:11:12,Bulk,7,Prairie Honey,Cowboy_Food,1,6.49,6.49,20.47
1842,2024-01-25 16:56:29,Regular,11,Lasso Rope,Ranch_Supplies,1,14.99,14.99,139.96
1842,2024-01-25 16:56:29,Regular,12,Horse Feed Sack,Ranch_Supplies,1,19.99,19.99,139.96
1842,2024-01-25 16:56:29,Regular,20,Cowboy Boots,Western_Apparel,1,89.99,89.99,139.96
1842,2024-01-25 16:56:29,Regular,30,Leather Journal,Leather_Goods,1,14.99,14.99,139.96
1843,2024-01-25 17:23:51,Regular,24,Denim Vest,Western_Apparel,1,39.99,39.99,48.98
1843,2024-01-25 17:23:51,Regular,10,Smoked Sausage Links,Cowboy_Food,1,8.99,8.99,48.98
1844,2024-01-25 18:47:46,Casual,23,Leather Belt,Western_Apparel,1,19.99,19.99,19.99
1845,2024-01-25 16:44:53,Regular,23,Leather Belt,Western_Apparel,1,19.99,19.99,76.45
1845,2024-01-25 16:44:53,Regular,24,Denim Vest,Western_Apparel,1,39.99,39.99,76.45
1845,2024-01-25 16:44:53,Regular,14,Work Gloves,Ranch_Supplies,1,6.99,6.99,76.45
1845,2024-01-25 16:44:53,Regular,3,Smoky BBQ Sauce,Cowboy_Food,1,4.49,4.49,76.45
1845,2024-01-25 16:44:53,Regular,9,Dried Apple Slices,Cowboy_Food,1,4.99,4.99,76.45
1846,2024-01-25 15:47:51,Regular,10,Smoked Sausage Links,Cowboy_Food,1,8.99,8.99,164.91
1846,2024-01-25 15:47:51,Regular,2,Campfire Chili,Cowboy_Food,1,3.99,3.99,164.91
1846,2024-01-25 15:47:51,Regular,9,Dried Apple Slices,Cowboy_Food,1,4.99,4.99,164.91
1846,2024-01-25 15:47:51,Regular,19,Cowboy Hat,Western_Apparel,1,34.99,34.99,164.91
1846,2024-01-25 15:47:51,Regular,27,Bull Rope Rosin,Rodeo_Gear,1,7.49,7.49,164.91
1846,2024-01-25 15:47:51,Regular,1,Chuckwagon Beans,Cowboy_Food,2,2.99,5.98,164.91
1846,2024-01-25 15:47:51,Regular,17,Stock Tank Float,Ranch_Supplies,1,8.49,8.49,164.91
1846,2024-01-25 15:47:51,Regular,20,Cowboy Boots,Western_Apparel,1,89.99,89.99,164.91
1847,2024-01-25 17:08:19,Regular,4,Trail Beef Jerky,Cowboy_Food,2,5.99,11.98,82.95
1847,2024-01-25 17:08:19,Regular,24,Denim Vest,Western_Apparel,1,39.99,39.99,82.95
1847,2024-01-25 17:08:19,Regular,25,Riding Spurs,Rodeo_Gear,1,22.99,22.99,82.95
1847,2024-01-25 17:08:19,Regular,6,Campfire Coffee,Cowboy_Food,1,7.99,7.99,82.95
1848,2024-01-25 15:45:42,Regular,25,Riding Spurs,Rodeo_Gear,1,22.99,22.99,22.99
1849,2024-01-25 14:42:22,Bulk,9,Dried Apple Slices,Cowboy_Food,1,4.99,4.99,190.38
1849,2024-01-25 14:42:22,Bulk,7,Prairie Honey,Cowboy_Food,2,6.49,12.98,190.38
1849,2024-01-25 14:42:22,Bulk,12,Horse Feed Sack,Ranch_Supplies,1,19.99,19.99,190.38
1849,2024-01-25 14:42:22,Bulk,22,Flannel Shirt,Western_Apparel,2,29.99,59.98,190.38
1849,2024-01-25 14:42:22,Bulk,5,Cornbread Mix,Cowboy_Food,1,3.49,3.49,190.38
1849,2024-01-25 14:42:22,Bulk,26,Rodeo Rope,Rodeo_Gear,1,18.99,18.99,190.38
1849,2024-01-25 14:42:22,Bulk,25,Riding Spurs,Rodeo_Gear,1,22.99,22.99,190.38
1849,2024-01-25 14:42:22,Bulk,4,Trail Beef Jerky,Cowboy_Food,1,5.99,5.99,190.38
1849,2024-01-25 14:42:22,Bulk,16,Hay Bale Twine,Ranch_Supplies,1,5.99,5.99,190.38
1849,2024-01-25 14:42:22,Bulk,19,Cowboy Hat,Western_Apparel,1,34.99,34.99,190.38
1850,2024-01-25 10:00:58,Tourist,23,Leather Belt,Western_Apparel,1,19.99,19.99,94.95
1850,2024-01-25 10:00:58,Tourist,12,Horse Feed Sack,Ranch_Supplies,1,19.99,19.99,94.95
1850,2024-01-25 10:00:58,Tourist,29,Leather Wallet,Leather_Goods,1,24.99,24.99,94.95
1850,2024-01-25 10:00:58,Tourist,11,Lasso Rope,Ranch_Supplies,1,14.99,14.99,94.95
1850,2024-01-25 10:00:58,Tourist,30,Leather Journal,Leather_Goods,1,14.99,14.99,94.95
1851,2024-01-25 16:13:10,Casual,26,Rodeo Rope,Rodeo_Gear,1,18.99,18.99,77.44
1851,2024-01-25 16:13:10,Casual,21,Red Bandana,Western_Apparel,1,4.99,4.99,77.44
1851,2024-01-25 16:13:10,Casual,4,Trail Beef Jerky,Cowboy_Food,1,5.99,5.99,77.44
1851,2024-01-25 16:13:10,Casual,25,Riding Spurs,Rodeo_Gear,1,22.99,22.99,77.44
1851,2024-01-25 16:13:10,Casual,12,Horse Feed Sack,Ranch_Supplies,1,19.99,19.99,77.44
1851,2024-01-25 16:13:10,Casual,3,Smoky BBQ Sauce,Cowboy_Food,1,4.49,4.49,77.44
1852,2024-01-25 17:43:16,Bulk,21,Red Bandana,Western_Apparel,1,4.99,4.99,47.43
1852,2024-01-25 17:43:16,Bulk,2,Campfire Chili,Cowboy_Food,2,3.99,7.98,47.43
1852,2024-01-25 17:43:16,Bulk,26,Rodeo Rope,Rodeo_Gear,1,18.99,18.99,47.43
1852,2024-01-25 17:43:16,Bulk,5,Cornbread Mix,Cowboy_Food,1,3.49,3.49,47.43
1852,2024-01-25 17:43:16,Bulk,1,Chuckwagon Beans,Cowboy_Food,1,2.99,2.99,47.43
1852,2024-01-25 17:43:16,Bulk,10,Smoked Sausage Links,Cowboy_Food,1,8.99,8.99,47.43
1853,2024-01-25 16:29:56,Regular,19,Cowboy Hat,Western_Apparel,1,34.99,34.99,39.98
1853,2024-01-25 16:29:56,Regular,21,Red Bandana,Western_Apparel,1,4.99,4.99,39.98
1854,2024-01-25 14:19:14,Tourist,5,Cornbread Mix,Cowboy_Food,2,3.49,6.98,23.45
1854,2024-01-25 14:19:14,Tourist,21,Red Bandana,Western_Apparel,2,4.99,9.98,23.45
1854,2024-01-25 14:19:14,Tourist,7,Prairie Honey,Cowboy_Food,1,6.49,6.49,23.45
1855,2024-01-25 16:04:37,Casual,19,Cowboy Hat,Western_Apparel,1,34.99,34.99,59.97
1855,2024-01-25 16:04:37,Casual,23,Leather Belt,Western_Apparel,1,19.99,19.99,59.97
1855,2024-01-25 16:04:37,Casual,9,Dried Apple Slices,Cowboy_Food,1,4.99,4.99,59.97
1856,2024-01-25 17:09:17,Casual,4,Trail Beef Jerky,Cowboy_Food,1,5.99,5.99,5.99
1857,2024-01-25 16:52:17,Regular,21,Red Bandana,Western_Apparel,2,4.99,9.98,33.96
1857,2024-01-25 16:52:17,Regular,26,Rodeo Rope,Rodeo_Gear,1,18.99,18.99,33.96
1857,2024-01-25 16:52:17,Regular,9,Dried Apple Slices,Cowboy_Food,1,4.99,4.99,33.96
1858,2024-01-25 15:16:40,Regular,19,Cowboy Hat,Western_Apparel,1,34.99,34.99,59.98
1858,2024-01-25 15:16:40,Regular,18,Branding Iron,Ranch_Supplies,1,24.99,24.99,59.98
1859,2024-01-25 13:31:47,Regular,5,Cornbread Mix,Cowboy_Food,1,3.49,3.49,3.49
1860,2024-01-25 14:12:13,Regular,21,Red Bandana,Western_Apparel,1,4.99,4.99,32.44
1860,2024-01-25 14:12:13,Regular,13,Saddle Oil,Ranch_Supplies,1,9.99,9.99,32.44
1860,2024-01-25 14:12:13,Regular,1,Chuckwagon Beans,Cowboy_Food,1,2.99,2.99,32.44
1860,2024-01-25 14:12:13,Regular,16,Hay Bale Twine,Ranch_Supplies,2,5.99,11.98,32.44
1860,2024-01-25 14:12:13,Regular,8,Hardtack Biscuits,Cowboy_Food,1,2.49,2.49,32.44
1861,2024-01-25 17:48:58,Regular,2,Campfire Chili,Cowboy_Food,1,3.99,3.99,159.95
1861,2024-01-25 17:48:58,Regular,20,Cowboy Boots,Western_Apparel,1,89.99,89.99,159.95
1861,2024-01-25 17:48:58,Regular,15,Fence Wire (50ft),Ranch_Supplies,2,12.99,25.98,159.95
1861,2024-01-25 17:48:58,Regular,24,Denim Vest,Western_Apparel,1,39.99,39.99,159.95
1862,2024-01-25 11:25:05,Casual,6,Campfire Coffee,Cowboy_Food,2,7.99,15.98,137.92
1862,2024-01-25 11:25:05,Casual,19,Cowboy Hat,Western_Apparel,1,34.99,34.99,137.92
1862,2024-01-25 11:25:05,Casual,11,Lasso Rope,Ranch_Supplies,1,14.99,14.99,137.92
1862,2024-01-25 11:25:05,Casual,1,Chuckwagon Beans,Cowboy_Food,1,2.99,2.99,137.92
1862,2024-01-25 11:25:05,Casual,28,Leather Saddlebag,Leather_Goods,1,59.99,59.99,137.92
1862,2024-01-25 11:25:05,Casual,2,Campfire Chili,Cowboy_Food,1,3.99,3.99,137.92
1862,2024-01-25 11:25:05,Casual,9,Dried Apple Slices,Cowboy_Food,1,4.99,4.99,137.92
1863,2024-01-25 17:28:06,Regular,5,Cornbread Mix,Cowboy_Food,1,3.49,3.49,13.97
1863,2024-01-25 17:28:06,Regular,6,Campfire Coffee,Cowboy_Food,1,7.99,7.99,13.97
1863,2024-01-25 17:28:06,Regular,8,Hardtack Biscuits,Cowboy_Food,1,2.49,2.49,13.97
1864,2024-01-25 11:37:58,Regular,6,Campfire Coffee,Cowboy_Food,1,7.99,7.99,29.97
1864,2024-01-25 11:37:58,Regular,15,Fence Wire (50ft),Ranch_Supplies,1,12.99,12.99,29.97
1864,2024-01-25 11:37:58,Regular,10,Smoked Sausage Links,Cowboy_Food,1,8.99,8.99,29.97
1865,2024-01-25 18:36:03,Casual,11,Lasso Rope,Ranch_Supplies,1,14.99,14.99,14.99
1866,2024-01-25 14:53:18,Tourist,13,Saddle Oil,Ranch_Supplies,2,9.99,19.98,93.45
1866,2024-01-25 14:53:18,Tourist,22,Flannel Shirt,Western_Apparel,1,29.99,29.99,93.45
1866,2024-01-25 14:53:18,Tourist,19,Cowboy Hat,Western_Apparel,1,34.99,34.99,93.45
1866,2024-01-25 14:53:18,Tourist,17,Stock Tank Float,Ranch_Supplies,1,8.49,8.49,93.45
1867,2024-01-25 16:42:07,Regular,5,Cornbread Mix,Cowboy_Food,1,3.49,3.49,13.47
1867,2024-01-25 16:42:07,Regular,2,Campfire Chili,Cowboy_Food,1,3.99,3.99,13.47
1867,2024-01-25 16:42:07,Regular,16,Hay Bale Twine,Ranch_Supplies,1,5.99,5.99,13.47
1868,2024-01-25 16:41:13,Regular,25,Riding Spurs,Rodeo_Gear,1,22.99,22.99,89.43
1868,2024-01-25 16:41:13,Regular,17,Stock Tank Float,Ranch_Supplies,1,8.49,8.49,89.43
1868,2024-01-25 16:41:13,Regular,21,Red Bandana,Western_Apparel,1,4.99,4.99,89.43
1868,2024-01-25 16:41:13,Regular,29,Leather Wallet,Leather_Goods,1,24.99,24.99,89.43
1868,2024-01-25 16:41:13,Regular,30,Leather Journal,Leather_Goods,1,14.99,14.99,89.43
1868,2024-01-25 16:41:13,Regular,14,Work Gloves,Ranch_Supplies,1,6.99,6.99,89.43
1868,2024-01-25 16:41:13,Regular,4,Trail Beef Jerky,Cowboy_Food,1,5.99,5.99,89.43
1869,2024-01-25 16:55:04,Casual,21,Red Bandana,Western_Apparel,2,4.99,9.98,301.39
1869,2024-01-25 16:55:04,Casual,14,Work Gloves,Ranch_Supplies,2,6.99,13.98,301.39
1869,2024-01-25 16:55:04,Casual,27,Bull Rope Rosin,Rodeo_Gear,1,7.49,7.49,301.39
1869,2024-01-25 16:55:04,Casual,30,Leather Journal,Leather_Goods,1,14.99,14.99,301.39
1869,2024-01-25 16:55:04,Casual,24,Denim Vest,Western_Apparel,1,39.99,39.99,301.39
1869,2024-01-25 16:55:04,Casual,28,Leather Saddlebag,Leather_Goods,3,59.99,179.97,301.39
1869,2024-01-25 16:55:04,Casual,19,Cowboy Hat,Western_Apparel,1,34.99,34.99,301.39
1870,2024-01-25 17:00:21,Tourist,5,Cornbread Mix,Cowboy_Food,1,3.49,3.49,79.45
1870,2024-01-25 17:00:21,Tourist,4,Trail Beef Jerky,Cowboy_Food,1,5.99,5.99,79.45
1870,2024-01-25 17:00:21,Tourist,21,Red Bandana,Western_Apparel,1,4.99,4.99,79.45
1870,2024-01-25 17:00:21,Tourist,9,Dried Apple Slices,Cowboy_Food,1,4.99,4.99,79.45
1870,2024-01-25 17:00:21,Tourist,28,Leather Saddlebag,Leather_Goods,1,59.99,59.99,79.45
1871,2024-01-25 10:06:17,Bulk,16,Hay Bale Twine,Ranch_Supplies,1,5.99,5.99,45.46
1871,2024-01-25 10:06:17,Bulk,23,Leather Belt,Western_Apparel,1,19.99,19.99,45.46
1871,2024-01-25 10:06:17,Bulk,30,Leather Journal,Leather_Goods,1,14.99,14.99,45.46
1871,2024-01-25 10:06:17,Bulk,3,Smoky BBQ Sauce,Cowboy_Food,1,4.49,4.49,45.46
1872,2024-01-25 12:17:09,Regular,30,Leather Journal,Leather_Goods,2,14.99,29.98,109.4
1872,2024-01-25 12:17:09,Regular,5,Cornbread Mix,Cowboy_Food,1,3.49,3.49,109.4
1872,2024-01-25 12:17:09,Regular,23,Leather Belt,Western_Apparel,1,19.99,19.99,109.4
1872,2024-01-25 12:17:09,Regular,8,Hardtack Biscuits,Cowboy_Food,2,2.49,4.98,109.4
1872,2024-01-25 12:17:09,Regular,2,Campfire Chili,Cowboy_Food,2,3.99,7.98,109.4
1872,2024-01-25 12:17:09,Regular,25,Riding Spurs,Rodeo_Gear,1,22.99,22.99,109.4
1872,2024-01-25 12:17:09,Regular,12,Horse Feed Sack,Ranch_Supplies,1,19.99,19.99,109.4
1873,2024-01-25 11:54:43,Bulk,20,Cowboy Boots,Western_Apparel,1,89.99,89.99,241.35
1873,2024-01-25 11:54:43,Bulk,21,Red Bandana,Western_Apparel,1,4.99,4.99,241.35
1873,2024-01-25 11:54:43,Bulk,5,Cornbread Mix,Cowboy_Food,1,3.49,3.49,241.35
1873,2024-01-25 11:54:43,Bulk,15,Fence Wire (50ft),Ranch_Supplies,1,12.99,12.99,241.35
1873,2024-01-25 11:54:43,Bulk,10,Smoked Sausage Links,Cowboy_Food,1,8.99,8.99,241.35
1873,2024-01-25 11:54:43,Bulk,2,Campfire Chili,Cowboy_Food,1,3.99,3.99,241.35
1873,2024-01-25 11:54:43,Bulk,9,Dried Apple Slices,Cowboy_Food,1,4.99,4.99,241.35
1873,2024-01-25 11:54:43,Bulk,27,Bull Rope Rosin,Rodeo_Gear,1,7.49,7.49,241.35
1873,2024-01-25 11:54:43,Bulk,8,Hardtack Biscuits,Cowboy_Food,1,2.49,2.49,241.35
1873,2024-01-25 11:54:43,Bulk,6,Campfire Coffee,Cowboy_Food,1,7.99,7.99,241.35
1873,2024-01-25 11:54:43,Bulk,29,Leather Wallet,Leather_Goods,2,24.99,49.98,241.35
1873,2024-01-25 11:54:43,Bulk,11,Lasso Rope,Ranch_Supplies,1,14.99,14.99,241.35
1873,2024-01-25 11:54:43,Bulk,26,Rodeo Rope,Rodeo_Gear,1,18.99,18.99,241.35
1873,2024-01-25 11:54:43,Bulk,13,Saddle Oil,Ranch_Supplies,1,9.99,9.99,241.35
1874,2024-01-25 16:31:02,Casual,13,Saddle Oil,Ranch_Supplies,1,9.99,9.99,18.98
1874,2024-01-25 16:31:02,Casual,10,Smoked Sausage Links,Cowboy_Food,1,8.99,8.99,18.98
1875,2024-01-25 16:26:28,Regular,17,Stock Tank Float,Ranch_Supplies,1,8.49,8.49,53.94
1875,2024-01-25 16:26:28,Regular,13,Saddle Oil,Ranch_Supplies,1,9.99,9.99,53.94
1875,2024-01-25 16:26:28,Regular,27,Bull Rope Rosin,Rodeo_Gear,1,7.49,7.49,53.94
1875,2024-01-25 16:26:28,Regular,11,Lasso Rope,Ranch_Supplies,1,14.99,14.99,53.94
1875,2024-01-25 16:26:28,Regular,21,Red Bandana,Western_Apparel,1,4.99,4.99,53.94
1875,2024-01-25 16:26:28,Regular,6,Campfire Coffee,Cowboy_Food,1,7.99,7.99,53.94
1876,2024-01-25 12:32:18,Regular,30,Leather Journal,Leather_Goods,1,14.99,14.99,33.96
1876,2024-01-25 12:32:18,Regular,3,Smoky BBQ Sauce,Cowboy_Food,1,4.49,4.49,33.96
1876,2024-01-25 12:32:18,Regular,27,Bull Rope Rosin,Rodeo_Gear,1,7.49,7.49,33.96
1876,2024-01-25 12:32:18,Regular,14,Work Gloves,Ranch_Supplies,1,6.99,6.99,33.96
1877,2024-01-25 17:02:39,Casual,23,Leather Belt,Western_Apparel,1,19.99,19.99,111.95
1877,2024-01-25 17:02:39,Casual,26,Rodeo Rope,Rodeo_Gear,1,18.99,18.99,111.95
1877,2024-01-25 17:02:39,Casual,11,Lasso Rope,Ranch_Supplies,1,14.99,14.99,111.95
1877,2024-01-25 17:02:39,Casual,25,Riding Spurs,Rodeo_Gear,1,22.99,22.99,111.95
1877,2024-01-25 17:02:39,Casual,19,Cowboy Hat,Western_Apparel,1,34.99,34.99,111.95
1878,2024-01-25 12:43:20,Casual,3,Smoky BBQ Sauce,Cowboy_Food,1,4.49,4.49,4.49
1879,2024-01-25 13:10:28,Regular,19,Cowboy Hat,Western_Apparel,1,34.99,34.99,40.98
1879,2024-01-25 13:10:28,Regular,4,Trail Beef Jerky,Cowboy_Food,1,5.99,5.99,40.98
1880,2024-01-25 14:14:48,Casual,12,Horse Feed Sack,Ranch_Supplies,1,19.99,19.99,93.46
1880,2024-01-25 14:14:48,Casual,3,Smoky BBQ Sauce,Cowboy_Food,1,4.49,4.49,93.46
1880,2024-01-25 14:14:48,Casual,10,Smoked Sausage Links,Cowboy_Food,1,8.99,8.99,93.46
1880,2024-01-25 14:14:48,Casual,28,Leather Saddlebag,Leather_Goods,1,59.99,59.99,93.46
1881,2024-01-25 16:46:08,Bulk,17,Stock Tank Float,Ranch_Supplies,2,8.49,16.98,270.39
1881,2024-01-25 16:46:08,Bulk,10,Smoked Sausage Links,Cowboy_Food,1,8.99,8.99,270.39
1881,2024-01-25 16:46:08,Bulk,5,Cornbread Mix,Cowboy_Food,1,3.49,3.49,270.39
1881,2024-01-25 16:46:08,Bulk,20,Cowboy Boots,Western_Apparel,2,89.99,179.98,270.39
1881,2024-01-25 16:46:08,Bulk,12,Horse Feed Sack,Ranch_Supplies,1,19.99,19.99,270.39
1881,2024-01-25 16:46:08,Bulk,14,Work Gloves,Ranch_Supplies,1,6.99,6.99,270.39
1881,2024-01-25 16:46:08,Bulk,2,Campfire Chili,Cowboy_Food,1,3.99,3.99,270.39
1881,2024-01-25 16:46:08,Bulk,13,Saddle Oil,Ranch_Supplies,1,9.99,9.99,270.39
1881,2024-01-25 16:46:08,Bulk,23,Leather Belt,Western_Apparel,1,19.99,19.99,270.39
1882,2024-01-25 09:31:26,Regular,4,Trail Beef Jerky,Cowboy_Food,1,5.99,5.99,165.92
1882,2024-01-25 09:31:26,Regular,11,Lasso Rope,Ranch_Supplies,1,14.99,14.99,165.92
1882,2024-01-25 09:31:26,Regular,18,Branding Iron,Ranch_Supplies,1,24.99,24.99,165.92
1882,2024-01-25 09:31:26,Regular,28,Leather Saddlebag,Leather_Goods,1,59.99,59.99,165.92
1882,2024-01-25 09:31:26,Regular,24,Denim Vest,Western_Apparel,1,39.99,39.99,165.92
1882,2024-01-25 09:31:26,Regular,14,Work Gloves,Ranch_Supplies,1,6.99,6.99,165.92
1882,2024-01-25 09:31:26,Regular,13,Saddle Oil,Ranch_Supplies,1,9.99,9.99,165.92
1882,2024-01-25 09:31:26,Regular,1,Chuckwagon Beans,Cowboy_Food,1,2.99,2.99,165.92
1883,2024-01-25 17:47:33,Regular,29,Leather Wallet,Leather_Goods,1,24.99,24.99,122.96
1883,2024-01-25 17:47:33,Regular,20,Cowboy Boots,Western_Apparel,1,89.99,89.99,122.96
1883,2024-01-25 17:47:33,Regular,1,Chuckwagon Beans,Cowboy_Food,1,2.99,2.99,122.96
1883,2024-01-25 17:47:33,Regular,21,Red Bandana,Western_Apparel,1,4.99,4.99,122.96
1884,2024-01-25 16:29:44,Regular,19,Cowboy Hat,Western_Apparel,2,34.99,69.98,197.89
1884,2024-01-25 16:29:44,Regular,12,Horse Feed Sack,Ranch_Supplies,1,19.99,19.99,197.89
1884,2024-01-25 16:29:44,Regular,2,Campfire Chili,Cowboy_Food,2,3.99,7.98,197.89
1884,2024-01-25 16:29:44,Regular,24,Denim Vest,Western_Apparel,1,39.99,39.99,197.89
1884,2024-01-25 16:29:44,Regular,7,Prairie Honey,Cowboy_Food,1,6.49,6.49,197.89
1884,2024-01-25 16:29:44,Regular,18,Branding Iron,Ranch_Supplies,1,24.99,24.99,197.89
1884,2024-01-25 16:29:44,Regular,30,Leather Journal,Leather_Goods,1,14.99,14.99,197.89
1884,2024-01-25 16:29:44,Regular,13,Saddle Oil,Ranch_Supplies,1,9.99,9.99,197.89
1884,2024-01-25 16:29:44,Regular,5,Cornbread Mix,Cowboy_Food,1,3.49,3.49,197.89
1885,2024-01-25 15:54:32,Tourist,8,Hardtack Biscuits,Cowboy_Food,1,2.49,2.49,2.49
1886,2024-01-25 11:58:44,Regular,20,Cowboy Boots,Western_Apparel,1,89.99,89.99,99.96
1886,2024-01-25 11:58:44,Regular,9,Dried Apple Slices,Cowboy_Food,1,4.99,4.99,99.96
1886,2024-01-25 11:58:44,Regular,8,Hardtack Biscuits,Cowboy_Food,2,2.49,4.98,99.96
1887,2024-01-25 16:59:47,Casual,9,Dried Apple Slices,Cowboy_Food,1,4.99,4.99,12.98
1887,2024-01-25 16:59:47,Casual,6,Campfire Coffee,Cowboy_Food,1,7.99,7.99,12.98
1888,2024-01-25 17:32:47,Bulk,18,Branding Iron,Ranch_Supplies,1,24.99,24.99,92.94
1888,2024-01-25 17:32:47,Bulk,21,Red Bandana,Western_Apparel,1,4.99,4.99,92.94
1888,2024-01-25 17:32:47,Bulk,30,Leather Journal,Leather_Goods,1,14.99,14.99,92.94
1888,2024-01-25 17:32:47,Bulk,19,Cowboy Hat,Western_Apparel,1,34.99,34.99,92.94
1888,2024-01-25 17:32:47,Bulk,14,Work Gloves,Ranch_Supplies,1,6.99,6.99,92.94
1888,2024-01-25 17:32:47,Bulk,4,Trail Beef Jerky,Cowboy_Food,1,5.99,5.99,92.94
1889,2024-01-26 15:44:51,Casual,25,Riding Spurs,Rodeo_Gear,1,22.99,22.99,47.98
1889,2024-01-26 15:44:51,Casual,29,Leather Wallet,Leather_Goods,1,24.99,24.99,47.98
1890,2024-01-26 11:47:19,Casual,19,Cowboy Hat,Western_Apparel,1,34.99,34.99,78.46
1890,2024-01-26 11:47:19,Casual,7,Prairie Honey,Cowboy_Food,1,6.49,6.49,78.46
1890,2024-01-26 11:47:19,Casual,22,Flannel Shirt,Western_Apparel,1,29.99,29.99,78.46
1890,2024-01-26 11:47:19,Casual,14,Work Gloves,Ranch_Supplies,1,6.99,6.99,78.46
1891,2024-01-26 16:42:06,Casual,16,Hay Bale Twine,Ranch_Supplies,1,5.99,5.99,55.96
1891,2024-01-26 16:42:06,Casual,6,Campfire Coffee,Cowboy_Food,1,7.99,7.99,55.96
1891,2024-01-26 16:42:06,Casual,26,Rodeo Rope,Rodeo_Gear,1,18.99,18.99,55.96
1891,2024-01-26 16:42:06,Casual,25,Riding Spurs,Rodeo_Gear,1,22.99,22.99,55.96
1892,2024-01-26 16:15:59,Regular,16,Hay Bale Twine,Ranch_Supplies,2,5.99,11.98,31.95
1892,2024-01-26 16:15:59,Regular,21,Red Bandana,Western_Apparel,2,4.99,9.98,31.95
1892,2024-01-26 16:15:59,Regular,13,Saddle Oil,Ranch_Supplies,1,9.99,9.99,31.95
1893,2024-01-26 11:56:41,Bulk,11,Lasso Rope,Ranch_Supplies,1,14.99,14.99,136.93
1893,2024-01-26 11:56:41,Bulk,10,Smoked Sausage Links,Cowboy_Food,1,8.99,8.99,136.93
1893,2024-01-26 11:56:41,Bulk,19,Cowboy Hat,Western_Apparel,1,34.99,34.99,136.93
1893,2024-01-26 11:56:41,Bulk,30,Leather Journal,Leather_Goods,2,14.99,29.98,136.93
1893,2024-01-26 11:56:41,Bulk,25,Riding Spurs,Rodeo_Gear,1,22.99,22.99,136.93
1893,2024-01-26 11:56:41,Bulk,29,Leather Wallet,Leather_Goods,1,24.99,24.99,136.93
1894,2024-01-26 18:46:21,Regular,4,Trail Beef Jerky,Cowboy_Food,2,5.99,11.98,188.92
1894,2024-01-26 18:46:21,Regular,29,Leather Wallet,Leather_Goods,1,24.99,24.99,188.92
1894,2024-01-26 18:46:21,Regular,20,Cowboy Boots,Western_Apparel,1,89.99,89.99,188.92
1894,2024-01-26 18:46:21,Regular,10,Smoked Sausage Links,Cowboy_Food,1,8.99,8.99,188.92
1894,2024-01-26 18:46:21,Regular,23,Leather Belt,Western_Apparel,2,19.99,39.98,188.92
1894,2024-01-26 18:46:21,Regular,15,Fence Wire (50ft),Ranch_Supplies,1,12.99,12.99,188.92
1895,2024-01-26 18:11:51,Regular,11,Lasso Rope,Ranch_Supplies,2,14.99,29.98,133.9
1895,2024-01-26 18:11:51,Regular,2,Campfire Chili,Cowboy_Food,1,3.99,3.99,133.9
1895,2024-01-26 18:11:51,Regular,5,Cornbread Mix,Cowboy_Food,1,3.49,3.49,133.9
1895,2024-01-26 18:11:51,Regular,22,Flannel Shirt,Western_Apparel,1,29.99,29.99,133.9
1895,2024-01-26 18:11:51,Regular,6,Campfire Coffee,Cowboy_Food,2,7.99,15.98,133.9
1895,2024-01-26 18:11:51,Regular,19,Cowboy Hat,Western_Apparel,1,34.99,34.99,133.9
1895,2024-01-26 18:11:51,Regular,15,Fence Wire (50ft),Ranch_Supplies,1,12.99,12.99,133.9
1895,2024-01-26 18:11:51,Regular,8,Hardtack Biscuits,Cowboy_Food,1,2.49,2.49,133.9
1896,2024-01-26 12:13:21,Bulk,27,Bull Rope Rosin,Rodeo_Gear,1,7.49,7.49,120.92
1896,2024-01-26 12:13:21,Bulk,12,Horse Feed Sack,Ranch_Supplies,1,19.99,19.99,120.92
1896,2024-01-26 12:13:21,Bulk,10,Smoked Sausage Links,Cowboy_Food,2,8.99,17.98,120.92
1896,2024-01-26 12:13:21,Bulk,28,Leather Saddlebag,Leather_Goods,1,59.99,59.99,120.92
1896,2024-01-26 12:13:21,Bulk,3,Smoky BBQ Sauce,Cowboy_Food,1,4.49,4.49,120.92
1896,2024-01-26 12:13:21,Bulk,4,Trail Beef Jerky,Cowboy_Food,1,5.99,5.99,120.92
1896,2024-01-26 12:13:21,Bulk,21,Red Bandana,Western_Apparel,1,4.99,4.99,120.92
1897,2024-01-26 14:49:44,Casual,11,Lasso Rope,Ranch_Supplies,1,14.99,14.99,24.98
1897,2024-01-26 14:49:44,Casual,13,Saddle Oil,Ranch_Supplies,1,9.99,9.99,24.98
1898,2024-01-26 17:41:57,Bulk,3,Smoky BBQ Sauce,Cowboy_Food,1,4.49,4.49,159.38
1898,2024-01-26 17:41:57,Bulk,27,Bull Rope Rosin,Rodeo_Gear,1,7.49,7.49,159.38
1898,2024-01-26 17:41:57,Bulk,10,Smoked Sausage Links,Cowboy_Food,1,8.99,8.99,159.38
1898,2024-01-26 17:41:57,Bulk,11,Lasso Rope,Ranch_Supplies,1,14.99,14.99,159.38
1898,2024-01-26 17:41:57,Bulk,8,Hardtack Biscuits,Cowboy_Food,1,2.49,2.49,159.38
1898,2024-01-26 17:41:57,Bulk,12,Horse Feed Sack,Ranch_Supplies,1,19.99,19.99,159.38
1898,2024-01-26 17:41:57,Bulk,15,Fence Wire (50ft),Ranch_Supplies,1,12.99,12.99,159.38
1898,2024-01-26 17:41:57,Bulk,25,Riding Spurs,Rodeo_Gear,2,22.99,45.98,159.38
1898,2024-01-26 17:41:57,Bulk,21,Red Bandana,Western_Apparel,1,4.99,4.99,159.38
1898,2024-01-26 17:41:57,Bulk,14,Work Gloves,Ranch_Supplies,1,6.99,6.99,159.38
1898,2024-01-26 17:41:57,Bulk,22,Flannel Shirt,Western_Apparel,1,29.99,29.99,159.38
1899,2024-01-26 14:21:46,Regular,9,Dried Apple Slices,Cowboy_Food,1,4.99,4.99,4.99
1900,2024-01-26 18:15:39,Casual,3,Smoky BBQ Sauce,Cowboy_Food,1,4.49,4.49,21.47
1900,2024-01-26 18:15:39,Casual,6,Campfire Coffee,Cowboy_Food,1,7.99,7.99,21.47
1900,2024-01-26 18:15:39,Casual,10,Smoked Sausage Links,Cowboy_Food,1,8.99,8.99,21.47
1901,2024-01-26 11:39:11,Tourist,4,Trail Beef Jerky,Cowboy_Food,1,5.99,5.99,35.98
1901,2024-01-26 11:39:11,Tourist,22,Flannel Shirt,Western_Apparel,1,29.99,29.99,35.98
1902,2024-01-26 16:39:56,Regular,4,Trail Beef Jerky,Cowboy_Food,1,5.99,5.99,114.45
1902,2024-01-26 16:39:56,Regular,6,Campfire Coffee,Cowboy_Food,1,7.99,7.99,114.45
1902,2024-01-26 16:39:56,Regular,1,Chuckwagon Beans,Cowboy_Food,1,2.99,2.99,114.45
1902,2024-01-26 16:39:56,Regular,27,Bull Rope Rosin,Rodeo_Gear,1,7.49,7.49,114.45
1902,2024-01-26 16:39:56,Regular,20,Cowboy Boots,Western_Apparel,1,89.99,89.99,114.45
1903,2024-01-26 15:58:25,Casual,11,Lasso Rope,Ranch_Supplies,1,14.99,14.99,14.99
1904,2024-01-26 13:13:37,Casual,22,Flannel Shirt,Western_Apparel,1,29.99,29.99,34.48
1904,2024-01-26 13:13:37,Casual,3,Smoky BBQ Sauce,Cowboy_Food,1,4.49,4.49,34.48
1905,2024-01-26 16:37:36,Regular,6,Campfire Coffee,Cowboy_Food,1,7.99,7.99,7.99
1906,2024-01-26 09:50:14,Casual,2,Campfire Chili,Cowboy_Food,1,3.99,3.99,11.98
1906,2024-01-26 09:50:14,Casual,6,Campfire Coffee,Cowboy_Food,1,7.99,7.99,11.98
1907,2024-01-26 11:54:36,Tourist,19,Cowboy Hat,Western_Apparel,1,34.99,34.99,59.98
1907,2024-01-26 11:54:36,Tourist,29,Leather Wallet,Leather_Goods,1,24.99,24.99,59.98
1908,2024-01-26 12:11:23,Casual,13,Saddle Oil,Ranch_Supplies,1,9.99,9.99,109.44
1908,2024-01-26 12:11:23,Casual,19,Cowboy Hat,Western_Apparel,2,34.99,69.98,109.44
1908,2024-01-26 12:11:23,Casual,27,Bull Rope Rosin,Rodeo_Gear,1,7.49,7.49,109.44
1908,2024-01-26 12:11:23,Casual,14,Work Gloves,Ranch_Supplies,1,6.99,6.99,109.44
1908,2024-01-26 12:11:23,Casual,30,Leather Journal,Leather_Goods,1,14.99,14.99,109.44
1909,2024-01-26 10:59:20,Regular,8,Hardtack Biscuits,Cowboy_Food,1,2.49,2.49,254.42
1909,2024-01-26 10:59:20,Regular,7,Prairie Honey,Cowboy_Food,2,6.49,12.98,254.42
1909,2024-01-26 10:59:20,Regular,20,Cowboy Boots,Western_Apparel,2,89.99,179.98,254.42
1909,2024-01-26 10:59:20,Regular,26,Rodeo Rope,Rodeo_Gear,1,18.99,18.99,254.42
1909,2024-01-26 10:59:20,Regular,11,Lasso Rope,Ranch_Supplies,1,14.99,14.99,254.42
1909,2024-01-26 10:59:20,Regular,29,Leather Wallet,Leather_Goods,1,24.99,24.99,254.42
1910,2024-01-26 10:01:51,Bulk,1,Chuckwagon Beans,Cowboy_Food,2,2.99,5.98,143.9
1910,2024-01-26 10:01:51,Bulk,19,Cowboy Hat,Western_Apparel,2,34.99,69.98,143.9
1910,2024-01-26 10:01:51,Bulk,24,Denim Vest,Western_Apparel,1,39.99,39.99,143.9
1910,2024-01-26 10:01:51,Bulk,14,Work Gloves,Ranch_Supplies,2,6.99,13.98,143.9
1910,2024-01-26 10:01:51,Bulk,4,Trail Beef Jerky,Cowboy_Food,1,5.99,5.99,143.9
1910,2024-01-26 10:01:51,Bulk,5,Cornbread Mix,Cowboy_Food,1,3.49,3.49,143.9
1910,2024-01-26 10:01:51,Bulk,3,Smoky BBQ Sauce,Cowboy_Food,1,4.49,4.49,143.9
1911,2024-01-26 13:21:43,Casual,17,Stock Tank Float,Ranch_Supplies,1,8.49,8.49,68.48
1911,2024-01-26 13:21:43,Casual,28,Leather Saddlebag,Leather_Goods,1,59.99,59.99,68.48
1912,2024-01-26 11:48:29,Bulk,27,Bull Rope Rosin,Rodeo_Gear,2,7.49,14.98,421.3
1912,2024-01-26 11:48:29,Bulk,21,Red Bandana,Western_Apparel,1,4.99,4.99,421.3
1912,2024-01-26 11:48:29,Bulk,4,Trail Beef Jerky,Cowboy_Food,1,5.99,5.99,421.3
1912,2024-01-26 11:48:29,Bulk,26,Rodeo Rope,Rodeo_Gear,1,18.99,18.99,421.3
1912,2024-01-26 11:48:29,Bulk,19,Cowboy Hat,Western_Apparel,2,34.99,69.98,421.3
1912,2024-01-26 11:48:29,Bulk,14,Work Gloves,Ranch_Supplies,1,6.99,6.99,421.3
1912,2024-01-26 11:48:29,Bulk,7,Prairie Honey,Cowboy_Food,1,6.49,6.49,421.3
1912,2024-01-26 11:48:29,Bulk,1,Chuckwagon Beans,Cowboy_Food,2,2.99,5.98,421.3
1912,2024-01-26 11:48:29,Bulk,10,Smoked Sausage Links,Cowboy_Food,1,8.99,8.99,421.3
1912,2024-01-26 11:48:29,Bulk,28,Leather Saddlebag,Leather_Goods,1,59.99,59.99,421.3
1912,2024-01-26 11:48:29,Bulk,11,Lasso Rope,Ranch_Supplies,1,14.99,14.99,421.3
1912,2024-01-26 11:48:29,Bulk,3,Smoky BBQ Sauce,Cowboy_Food,2,4.49,8.98,421.3
1912,2024-01-26 11:48:29,Bulk,20,Cowboy Boots,Western_Apparel,2,89.99,179.98,421.3
1912,2024-01-26 11:48:29,Bulk,6,Campfire Coffee,Cowboy_Food,1,7.99,7.99,421.3
1912,2024-01-26 11:48:29,Bulk,16,Hay Bale Twine,Ranch_Supplies,1,5.99,5.99,421.3
1913,2024-01-26 11:07:01,Regular,6,Campfire Coffee,Cowboy_Food,1,7.99,7.99,86.97
1913,2024-01-26 11:07:01,Regular,28,Leather Saddlebag,Leather_Goods,1,59.99,59.99,86.97
1913,2024-01-26 11:07:01,Regular,26,Rodeo Rope,Rodeo_Gear,1,18.99,18.99,86.97
1914,2024-01-26 11:19:42,Regular,25,Riding Spurs,Rodeo_Gear,1,22.99,22.99,195.9
1914,2024-01-26 11:19:42,Regular,29,Leather Wallet,Leather_Goods,1,24.99,24.99,195.9
1914,2024-01-26 11:19:42,Regular,5,Cornbread Mix,Cowboy_Food,1,3.49,3.49,195.9
1914,2024-01-26 11:19:42,Regular,19,Cowboy Hat,Western_Apparel,1,34.99,34.99,195.9
1914,2024-01-26 11:19:42,Regular,23,Leather Belt,Western_Apparel,1,19.99,19.99,195.9
1914,2024-01-26 11:19:42,Regular,16,Hay Bale Twine,Ranch_Supplies,1,5.99,5.99,195.9
1914,2024-01-26 11:19:42,Regular,28,Leather Saddlebag,Leather_Goods,1,59.99,59.99,195.9
1914,2024-01-26 11:19:42,Regular,14,Work Gloves,Ranch_Supplies,1,6.99,6.99,195.9
1914,2024-01-26 11:19:42,Regular,7,Prairie Honey,Cowboy_Food,1,6.49,6.49,195.9
1914,2024-01-26 11:19:42,Regular,13,Saddle Oil,Ranch_Supplies,1,9.99,9.99,195.9
1915,2024-01-26 17:14:44,Casual,19,Cowboy Hat,Western_Apparel,1,34.99,34.99,34.99
1916,2024-01-26 10:46:09,Regular,13,Saddle Oil,Ranch_Supplies,1,9.99,9.99,9.99
1917,2024-01-26 16:39:45,Tourist,5,Cornbread Mix,Cowboy_Food,1,3.49,3.49,48.44
1917,2024-01-26 16:39:45,Tourist,2,Campfire Chili,Cowboy_Food,1,3.99,3.99,48.44
1917,2024-01-26 16:39:45,Tourist,12,Horse Feed Sack,Ranch_Supplies,1,19.99,19.99,48.44
1917,2024-01-26 16:39:45,Tourist,9,Dried Apple Slices,Cowboy_Food,1,4.99,4.99,48.44
1917,2024-01-26 16:39:45,Tourist,16,Hay Bale Twine,Ranch_Supplies,1,5.99,5.99,48.44
1917,2024-01-26 16:39:45,Tourist,13,Saddle Oil,Ranch_Supplies,1,9.99,9.99,48.44
1918,2024-01-26 10:19:23,Regular,15,Fence Wire (50ft),Ranch_Supplies,1,12.99,12.99,12.99
1919,2024-01-26 10:08:43,Casual,21,Red Bandana,Western_Apparel,1,4.99,4.99,4.99
1920,2024-01-26 14:49:50,Regular,18,Branding Iron,Ranch_Supplies,1,24.99,24.99,68.97
1920,2024-01-26 14:49:50,Regular,2,Campfire Chili,Cowboy_Food,1,3.99,3.99,68.97
1920,2024-01-26 14:49:50,Regular,24,Denim Vest,Western_Apparel,1,39.99,39.99,68.97
1921,2024-01-26 13:56:42,Casual,22,Flannel Shirt,Western_Apparel,1,29.99,29.99,82.46
1921,2024-01-26 13:56:42,Casual,9,Dried Apple Slices,Cowboy_Food,1,4.99,4.99,82.46
1921,2024-01-26 13:56:42,Casual,27,Bull Rope Rosin,Rodeo_Gear,1,7.49,7.49,82.46
1921,2024-01-26 13:56:42,Casual,24,Denim Vest,Western_Apparel,1,39.99,39.99,82.46
1922,2024-01-26 15:39:56,Casual,9,Dried Apple Slices,Cowboy_Food,1,4.99,4.99,42.97
1922,2024-01-26 15:39:56,Casual,19,Cowboy Hat,Western_Apparel,1,34.99,34.99,42.97
1922,2024-01-26 15:39:56,Casual,1,Chuckwagon Beans,Cowboy_Food,1,2.99,2.99,42.97
1923,2024-01-26 16:32:04,Regular,15,Fence Wire (50ft),Ranch_Supplies,2,12.99,25.98,40.97
1923,2024-01-26 16:32:04,Regular,11,Lasso Rope,Ranch_Supplies,1,14.99,14.99,40.97
1924,2024-01-26 12:41:19,Regular,28,Leather Saddlebag,Leather_Goods,1,59.99,59.99,85.97
1924,2024-01-26 12:41:19,Regular,12,Horse Feed Sack,Ranch_Supplies,1,19.99,19.99,85.97
1924,2024-01-26 12:41:19,Regular,4,Trail Beef Jerky,Cowboy_Food,1,5.99,5.99,85.97
1925,2024-01-26 11:37:03,Tourist,13,Saddle Oil,Ranch_Supplies,1,9.99,9.99,41.96
1925,2024-01-26 11:37:03,Tourist,12,Horse Feed Sack,Ranch_Supplies,1,19.99,19.99,41.96
1925,2024-01-26 11:37:03,Tourist,6,Campfire Coffee,Cowboy_Food,1,7.99,7.99,41.96
1925,2024-01-26 11:37:03,Tourist,2,Campfire Chili,Cowboy_Food,1,3.99,3.99,41.96
1926,2024-01-26 17:12:10,Casual,1,Chuckwagon Beans,Cowboy_Food,1,2.99,2.99,127.97
1926,2024-01-26 17:12:10,Casual,20,Cowboy Boots,Western_Apparel,1,89.99,89.99,127.97
1926,2024-01-26 17:12:10,Casual,19,Cowboy Hat,Western_Apparel,1,34.99,34.99,127.97
1927,2024-01-26 11:23:22,Bulk,19,Cowboy Hat,Western_Apparel,1,34.99,34.99,219.89
1927,2024-01-26 11:23:22,Bulk,20,Cowboy Boots,Western_Apparel,1,89.99,89.99,219.89
1927,2024-01-26 11:23:22,Bulk,9,Dried Apple Slices,Cowboy_Food,1,4.99,4.99,219.89
1927,2024-01-26 11:23:22,Bulk,26,Rodeo Rope,Rodeo_Gear,1,18.99,18.99,219.89
1927,2024-01-26 11:23:22,Bulk,4,Trail Beef Jerky,Cowboy_Food,1,5.99,5.99,219.89
1927,2024-01-26 11:23:22,Bulk,7,Prairie Honey,Cowboy_Food,1,6.49,6.49,219.89
1927,2024-01-26 11:23:22,Bulk,30,Leather Journal,Leather_Goods,1,14.99,14.99,219.89
1927,2024-01-26 11:23:22,Bulk,29,Leather Wallet,Leather_Goods,1,24.99,24.99,219.89
1927,2024-01-26 11:23:22,Bulk,14,Work Gloves,Ranch_Supplies,2,6.99,13.98,219.89
1927,2024-01-26 11:23:22,Bulk,3,Smoky BBQ Sauce,Cowboy_Food,1,4.49,4.49,219.89
1928,2024-01-26 17:04:01,Regular,2,Campfire Chili,Cowboy_Food,1,3.99,3.99,86.93
1928,2024-01-26 17:04:01,Regular,12,Horse Feed Sack,Ranch_Supplies,1,19.99,19.99,86.93
1928,2024-01-26 17:04:01,Regular,8,Hardtack Biscuits,Cowboy_Food,1,2.49,2.49,86.93
1928,2024-01-26 17:04:01,Regular,19,Cowboy Hat,Western_Apparel,1,34.99,34.99,86.93
1928,2024-01-26 17:04:01,Regular,10,Smoked Sausage Links,Cowboy_Food,2,8.99,17.98,86.93
1928,2024-01-26 17:04:01,Regular,27,Bull Rope Rosin,Rodeo_Gear,1,7.49,7.49,86.93
1929,2024-01-26 15:54:23,Tourist,3,Smoky BBQ Sauce,Cowboy_Food,1,4.49,4.49,77.96
1929,2024-01-26 15:54:23,Tourist,13,Saddle Oil,Ranch_Supplies,1,9.99,9.99,77.96
1929,2024-01-26 15:54:23,Tourist,28,Leather Saddlebag,Leather_Goods,1,59.99,59.99,77.96
1929,2024-01-26 15:54:23,Tourist,5,Cornbread Mix,Cowboy_Food,1,3.49,3.49,77.96
1930,2024-01-26 12:27:07,Casual,25,Riding Spurs,Rodeo_Gear,2,22.99,45.98,52.47
1930,2024-01-26 12:27:07,Casual,7,Prairie Honey,Cowboy_Food,1,6.49,6.49,52.47
1931,2024-01-26 12:45:06,Regular,7,Prairie Honey,Cowboy_Food,1,6.49,6.49,136.46
1931,2024-01-26 12:45:06,Regular,18,Branding Iron,Ranch_Supplies,1,24.99,24.99,136.46
1931,2024-01-26 12:45:06,Regular,11,Lasso Rope,Ranch_Supplies,1,14.99,14.99,136.46
1931,2024-01-26 12:45:06,Regular,20,Cowboy Boots,Western_Apparel,1,89.99,89.99,136.46
1932,2024-01-26 13:42:50,Regular,7,Prairie Honey,Cowboy_Food,1,6.49,6.49,46.48
1932,2024-01-26 13:42:50,Regular,24,Denim Vest,Western_Apparel,1,39.99,39.99,46.48
1933,2024-01-26 15:55:44,Regular,6,Campfire Coffee,Cowboy_Food,1,7.99,7.99,72.45
1933,2024-01-26 15:55:44,Regular,5,Cornbread Mix,Cowboy_Food,1,3.49,3.49,72.45
1933,2024-01-26 15:55:44,Regular,29,Leather Wallet,Leather_Goods,1,24.99,24.99,72.45
1933,2024-01-26 15:55:44,Regular,4,Trail Beef Jerky,Cowboy_Food,1,5.99,5.99,72.45
1933,2024-01-26 15:55:44,Regular,22,Flannel Shirt,Western_Apparel,1,29.99,29.99,72.45
1934,2024-01-26 18:35:27,Casual,2,Campfire Chili,Cowboy_Food,1,3.99,3.99,3.99
1935,2024-01-26 12:48:34,Casual,13,Saddle Oil,Ranch_Supplies,1,9.99,9.99,158.95
1935,2024-01-26 12:48:34,Casual,20,Cowboy Boots,Western_Apparel,1,89.99,89.99,158.95
1935,2024-01-26 12:48:34,Casual,26,Rodeo Rope,Rodeo_Gear,1,18.99,18.99,158.95
1935,2024-01-26 12:48:34,Casual,29,Leather Wallet,Leather_Goods,1,24.99,24.99,158.95
1935,2024-01-26 12:48:34,Casual,30,Leather Journal,Leather_Goods,1,14.99,14.99,158.95
1936,2024-01-26 18:06:17,Regular,19,Cowboy Hat,Western_Apparel,1,34.99,34.99,152.94
1936,2024-01-26 18:06:17,Regular,30,Leather Journal,Leather_Goods,1,14.99,14.99,152.94
1936,2024-01-26 18:06:17,Regular,2,Campfire Chili,Cowboy_Food,1,3.99,3.99,152.94
1936,2024-01-26 18:06:17,Regular,1,Chuckwagon Beans,Cowboy_Food,1,2.99,2.99,152.94
1936,2024-01-26 18:06:17,Regular,20,Cowboy Boots,Western_Apparel,1,89.99,89.99,152.94
1936,2024-01-26 18:06:17,Regular,16,Hay Bale Twine,Ranch_Supplies,1,5.99,5.99,152.94
1937,2024-01-26 11:42:29,Regular,16,Hay Bale Twine,Ranch_Supplies,1,5.99,5.99,5.99
1938,2024-01-26 10:56:46,Regular,1,Chuckwagon Beans,Cowboy_Food,1,2.99,2.99,17.47
1938,2024-01-26 10:56:46,Regular,16,Hay Bale Twine,Ranch_Supplies,1,5.99,5.99,17.47
1938,2024-01-26 10:56:46,Regular,17,Stock Tank Float,Ranch_Supplies,1,8.49,8.49,17.47
1939,2024-01-26 15:33:31,Regular,25,Riding Spurs,Rodeo_Gear,1,22.99,22.99,22.99
1940,2024-01-26 18:32:47,Tourist,15,Fence Wire (50ft),Ranch_Supplies,2,12.99,25.98,37.46
1940,2024-01-26 18:32:47,Tourist,8,Hardtack Biscuits,Cowboy_Food,1,2.49,2.49,37.46
1940,2024-01-26 18:32:47,Tourist,10,Smoked Sausage Links,Cowboy_Food,1,8.99,8.99,37.46
1941,2024-01-26 15:13:29,Casual,22,Flannel Shirt,Western_Apparel,1,29.99,29.99,29.99
1942,2024-01-26 17:04:21,Regular,29,Leather Wallet,Leather_Goods,1,24.99,24.99,89.44
1942,2024-01-26 17:04:21,Regular,27,Bull Rope Rosin,Rodeo_Gear,1,7.49,7.49,89.44
1942,2024-01-26 17:04:21,Regular,22,Flannel Shirt,Western_Apparel,1,29.99,29.99,89.44
1942,2024-01-26 17:04:21,Regular,14,Work Gloves,Ranch_Supplies,1,6.99,6.99,89.44
1942,2024-01-26 17:04:21,Regular,11,Lasso Rope,Ranch_Supplies,1,14.99,14.99,89.44
1942,2024-01-26 17:04:21,Regular,21,Red Bandana,Western_Apparel,1,4.99,4.99,89.44
1943,2024-01-26 15:06:53,Regular,6,Campfire Coffee,Cowboy_Food,1,7.99,7.99,36.95
1943,2024-01-26 15:06:53,Regular,4,Trail Beef Jerky,Cowboy_Food,1,5.99,5.99,36.95
1943,2024-01-26 15:06:53,Regular,9,Dried Apple Slices,Cowboy_Food,1,4.99,4.99,36.95
1943,2024-01-26 15:06:53,Regular,10,Smoked Sausage Links,Cowboy_Food,2,8.99,17.98,36.95
1944,2024-01-26 17:22:54,Regular,10,Smoked Sausage Links,Cowboy_Food,1,8.99,8.99,14.97
1944,2024-01-26 17:22:54,Regular,1,Chuckwagon Beans,Cowboy_Food,2,2.99,5.98,14.97
1945,2024-01-26 17:09:13,Casual,4,Trail Beef Jerky,Cowboy_Food,1,5.99,5.99,5.99
1946,2024-01-26 16:27:27,Regular,19,Cowboy Hat,Western_Apparel,1,34.99,34.99,163.43
1946,2024-01-26 16:27:27,Regular,14,Work Gloves,Ranch_Supplies,1,6.99,6.99,163.43
1946,2024-01-26 16:27:27,Regular,9,Dried Apple Slices,Cowboy_Food,2,4.99,9.98,163.43
1946,2024-01-26 16:27:27,Regular,20,Cowboy Boots,Western_Apparel,1,89.99,89.99,163.43
1946,2024-01-26 16:27:27,Regular,7,Prairie Honey,Cowboy_Food,1,6.49,6.49,163.43
1946,2024-01-26 16:27:27,Regular,11,Lasso Rope,Ranch_Supplies,1,14.99,14.99,163.43
1947,2024-01-26 16:04:46,Regular,17,Stock Tank Float,Ranch_Supplies,1,8.49,8.49,22.97
1947,2024-01-26 16:04:46,Regular,3,Smoky BBQ Sauce,Cowboy_Food,1,4.49,4.49,22.97
1947,2024-01-26 16:04:46,Regular,13,Saddle Oil,Ranch_Supplies,1,9.99,9.99,22.97
1948,2024-01-26 15:28:15,Tourist,13,Saddle Oil,Ranch_Supplies,1,9.99,9.99,23.47
1948,2024-01-26 15:28:15,Tourist,21,Red Bandana,Western_Apparel,1,4.99,4.99,23.47
1948,2024-01-26 15:28:15,Tourist,17,Stock Tank Float,Ranch_Supplies,1,8.49,8.49,23.47
1949,2024-01-26 18:16:44,Bulk,22,Flannel Shirt,Western_Apparel,1,29.99,29.99,91.46
1949,2024-01-26 18:16:44,Bulk,11,Lasso Rope,Ranch_Supplies,1,14.99,14.99,91.46
1949,2024-01-26 18:16:44,Bulk,24,Denim Vest,Western_Apparel,1,39.99,39.99,91.46
1949,2024-01-26 18:16:44,Bulk,7,Prairie Honey,Cowboy_Food,1,6.49,6.49,91.46
1950,2024-01-26 15:43:53,Casual,16,Hay Bale Twine,Ranch_Supplies,2,5.99,11.98,111.95
1950,2024-01-26 15:43:53,Casual,2,Campfire Chili,Cowboy_Food,1,3.99,3.99,111.95
1950,2024-01-26 15:43:53,Casual,20,Cowboy Boots,Western_Apparel,1,89.99,89.99,111.95
1950,2024-01-26 15:43:53,Casual,4,Trail Beef Jerky,Cowboy_Food,1,5.99,5.99,111.95
1951,2024-01-26 13:04:14,Regular,18,Branding Iron,Ranch_Supplies,1,24.99,24.99,79.94
1951,2024-01-26 13:04:14,Regular,27,Bull Rope Rosin,Rodeo_Gear,1,7.49,7.49,79.94
1951,2024-01-26 13:04:14,Regular,22,Flannel Shirt,Western_Apparel,1,29.99,29.99,79.94
1951,2024-01-26 13:04:14,Regular,5,Cornbread Mix,Cowboy_Food,1,3.49,3.49,79.94
1951,2024-01-26 13:04:14,Regular,6,Campfire Coffee,Cowboy_Food,1,7.99,7.99,79.94
1951,2024-01-26 13:04:14,Regular,16,Hay Bale Twine,Ranch_Supplies,1,5.99,5.99,79.94
1952,2024-01-26 17:36:09,Regular,16,Hay Bale Twine,Ranch_Supplies,1,5.99,5.99,5.99
1953,2024-01-26 16:18:56,Casual,7,Prairie Honey,Cowboy_Food,3,6.49,19.47,79.41
1953,2024-01-26 16:18:56,Casual,16,Hay Bale Twine,Ranch_Supplies,1,5.99,5.99,79.41
1953,2024-01-26 16:18:56,Casual,18,Branding Iron,Ranch_Supplies,1,24.99,24.99,79.41
1953,2024-01-26 16:18:56,Casual,10,Smoked Sausage Links,Cowboy_Food,1,8.99,8.99,79.41
1953,2024-01-26 16:18:56,Casual,4,Trail Beef Jerky,Cowboy_Food,2,5.99,11.98,79.41
1953,2024-01-26 16:18:56,Casual,6,Campfire Coffee,Cowboy_Food,1,7.99,7.99,79.41
1954,2024-01-26 15:43:59,Casual,14,Work Gloves,Ranch_Supplies,1,6.99,6.99,12.98
1954,2024-01-26 15:43:59,Casual,4,Trail Beef Jerky,Cowboy_Food,1,5.99,5.99,12.98
1955,2024-01-26 16:25:51,Casual,23,Leather Belt,Western_Apparel,1,19.99,19.99,39.47
1955,2024-01-26 16:25:51,Casual,11,Lasso Rope,Ranch_Supplies,1,14.99,14.99,39.47
1955,2024-01-26 16:25:51,Casual,3,Smoky BBQ Sauce,Cowboy_Food,1,4.49,4.49,39.47
1956,2024-01-26 13:16:36,Bulk,8,Hardtack Biscuits,Cowboy_Food,2,2.49,4.98,163.88
1956,2024-01-26 13:16:36,Bulk,9,Dried Apple Slices,Cowboy_Food,2,4.99,9.98,163.88
1956,2024-01-26 13:16:36,Bulk,22,Flannel Shirt,Western_Apparel,1,29.99,29.99,163.88
1956,2024-01-26 13:16:36,Bulk,19,Cowboy Hat,Western_Apparel,1,34.99,34.99,163.88
1956,2024-01-26 13:16:36,Bulk,24,Denim Vest,Western_Apparel,1,39.99,39.99,163.88
1956,2024-01-26 13:16:36,Bulk,14,Work Gloves,Ranch_Supplies,1,6.99,6.99,163.88
1956,2024-01-26 13:16:36,Bulk,10,Smoked Sausage Links,Cowboy_Food,1,8.99,8.99,163.88
1956,2024-01-26 13:16:36,Bulk,2,Campfire Chili,Cowboy_Food,2,3.99,7.98,163.88
1956,2024-01-26 13:16:36,Bulk,23,Leather Belt,Western_Apparel,1,19.99,19.99,163.88
1957,2024-01-26 14:34:05,Regular,18,Branding Iron,Ranch_Supplies,1,24.99,24.99,24.99
1958,2024-01-26 11:37:54,Bulk,17,Stock Tank Float,Ranch_Supplies,1,8.49,8.49,134.42
1958,2024-01-26 11:37:54,Bulk,4,Trail Beef Jerky,Cowboy_Food,1,5.99,5.99,134.42
1958,2024-01-26 11:37:54,Bulk,14,Work Gloves,Ranch_Supplies,1,6.99,6.99,134.42
1958,2024-01-26 11:37:54,Bulk,15,Fence Wire (50ft),Ranch_Supplies,1,12.99,12.99,134.42
1958,2024-01-26 11:37:54,Bulk,13,Saddle Oil,Ranch_Supplies,1,9.99,9.99,134.42
1958,2024-01-26 11:37:54,Bulk,19,Cowboy Hat,Western_Apparel,1,34.99,34.99,134.42
1958,2024-01-26 11:37:54,Bulk,30,Leather Journal,Leather_Goods,1,14.99,14.99,134.42
1958,2024-01-26 11:37:54,Bulk,24,Denim Vest,Western_Apparel,1,39.99,39.99,134.42
1959,2024-01-26 17:24:11,Regular,12,Horse Feed Sack,Ranch_Supplies,1,19.99,19.99,57.97
1959,2024-01-26 17:24:11,Regular,6,Campfire Coffee,Cowboy_Food,1,7.99,7.99,57.97
1959,2024-01-26 17:24:11,Regular,22,Flannel Shirt,Western_Apparel,1,29.99,29.99,57.97
1960,2024-01-26 16:20:10,Regular,5,Cornbread Mix,Cowboy_Food,2,3.49,6.98,89.92
1960,2024-01-26 16:20:10,Regular,30,Leather Journal,Leather_Goods,1,14.99,14.99,89.92
1960,2024-01-26 16:20:10,Regular,10,Smoked Sausage Links,Cowboy_Food,1,8.99,8.99,89.92
1960,2024-01-26 16:20:10,Regular,3,Smoky BBQ Sauce,Cowboy_Food,2,4.49,8.98,89.92
1960,2024-01-26 16:20:10,Regular,29,Leather Wallet,Leather_Goods,2,24.99,49.98,89.92
1961,2024-01-26 17:13:43,Bulk,8,Hardtack Biscuits,Cowboy_Food,1,2.49,2.49,266.41
1961,2024-01-26 17:13:43,Bulk,20,Cowboy Boots,Western_Apparel,2,89.99,179.98,266.41
1961,2024-01-26 17:13:43,Bulk,14,Work Gloves,Ranch_Supplies,2,6.99,13.98,266.41
1961,2024-01-26 17:13:43,Bulk,27,Bull Rope Rosin,Rodeo_Gear,1,7.49,7.49,266.41
1961,2024-01-26 17:13:43,Bulk,25,Riding Spurs,Rodeo_Gear,1,22.99,22.99,266.41
1961,2024-01-26 17:13:43,Bulk,19,Cowboy Hat,Western_Apparel,1,34.99,34.99,266.41
1961,2024-01-26 17:13:43,Bulk,3,Smoky BBQ Sauce,Cowboy_Food,1,4.49,4.49,266.41
1962,2024-01-27 17:43:23,Regular,30,Leather Journal,Leather_Goods,2,14.99,29.98,213.39
1962,2024-01-27 17:43:23,Regular,25,Riding Spurs,Rodeo_Gear,1,22.99,22.99,213.39
1962,2024-01-27 17:43:23,Regular,2,Campfire Chili,Cowboy_Food,1,3.99,3.99,213.39
1962,2024-01-27 17:43:23,Regular,3,Smoky BBQ Sauce,Cowboy_Food,2,4.49,8.98,213.39
1962,2024-01-27 17:43:23,Regular,26,Rodeo Rope,Rodeo_Gear,1,18.99,18.99,213.39
1962,2024-01-27 17:43:23,Regular,8,Hardtack Biscuits,Cowboy_Food,1,2.49,2.49,213.39
1962,2024-01-27 17:43:23,Regular,20,Cowboy Boots,Western_Apparel,1,89.99,89.99,213.39
1962,2024-01-27 17:43:23,Regular,4,Trail Beef Jerky,Cowboy_Food,1,5.99,5.99,213.39
1962,2024-01-27 17:43:23,Regular,22,Flannel Shirt,Western_Apparel,1,29.99,29.99,213.39
1963,2024-01-27 17:37:49,Tourist,28,Leather Saddlebag,Leather_Goods,1,59.99,59.99,79.98
1963,2024-01-27 17:37:49,Tourist,12,Horse Feed Sack,Ranch_Supplies,1,19.99,19.99,79.98
1964,2024-01-27 10:22:07,Regular,30,Leather Journal,Leather_Goods,1,14.99,14.99,17.98
1964,2024-01-27 10:22:07,Regular,1,Chuckwagon Beans,Cowboy_Food,1,2.99,2.99,17.98
1965,2024-01-27 17:21:51,Bulk,10,Smoked Sausage Links,Cowboy_Food,2,8.99,17.98,275.89
1965,2024-01-27 17:21:51,Bulk,20,Cowboy Boots,Western_Apparel,1,89.99,89.99,275.89
1965,2024-01-27 17:21:51,Bulk,16,Hay Bale Twine,Ranch_Supplies,1,5.99,5.99,275.89
1965,2024-01-27 17:21:51,Bulk,7,Prairie Honey,Cowboy_Food,1,6.49,6.49,275.89
1965,2024-01-27 17:21:51,Bulk,15,Fence Wire (50ft),Ranch_Supplies,1,12.99,12.99,275.89
1965,2024-01-27 17:21:51,Bulk,11,Lasso Rope,Ranch_Supplies,1,14.99,14.99,275.89
1965,2024-01-27 17:21:51,Bulk,28,Leather Saddlebag,Leather_Goods,1,59.99,59.99,275.89
1965,2024-01-27 17:21:51,Bulk,27,Bull Rope Rosin,Rodeo_Gear,1,7.49,7.49,275.89
1965,2024-01-27 17:21:51,Bulk,19,Cowboy Hat,Western_Apparel,1,34.99,34.99,275.89
1965,2024-01-27 17:21:51,Bulk,29,Leather Wallet,Leather_Goods,1,24.99,24.99,275.89
1966,2024-01-27 16:02:24,Regular,1,Chuckwagon Beans,Cowboy_Food,1,2.99,2.99,34.46
1966,2024-01-27 16:02:24,Regular,15,Fence Wire (50ft),Ranch_Supplies,1,12.99,12.99,34.46
1966,2024-01-27 16:02:24,Regular,17,Stock Tank Float,Ranch_Supplies,1,8.49,8.49,34.46
1966,2024-01-27 16:02:24,Regular,13,Saddle Oil,Ranch_Supplies,1,9.99,9.99,34.46
1967,2024-01-27 09:39:12,Regular,25,Riding Spurs,Rodeo_Gear,1,22.99,22.99,115.47
1967,2024-01-27 09:39:12,Regular,8,Hardtack Biscuits,Cowboy_Food,1,2.49,2.49,115.47
1967,2024-01-27 09:39:12,Regular,20,Cowboy Boots,Western_Apparel,1,89.99,89.99,115.47
1968,2024-01-27 13:55:28,Casual,5,Cornbread Mix,Cowboy_Food,1,3.49,3.49,116.45
1968,2024-01-27 13:55:28,Casual,20,Cowboy Boots,Western_Apparel,1,89.99,89.99,116.45
1968,2024-01-27 13:55:28,Casual,13,Saddle Oil,Ranch_Supplies,2,9.99,19.98,116.45
1968,2024-01-27 13:55:28,Casual,1,Chuckwagon Beans,Cowboy_Food,1,2.99,2.99,116.45
1969,2024-01-27 17:38:48,Bulk,1,Chuckwagon Beans,Cowboy_Food,2,2.99,5.98,40.41
1969,2024-01-27 17:38:48,Bulk,2,Campfire Chili,Cowboy_Food,2,3.99,7.98,40.41
1969,2024-01-27 17:38:48,Bulk,8,Hardtack Biscuits,Cowboy_Food,1,2.49,2.49,40.41
1969,2024-01-27 17:38:48,Bulk,3,Smoky BBQ Sauce,Cowboy_Food,2,4.49,8.98,40.41
1969,2024-01-27 17:38:48,Bulk,4,Trail Beef Jerky,Cowboy_Food,1,5.99,5.99,40.41
1969,2024-01-27 17:38:48,Bulk,10,Smoked Sausage Links,Cowboy_Food,1,8.99,8.99,40.41
1970,2024-01-27 13:27:51,Regular,10,Smoked Sausage Links,Cowboy_Food,1,8.99,8.99,8.99
1971,2024-01-27 16:24:36,Regular,2,Campfire Chili,Cowboy_Food,1,3.99,3.99,220.94
1971,2024-01-27 16:24:36,Regular,26,Rodeo Rope,Rodeo_Gear,1,18.99,18.99,220.94
1971,2024-01-27 16:24:36,Regular,20,Cowboy Boots,Western_Apparel,1,89.99,89.99,220.94
1971,2024-01-27 16:24:36,Regular,19,Cowboy Hat,Western_Apparel,1,34.99,34.99,220.94
1971,2024-01-27 16:24:36,Regular,28,Leather Saddlebag,Leather_Goods,1,59.99,59.99,220.94
1971,2024-01-27 16:24:36,Regular,15,Fence Wire (50ft),Ranch_Supplies,1,12.99,12.99,220.94
1972,2024-01-27 15:46:31,Regular,2,Campfire Chili,Cowboy_Food,1,3.99,3.99,33.46
1972,2024-01-27 15:46:31,Regular,11,Lasso Rope,Ranch_Supplies,1,14.99,14.99,33.46
1972,2024-01-27 15:46:31,Regular,17,Stock Tank Float,Ranch_Supplies,1,8.49,8.49,33.46
1972,2024-01-27 15:46:31,Regular,4,Trail Beef Jerky,Cowboy_Food,1,5.99,5.99,33.46
1973,2024-01-27 15:55:48,Regular,12,Horse Feed Sack,Ranch_Supplies,1,19.99,19.99,36.96
1973,2024-01-27 15:55:48,Regular,6,Campfire Coffee,Cowboy_Food,1,7.99,7.99,36.96
1973,2024-01-27 15:55:48,Regular,4,Trail Beef Jerky,Cowboy_Food,1,5.99,5.99,36.96
1973,2024-01-27 15:55:48,Regular,1,Chuckwagon Beans,Cowboy_Food,1,2.99,2.99,36.96
1974,2024-01-27 15:11:54,Casual,15,Fence Wire (50ft),Ranch_Supplies,1,12.99,12.99,12.99
1975,2024-01-27 15:11:47,Regular,23,Leather Belt,Western_Apparel,1,19.99,19.99,204.42
1975,2024-01-27 15:11:47,Regular,29,Leather Wallet,Leather_Goods,1,24.99,24.99,204.42
1975,2024-01-27 15:11:47,Regular,19,Cowboy Hat,Western_Apparel,1,34.99,34.99,204.42
1975,2024-01-27 15:11:47,Regular,4,Trail Beef Jerky,Cowboy_Food,1,5.99,5.99,204.42
1975,2024-01-27 15:11:47,Regular,7,Prairie Honey,Cowboy_Food,1,6.49,6.49,204.42
1975,2024-01-27 15:11:47,Regular,20,Cowboy Boots,Western_Apparel,1,89.99,89.99,204.42
1975,2024-01-27 15:11:47,Regular,26,Rodeo Rope,Rodeo_Gear,1,18.99,18.99,204.42
1975,2024-01-27 15:11:47,Regular,1,Chuckwagon Beans,Cowboy_Food,1,2.99,2.99,204.42
1976,2024-01-27 17:45:58,Regular,1,Chuckwagon Beans,Cowboy_Food,1,2.99,2.99,114.92
1976,2024-01-27 17:45:58,Regular,24,Denim Vest,Western_Apparel,1,39.99,39.99,114.92
1976,2024-01-27 17:45:58,Regular,14,Work Gloves,Ranch_Supplies,1,6.99,6.99,114.92
1976,2024-01-27 17:45:58,Regular,8,Hardtack Biscuits,Cowboy_Food,1,2.49,2.49,114.92
1976,2024-01-27 17:45:58,Regular,13,Saddle Oil,Ranch_Supplies,1,9.99,9.99,114.92
1976,2024-01-27 17:45:58,Regular,19,Cowboy Hat,Western_Apparel,1,34.99,34.99,114.92
1976,2024-01-27 17:45:58,Regular,3,Smoky BBQ Sauce,Cowboy_Food,1,4.49,4.49,114.92
1976,2024-01-27 17:45:58,Regular,15,Fence Wire (50ft),Ranch_Supplies,1,12.99,12.99,114.92
1977,2024-01-27 14:28:49,Bulk,21,Red Bandana,Western_Apparel,1,4.99,4.99,243.84
1977,2024-01-27 14:28:49,Bulk,24,Denim Vest,Western_Apparel,2,39.99,79.98,243.84
1977,2024-01-27 14:28:49,Bulk,10,Smoked Sausage Links,Cowboy_Food,1,8.99,8.99,243.84
1977,2024-01-27 14:28:49,Bulk,4,Trail Beef Jerky,Cowboy_Food,1,5.99,5.99,243.84
1977,2024-01-27 14:28:49,Bulk,27,Bull Rope Rosin,Rodeo_Gear,1,7.49,7.49,243.84
1977,2024-01-27 14:28:49,Bulk,26,Rodeo Rope,Rodeo_Gear,2,18.99,37.98,243.84
1977,2024-01-27 14:28:49,Bulk,30,Leather Journal,Leather_Goods,1,14.99,14.99,243.84
1977,2024-01-27 14:28:49,Bulk,17,Stock Tank Float,Ranch_Supplies,2,8.49,16.98,243.84
1977,2024-01-27 14:28:49,Bulk,14,Work Gloves,Ranch_Supplies,1,6.99,6.99,243.84
1977,2024-01-27 14:28:49,Bulk,23,Leather Belt,Western_Apparel,2,19.99,39.98,243.84
1977,2024-01-27 14:28:49,Bulk,3,Smoky BBQ Sauce,Cowboy_Food,1,4.49,4.49,243.84
1977,2024-01-27 14:28:49,Bulk,11,Lasso Rope,Ranch_Supplies,1,14.99,14.99,243.84
1978,2024-01-27 11:35:02,Casual,9,Dried Apple Slices,Cowboy_Food,1,4.99,4.99,4.99
1979,2024-01-27 14:33:01,Regular,10,Smoked Sausage Links,Cowboy_Food,2,8.99,17.98,107.93
1979,2024-01-27 14:33:01,Regular,11,Lasso Rope,Ranch_Supplies,1,14.99,14.99,107.93
1979,2024-01-27 14:33:01,Regular,23,Leather Belt,Western_Apparel,1,19.99,19.99,107.93
1979,2024-01-27 14:33:01,Regular,13,Saddle Oil,Ranch_Supplies,1,9.99,9.99,107.93
1979,2024-01-27 14:33:01,Regular,18,Branding Iron,Ranch_Supplies,1,24.99,24.99,107.93
1979,2024-01-27 14:33:01,Regular,12,Horse Feed Sack,Ranch_Supplies,1,19.99,19.99,107.93
1980,2024-01-27 16:42:35,Bulk,30,Leather Journal,Leather_Goods,1,14.99,14.99,371.3
1980,2024-01-27 16:42:35,Bulk,20,Cowboy Boots,Western_Apparel,1,89.99,89.99,371.3
1980,2024-01-27 16:42:35,Bulk,18,Branding Iron,Ranch_Supplies,1,24.99,24.99,371.3
1980,2024-01-27 16:42:35,Bulk,11,Lasso Rope,Ranch_Supplies,2,14.99,29.98,371.3
1980,2024-01-27 16:42:35,Bulk,8,Hardtack Biscuits,Cowboy_Food,2,2.49,4.98,371.3
1980,2024-01-27 16:42:35,Bulk,29,Leather Wallet,Leather_Goods,2,24.99,49.98,371.3
1980,2024-01-27 16:42:35,Bulk,12,Horse Feed Sack,Ranch_Supplies,1,19.99,19.99,371.3
1980,2024-01-27 16:42:35,Bulk,21,Red Bandana,Western_Apparel,1,4.99,4.99,371.3
1980,2024-01-27 16:42:35,Bulk,24,Denim Vest,Western_Apparel,1,39.99,39.99,371.3
1980,2024-01-27 16:42:35,Bulk,19,Cowboy Hat,Western_Apparel,1,34.99,34.99,371.3
1980,2024-01-27 16:42:35,Bulk,6,Campfire Coffee,Cowboy_Food,1,7.99,7.99,371.3
1980,2024-01-27 16:42:35,Bulk,1,Chuckwagon Beans,Cowboy_Food,2,2.99,5.98,371.3
1980,2024-01-27 16:42:35,Bulk,25,Riding Spurs,Rodeo_Gear,1,22.99,22.99,371.3
1980,2024-01-27 16:42:35,Bulk,27,Bull Rope Rosin,Rodeo_Gear,1,7.49,7.49,371.3
1980,2024-01-27 16:42:35,Bulk,4,Trail Beef Jerky,Cowboy_Food,2,5.99,11.98,371.3
1981,2024-01-27 15:08:57,Regular,11,Lasso Rope,Ranch_Supplies,1,14.99,14.99,21.98
1981,2024-01-27 15:08:57,Regular,14,Work Gloves,Ranch_Supplies,1,6.99,6.99,21.98
1982,2024-01-27 16:41:17,Regular,25,Riding Spurs,Rodeo_Gear,1,22.99,22.99,92.44
1982,2024-01-27 16:41:17,Regular,17,Stock Tank Float,Ranch_Supplies,1,8.49,8.49,92.44
1982,2024-01-27 16:41:17,Regular,1,Chuckwagon Beans,Cowboy_Food,1,2.99,2.99,92.44
1982,2024-01-27 16:41:17,Regular,22,Flannel Shirt,Western_Apparel,1,29.99,29.99,92.44
1982,2024-01-27 16:41:17,Regular,6,Campfire Coffee,Cowboy_Food,1,7.99,7.99,92.44
1982,2024-01-27 16:41:17,Regular,23,Leather Belt,Western_Apparel,1,19.99,19.99,92.44
1983,2024-01-27 11:59:57,Regular,27,Bull Rope Rosin,Rodeo_Gear,1,7.49,7.49,7.49
1984,2024-01-27 15:52:51,Casual,15,Fence Wire (50ft),Ranch_Supplies,1,12.99,12.99,37.98
1984,2024-01-27 15:52:51,Casual,29,Leather Wallet,Leather_Goods,1,24.99,24.99,37.98
1985,2024-01-27 17:28:08,Regular,2,Campfire Chili,Cowboy_Food,1,3.99,3.99,48.96
1985,2024-01-27 17:28:08,Regular,11,Lasso Rope,Ranch_Supplies,1,14.99,14.99,48.96
1985,2024-01-27 17:28:08,Regular,29,Leather Wallet,Leather_Goods,1,24.99,24.99,48.96
1985,2024-01-27 17:28:08,Regular,9,Dried Apple Slices,Cowboy_Food,1,4.99,4.99,48.96
1986,2024-01-27 15:32:29,Tourist,17,Stock Tank Float,Ranch_Supplies,1,8.49,8.49,8.49
1987,2024-01-27 16:11:13,Regular,1,Chuckwagon Beans,Cowboy_Food,1,2.99,2.99,10.98
1987,2024-01-27 16:11:13,Regular,6,Campfire Coffee,Cowboy_Food,1,7.99,7.99,10.98
1988,2024-01-27 16:24:04,Casual,27,Bull Rope Rosin,Rodeo_Gear,1,7.49,7.49,46.97
1988,2024-01-27 16:24:04,Casual,19,Cowboy Hat,Western_Apparel,1,34.99,34.99,46.97
1988,2024-01-27 16:24:04,Casual,3,Smoky BBQ Sauce,Cowboy_Food,1,4.49,4.49,46.97
1989,2024-01-27 16:44:41,Regular,9,Dried Apple Slices,Cowboy_Food,1,4.99,4.99,55.95
1989,2024-01-27 16:44:41,Regular,14,Work Gloves,Ranch_Supplies,1,6.99,6.99,55.95
1989,2024-01-27 16:44:41,Regular,26,Rodeo Rope,Rodeo_Gear,2,18.99,37.98,55.95
1989,2024-01-27 16:44:41,Regular,4,Trail Beef Jerky,Cowboy_Food,1,5.99,5.99,55.95
1990,2024-01-27 13:18:12,Regular,30,Leather Journal,Leather_Goods,1,14.99,14.99,218.42
1990,2024-01-27 13:18:12,Regular,25,Riding Spurs,Rodeo_Gear,1,22.99,22.99,218.42
1990,2024-01-27 13:18:12,Regular,20,Cowboy Boots,Western_Apparel,1,89.99,89.99,218.42
1990,2024-01-27 13:18:12,Regular,8,Hardtack Biscuits,Cowboy_Food,1,2.49,2.49,218.42
1990,2024-01-27 13:18:12,Regular,19,Cowboy Hat,Western_Apparel,2,34.99,69.98,218.42
1990,2024-01-27 13:18:12,Regular,11,Lasso Rope,Ranch_Supplies,1,14.99,14.99,218.42
1990,2024-01-27 13:18:12,Regular,1,Chuckwagon Beans,Cowboy_Food,1,2.99,2.99,218.42
1991,2024-01-27 16:07:33,Casual,1,Chuckwagon Beans,Cowboy_Food,1,2.99,2.99,173.44
1991,2024-01-27 16:07:33,Casual,28,Leather Saddlebag,Leather_Goods,2,59.99,119.98,173.44
1991,2024-01-27 16:07:33,Casual,27,Bull Rope Rosin,Rodeo_Gear,1,7.49,7.49,173.44
1991,2024-01-27 16:07:33,Casual,12,Horse Feed Sack,Ranch_Supplies,1,19.99,19.99,173.44
1991,2024-01-27 16:07:33,Casual,25,Riding Spurs,Rodeo_Gear,1,22.99,22.99,173.44
1992,2024-01-27 14:30:40,Regular,4,Trail Beef Jerky,Cowboy_Food,1,5.99,5.99,5.99
1993,2024-01-27 14:06:25,Bulk,14,Work Gloves,Ranch_Supplies,1,6.99,6.99,21.46
1993,2024-01-27 14:06:25,Bulk,3,Smoky BBQ Sauce,Cowboy_Food,1,4.49,4.49,21.46
1993,2024-01-27 14:06:25,Bulk,27,Bull Rope Rosin,Rodeo_Gear,1,7.49,7.49,21.46
1993,2024-01-27 14:06:25,Bulk,8,Hardtack Biscuits,Cowboy_Food,1,2.49,2.49,21.46
1994,2024-01-27 15:08:04,Casual,22,Flannel Shirt,Western_Apparel,1,29.99,29.99,57.97
1994,2024-01-27 15:08:04,Casual,1,Chuckwagon Beans,Cowboy_Food,1,2.99,2.99,57.97
1994,2024-01-27 15:08:04,Casual,18,Branding Iron,Ranch_Supplies,1,24.99,24.99,57.97
1995,2024-01-27 14:23:04,Bulk,8,Hardtack Biscuits,Cowboy_Food,1,2.49,2.49,37.48
1995,2024-01-27 14:23:04,Bulk,19,Cowboy Hat,Western_Apparel,1,34.99,34.99,37.48
1996,2024-01-27 09:52:22,Casual,23,Leather Belt,Western_Apparel,2,19.99,39.98,110.93
1996,2024-01-27 09:52:22,Casual,13,Saddle Oil,Ranch_Supplies,1,9.99,9.99,110.93
1996,2024-01-27 09:52:22,Casual,30,Leather Journal,Leather_Goods,1,14.99,14.99,110.93
1996,2024-01-27 09:52:22,Casual,19,Cowboy Hat,Western_Apparel,1,34.99,34.99,110.93
1996,2024-01-27 09:52:22,Casual,9,Dried Apple Slices,Cowboy_Food,1,4.99,4.99,110.93
1996,2024-01-27 09:52:22,Casual,4,Trail Beef Jerky,Cowboy_Food,1,5.99,5.99,110.93
1997,2024-01-27 16:45:02,Regular,3,Smoky BBQ Sauce,Cowboy_Food,1,4.49,4.49,120.94
1997,2024-01-27 16:45:02,Regular,24,Denim Vest,Western_Apparel,2,39.99,79.98,120.94
1997,2024-01-27 16:45:02,Regular,25,Riding Spurs,Rodeo_Gear,1,22.99,22.99,120.94
1997,2024-01-27 16:45:02,Regular,4,Trail Beef Jerky,Cowboy_Food,1,5.99,5.99,120.94
1997,2024-01-27 16:45:02,Regular,27,Bull Rope Rosin,Rodeo_Gear,1,7.49,7.49,120.94
1998,2024-01-27 15:53:52,Bulk,5,Cornbread Mix,Cowboy_Food,2,3.49,6.98,128.89
1998,2024-01-27 15:53:52,Bulk,25,Riding Spurs,Rodeo_Gear,1,22.99,22.99,128.89
1998,2024-01-27 15:53:52,Bulk,11,Lasso Rope,Ranch_Supplies,1,14.99,14.99,128.89
1998,2024-01-27 15:53:52,Bulk,14,Work Gloves,Ranch_Supplies,1,6.99,6.99,128.89
1998,2024-01-27 15:53:52,Bulk,3,Smoky BBQ Sauce,Cowboy_Food,2,4.49,8.98,128.89
1998,2024-01-27 15:53:52,Bulk,26,Rodeo Rope,Rodeo_Gear,1,18.99,18.99,128.89
1998,2024-01-27 15:53:52,Bulk,1,Chuckwagon Beans,Cowboy_Food,1,2.99,2.99,128.89
1998,2024-01-27 15:53:52,Bulk,24,Denim Vest,Western_Apparel,1,39.99,39.99,128.89
1998,2024-01-27 15:53:52,Bulk,4,Trail Beef Jerky,Cowboy_Food,1,5.99,5.99,128.89
1999,2024-01-27 11:09:09,Bulk,19,Cowboy Hat,Western_Apparel,2,34.99,69.98,100.96
1999,2024-01-27 11:09:09,Bulk,25,Riding Spurs,Rodeo_Gear,1,22.99,22.99,100.96
1999,2024-01-27 11:09:09,Bulk,6,Campfire Coffee,Cowboy_Food,1,7.99,7.99,100.96
2000,2024-01-27 12:11:01,Bulk,30,Leather Journal,Leather_Goods,1,14.99,14.99,166.91
2000,2024-01-27 12:11:01,Bulk,25,Riding Spurs,Rodeo_Gear,2,22.99,45.98,166.91
2000,2024-01-27 12:11:01,Bulk,26,Rodeo Rope,Rodeo_Gear,1,18.99,18.99,166.91
2000,2024-01-27 12:11:01,Bulk,28,Leather Saddlebag,Leather_Goods,1,59.99,59.99,166.91
2000,2024-01-27 12:11:01,Bulk,2,Campfire Chili,Cowboy_Food,1,3.99,3.99,166.91
2000,2024-01-27 12:11:01,Bulk,27,Bull Rope Rosin,Rodeo_Gear,1,7.49,7.49,166.91
2000,2024-01-27 12:11:01,Bulk,7,Prairie Honey,Cowboy_Food,1,6.49,6.49,166.91
2000,2024-01-27 12:11:01,Bulk,10,Smoked Sausage Links,Cowboy_Food,1,8.99,8.99,166.91
2001,2024-01-27 16:02:08,Bulk,4,Trail Beef Jerky,Cowboy_Food,1,5.99,5.99,293.35
2001,2024-01-27 16:02:08,Bulk,10,Smoked Sausage Links,Cowboy_Food,2,8.99,17.98,293.35
2001,2024-01-27 16:02:08,Bulk,20,Cowboy Boots,Western_Apparel,2,89.99,179.98,293.35
2001,2024-01-27 16:02:08,Bulk,17,Stock Tank Float,Ranch_Supplies,1,8.49,8.49,293.35
2001,2024-01-27 16:02:08,Bulk,21,Red Bandana,Western_Apparel,1,4.99,4.99,293.35
2001,2024-01-27 16:02:08,Bulk,23,Leather Belt,Western_Apparel,1,19.99,19.99,293.35
2001,2024-01-27 16:02:08,Bulk,6,Campfire Coffee,Cowboy_Food,1,7.99,7.99,293.35
2001,2024-01-27 16:02:08,Bulk,14,Work Gloves,Ranch_Supplies,1,6.99,6.99,293.35
2001,2024-01-27 16:02:08,Bulk,13,Saddle Oil,Ranch_Supplies,1,9.99,9.99,293.35
2001,2024-01-27 16:02:08,Bulk,2,Campfire Chili,Cowboy_Food,1,3.99,3.99,293.35
2001,2024-01-27 16:02:08,Bulk,27,Bull Rope Rosin,Rodeo_Gear,1,7.49,7.49,293.35
2001,2024-01-27 16:02:08,Bulk,3,Smoky BBQ Sauce,Cowboy_Food,1,4.49,4.49,293.35
2001,2024-01-27 16:02:08,Bulk,30,Leather Journal,Leather_Goods,1,14.99,14.99,293.35
2002,2024-01-27 15:28:41,Casual,1,Chuckwagon Beans,Cowboy_Food,2,2.99,5.98,36.96
2002,2024-01-27 15:28:41,Casual,18,Branding Iron,Ranch_Supplies,1,24.99,24.99,36.96
2002,2024-01-27 15:28:41,Casual,4,Trail Beef Jerky,Cowboy_Food,1,5.99,5.99,36.96
2003,2024-01-27 16:39:35,Casual,14,Work Gloves,Ranch_Supplies,1,6.99,6.99,6.99
2004,2024-01-27 15:15:40,Regular,6,Campfire Coffee,Cowboy_Food,1,7.99,7.99,22.98
2004,2024-01-27 15:15:40,Regular,30,Leather Journal,Leather_Goods,1,14.99,14.99,22.98
2005,2024-01-27 17:20:20,Regular,25,Riding Spurs,Rodeo_Gear,2,22.99,45.98,114.91
2005,2024-01-27 17:20:20,Regular,9,Dried Apple Slices,Cowboy_Food,1,4.99,4.99,114.91
2005,2024-01-27 17:20:20,Regular,5,Cornbread Mix,Cowboy_Food,1,3.49,3.49,114.91
2005,2024-01-27 17:20:20,Regular,10,Smoked Sausage Links,Cowboy_Food,1,8.99,8.99,114.91
2005,2024-01-27 17:20:20,Regular,17,Stock Tank Float,Ranch_Supplies,1,8.49,8.49,114.91
2005,2024-01-27 17:20:20,Regular,14,Work Gloves,Ranch_Supplies,1,6.99,6.99,114.91
2005,2024-01-27 17:20:20,Regular,22,Flannel Shirt,Western_Apparel,1,29.99,29.99,114.91
2005,2024-01-27 17:20:20,Regular,16,Hay Bale Twine,Ranch_Supplies,1,5.99,5.99,114.91
2006,2024-01-27 10:36:19,Regular,9,Dried Apple Slices,Cowboy_Food,1,4.99,4.99,21.47
2006,2024-01-27 10:36:19,Regular,27,Bull Rope Rosin,Rodeo_Gear,1,7.49,7.49,21.47
2006,2024-01-27 10:36:19,Regular,10,Smoked Sausage Links,Cowboy_Food,1,8.99,8.99,21.47
2007,2024-01-27 16:03:40,Regular,10,Smoked Sausage Links,Cowboy_Food,1,8.99,8.99,63.95
2007,2024-01-27 16:03:40,Regular,4,Trail Beef Jerky,Cowboy_Food,1,5.99,5.99,63.95
2007,2024-01-27 16:03:40,Regular,19,Cowboy Hat,Western_Apparel,1,34.99,34.99,63.95
2007,2024-01-27 16:03:40,Regular,27,Bull Rope Rosin,Rodeo_Gear,1,7.49,7.49,63.95
2007,2024-01-27 16:03:40,Regular,7,Prairie Honey,Cowboy_Food,1,6.49,6.49,63.95
2008,2024-01-27 13:43:06,Bulk,19,Cowboy Hat,Western_Apparel,2,34.99,69.98,252.87
2008,2024-01-27 13:43:06,Bulk,13,Saddle Oil,Ranch_Supplies,1,9.99,9.99,252.87
2008,2024-01-27 13:43:06,Bulk,16,Hay Bale Twine,Ranch_Supplies,2,5.99,11.98,252.87
2008,2024-01-27 13:43:06,Bulk,7,Prairie Honey,Cowboy_Food,1,6.49,6.49,252.87
2008,2024-01-27 13:43:06,Bulk,9,Dried Apple Slices,Cowboy_Food,1,4.99,4.99,252.87
2008,2024-01-27 13:43:06,Bulk,14,Work Gloves,Ranch_Supplies,1,6.99,6.99,252.87
2008,2024-01-27 13:43:06,Bulk,28,Leather Saddlebag,Leather_Goods,2,59.99,119.98,252.87
2008,2024-01-27 13:43:06,Bulk,10,Smoked Sausage Links,Cowboy_Food,1,8.99,8.99,252.87
2008,2024-01-27 13:43:06,Bulk,17,Stock Tank Float,Ranch_Supplies,1,8.49,8.49,252.87
2008,2024-01-27 13:43:06,Bulk,21,Red Bandana,Western_Apparel,1,4.99,4.99,252.87
2009,2024-01-27 12:39:23,Regular,15,Fence Wire (50ft),Ranch_Supplies,1,12.99,12.99,24.97
2009,2024-01-27 12:39:23,Regular,5,Cornbread Mix,Cowboy_Food,1,3.49,3.49,24.97
2009,2024-01-27 12:39:23,Regular,17,Stock Tank Float,Ranch_Supplies,1,8.49,8.49,24.97
2010,2024-01-27 18:07:06,Regular,4,Trail Beef Jerky,Cowboy_Food,1,5.99,5.99,182.93
2010,2024-01-27 18:07:06,Regular,2,Campfire Chili,Cowboy_Food,1,3.99,3.99,182.93
2010,2024-01-27 18:07:06,Regular,19,Cowboy Hat,Western_Apparel,1,34.99,34.99,182.93
2010,2024-01-27 18:07:06,Regular,28,Leather Saddlebag,Leather_Goods,1,59.99,59.99,182.93
2010,2024-01-27 18:07:06,Regular,30,Leather Journal,Leather_Goods,1,14.99,14.99,182.93
2010,2024-01-27 18:07:06,Regular,25,Riding Spurs,Rodeo_Gear,1,22.99,22.99,182.93
2010,2024-01-27 18:07:06,Regular,24,Denim Vest,Western_Apparel,1,39.99,39.99,182.93
2011,2024-01-27 17:28:25,Tourist,23,Leather Belt,Western_Apparel,1,19.99,19.99,54.98
2011,2024-01-27 17:28:25,Tourist,19,Cowboy Hat,Western_Apparel,1,34.99,34.99,54.98
2012,2024-01-27 11:31:58,Tourist,11,Lasso Rope,Ranch_Supplies,1,14.99,14.99,72.45
2012,2024-01-27 11:31:58,Tourist,14,Work Gloves,Ranch_Supplies,1,6.99,6.99,72.45
2012,2024-01-27 11:31:58,Tourist,24,Denim Vest,Western_Apparel,1,39.99,39.99,72.45
2012,2024-01-27 11:31:58,Tourist,27,Bull Rope Rosin,Rodeo_Gear,1,7.49,7.49,72.45
2012,2024-01-27 11:31:58,Tourist,1,Chuckwagon Beans,Cowboy_Food,1,2.99,2.99,72.45
2013,2024-01-27 10:22:51,Bulk,14,Work Gloves,Ranch_Supplies,1,6.99,6.99,90.94
2013,2024-01-27 10:22:51,Bulk,30,Leather Journal,Leather_Goods,2,14.99,29.98,90.94
2013,2024-01-27 10:22:51,Bulk,13,Saddle Oil,Ranch_Supplies,1,9.99,9.99,90.94
2013,2024-01-27 10:22:51,Bulk,19,Cowboy Hat,Western_Apparel,1,34.99,34.99,90.94
2013,2024-01-27 10:22:51,Bulk,10,Smoked Sausage Links,Cowboy_Food,1,8.99,8.99,90.94
2014,2024-01-27 17:29:40,Regular,7,Prairie Honey,Cowboy_Food,1,6.49,6.49,42.47
2014,2024-01-27 17:29:40,Regular,15,Fence Wire (50ft),Ranch_Supplies,1,12.99,12.99,42.47
2014,2024-01-27 17:29:40,Regular,25,Riding Spurs,Rodeo_Gear,1,22.99,22.99,42.47
2015,2024-01-27 11:24:39,Regular,13,Saddle Oil,Ranch_Supplies,1,9.99,9.99,48.46
2015,2024-01-27 11:24:39,Regular,7,Prairie Honey,Cowboy_Food,1,6.49,6.49,48.46
2015,2024-01-27 11:24:39,Regular,14,Work Gloves,Ranch_Supplies,1,6.99,6.99,48.46
2015,2024-01-27 11:24:39,Regular,29,Leather Wallet,Leather_Goods,1,24.99,24.99,48.46
2016,2024-01-27 17:58:22,Regular,3,Smoky BBQ Sauce,Cowboy_Food,1,4.49,4.49,169.88
2016,2024-01-27 17:58:22,Regular,24,Denim Vest,Western_Apparel,1,39.99,39.99,169.88
2016,2024-01-27 17:58:22,Regular,13,Saddle Oil,Ranch_Supplies,1,9.99,9.99,169.88
2016,2024-01-27 17:58:22,Regular,14,Work Gloves,Ranch_Supplies,1,6.99,6.99,169.88
2016,2024-01-27 17:58:22,Regular,9,Dried Apple Slices,Cowboy_Food,1,4.99,4.99,169.88
2016,2024-01-27 17:58:22,Regular,2,Campfire Chili,Cowboy_Food,1,3.99,3.99,169.88
2016,2024-01-27 17:58:22,Regular,5,Cornbread Mix,Cowboy_Food,1,3.49,3.49,169.88
2016,2024-01-27 17:58:22,Regular,22,Flannel Shirt,Western_Apparel,1,29.99,29.99,169.88
2016,2024-01-27 17:58:22,Regular,6,Campfire Coffee,Cowboy_Food,1,7.99,7.99,169.88
2016,2024-01-27 17:58:22,Regular,30,Leather Journal,Leather_Goods,1,14.99,14.99,169.88
2016,2024-01-27 17:58:22,Regular,23,Leather Belt,Western_Apparel,1,19.99,19.99,169.88
2016,2024-01-27 17:58:22,Regular,25,Riding Spurs,Rodeo_Gear,1,22.99,22.99,169.88
2017,2024-01-27 12:20:42,Regular,30,Leather Journal,Leather_Goods,1,14.99,14.99,135.43
2017,2024-01-27 12:20:42,Regular,20,Cowboy Boots,Western_Apparel,1,89.99,89.99,135.43
2017,2024-01-27 12:20:42,Regular,5,Cornbread Mix,Cowboy_Food,1,3.49,3.49,135.43
2017,2024-01-27 12:20:42,Regular,4,Trail Beef Jerky,Cowboy_Food,2,5.99,11.98,135.43
2017,2024-01-27 12:20:42,Regular,10,Smoked Sausage Links,Cowboy_Food,1,8.99,8.99,135.43
2017,2024-01-27 12:20:42,Regular,16,Hay Bale Twine,Ranch_Supplies,1,5.99,5.99,135.43
2018,2024-01-27 14:26:50,Regular,19,Cowboy Hat,Western_Apparel,1,34.99,34.99,64.44
2018,2024-01-27 14:26:50,Regular,10,Smoked Sausage Links,Cowboy_Food,1,8.99,8.99,64.44
2018,2024-01-27 14:26:50,Regular,4,Trail Beef Jerky,Cowboy_Food,1,5.99,5.99,64.44
2018,2024-01-27 14:26:50,Regular,14,Work Gloves,Ranch_Supplies,1,6.99,6.99,64.44
2018,2024-01-27 14:26:50,Regular,8,Hardtack Biscuits,Cowboy_Food,1,2.49,2.49,64.44
2018,2024-01-27 14:26:50,Regular,21,Red Bandana,Western_Apparel,1,4.99,4.99,64.44
2019,2024-01-27 10:12:33,Casual,4,Trail Beef Jerky,Cowboy_Food,1,5.99,5.99,30.98
2019,2024-01-27 10:12:33,Casual,29,Leather Wallet,Leather_Goods,1,24.99,24.99,30.98
2020,2024-01-27 15:35:06,Regular,12,Horse Feed Sack,Ranch_Supplies,1,19.99,19.99,93.45
2020,2024-01-27 15:35:06,Regular,29,Leather Wallet,Leather_Goods,1,24.99,24.99,93.45
2020,2024-01-27 15:35:06,Regular,18,Branding Iron,Ranch_Supplies,1,24.99,24.99,93.45
2020,2024-01-27 15:35:06,Regular,26,Rodeo Rope,Rodeo_Gear,1,18.99,18.99,93.45
2020,2024-01-27 15:35:06,Regular,3,Smoky BBQ Sauce,Cowboy_Food,1,4.49,4.49,93.45
2021,2024-01-27 11:34:41,Regular,9,Dried Apple Slices,Cowboy_Food,1,4.99,4.99,91.45
2021,2024-01-27 11:34:41,Regular,23,Leather Belt,Western_Apparel,2,19.99,39.98,91.45
2021,2024-01-27 11:34:41,Regular,7,Prairie Honey,Cowboy_Food,1,6.49,6.49,91.45
2021,2024-01-27 11:34:41,Regular,24,Denim Vest,Western_Apparel,1,39.99,39.99,91.45
2022,2024-01-27 14:41:07,Bulk,14,Work Gloves,Ranch_Supplies,1,6.99,6.99,32.97
2022,2024-01-27 14:41:07,Bulk,25,Riding Spurs,Rodeo_Gear,1,22.99,22.99,32.97
2022,2024-01-27 14:41:07,Bulk,1,Chuckwagon Beans,Cowboy_Food,1,2.99,2.99,32.97
2023,2024-01-27 17:53:19,Regular,18,Branding Iron,Ranch_Supplies,1,24.99,24.99,151.93
2023,2024-01-27 17:53:19,Regular,28,Leather Saddlebag,Leather_Goods,1,59.99,59.99,151.93
2023,2024-01-27 17:53:19,Regular,7,Prairie Honey,Cowboy_Food,1,6.49,6.49,151.93
2023,2024-01-27 17:53:19,Regular,3,Smoky BBQ Sauce,Cowboy_Food,1,4.49,4.49,151.93
2023,2024-01-27 17:53:19,Regular,29,Leather Wallet,Leather_Goods,2,24.99,49.98,151.93
2023,2024-01-27 17:53:19,Regular,16,Hay Bale Twine,Ranch_Supplies,1,5.99,5.99,151.93
2024,2024-01-27 12:06:11,Regular,14,Work Gloves,Ranch_Supplies,2,6.99,13.98,116.91
2024,2024-01-27 12:06:11,Regular,5,Cornbread Mix,Cowboy_Food,1,3.49,3.49,116.91
2024,2024-01-27 12:06:11,Regular,18,Branding Iron,Ranch_Supplies,1,24.99,24.99,116.91
2024,2024-01-27 12:06:11,Regular,29,Leather Wallet,Leather_Goods,1,24.99,24.99,116.91
2024,2024-01-27 12:06:11,Regular,26,Rodeo Rope,Rodeo_Gear,2,18.99,37.98,116.91
2024,2024-01-27 12:06:11,Regular,10,Smoked Sausage Links,Cowboy_Food,1,8.99,8.99,116.91
2024,2024-01-27 12:06:11,Regular,8,Hardtack Biscuits,Cowboy_Food,1,2.49,2.49,116.91
2025,2024-01-27 16:10:03,Regular,8,Hardtack Biscuits,Cowboy_Food,1,2.49,2.49,85.46
2025,2024-01-27 16:10:03,Regular,19,Cowboy Hat,Western_Apparel,1,34.99,34.99,85.46
2025,2024-01-27 16:10:03,Regular,25,Riding Spurs,Rodeo_Gear,1,22.99,22.99,85.46
2025,2024-01-27 16:10:03,Regular,29,Leather Wallet,Leather_Goods,1,24.99,24.99,85.46
2026,2024-01-27 11:40:45,Regular,17,Stock Tank Float,Ranch_Supplies,1,8.49,8.49,103.47
2026,2024-01-27 11:40:45,Regular,9,Dried Apple Slices,Cowboy_Food,1,4.99,4.99,103.47
2026,2024-01-27 11:40:45,Regular,20,Cowboy Boots,Western_Apparel,1,89.99,89.99,103.47
2027,2024-01-27 16:02:38,Bulk,14,Work Gloves,Ranch_Supplies,1,6.99,6.99,91.45
2027,2024-01-27 16:02:38,Bulk,24,Denim Vest,Western_Apparel,1,39.99,39.99,91.45
2027,2024-01-27 16:02:38,Bulk,19,Cowboy Hat,Western_Apparel,1,34.99,34.99,91.45
2027,2024-01-27 16:02:38,Bulk,4,Trail Beef Jerky,Cowboy_Food,1,5.99,5.99,91.45
2027,2024-01-27 16:02:38,Bulk,5,Cornbread Mix,Cowboy_Food,1,3.49,3.49,91.45
2028,2024-01-27 12:27:24,Regular,23,Leather Belt,Western_Apparel,1,19.99,19.99,49.98
2028,2024-01-27 12:27:24,Regular,22,Flannel Shirt,Western_Apparel,1,29.99,29.99,49.98
2029,2024-01-27 16:25:22,Regular,13,Saddle Oil,Ranch_Supplies,1,9.99,9.99,32.98
2029,2024-01-27 16:25:22,Regular,25,Riding Spurs,Rodeo_Gear,1,22.99,22.99,32.98
2030,2024-01-27 16:54:38,Casual,7,Prairie Honey,Cowboy_Food,1,6.49,6.49,91.93
2030,2024-01-27 16:54:38,Casual,9,Dried Apple Slices,Cowboy_Food,1,4.99,4.99,91.93
2030,2024-01-27 16:54:38,Casual,14,Work Gloves,Ranch_Supplies,1,6.99,6.99,91.93
2030,2024-01-27 16:54:38,Casual,11,Lasso Rope,Ranch_Supplies,1,14.99,14.99,91.93
2030,2024-01-27 16:54:38,Casual,17,Stock Tank Float,Ranch_Supplies,1,8.49,8.49,91.93
2030,2024-01-27 16:54:38,Casual,19,Cowboy Hat,Western_Apparel,1,34.99,34.99,91.93
2030,2024-01-27 16:54:38,Casual,30,Leather Journal,Leather_Goods,1,14.99,14.99,91.93
2031,2024-01-27 17:35:31,Casual,28,Leather Saddlebag,Leather_Goods,1,59.99,59.99,218.94
2031,2024-01-27 17:35:31,Casual,20,Cowboy Boots,Western_Apparel,1,89.99,89.99,218.94
2031,2024-01-27 17:35:31,Casual,22,Flannel Shirt,Western_Apparel,1,29.99,29.99,218.94
2031,2024-01-27 17:35:31,Casual,13,Saddle Oil,Ranch_Supplies,1,9.99,9.99,218.94
2031,2024-01-27 17:35:31,Casual,10,Smoked Sausage Links,Cowboy_Food,1,8.99,8.99,218.94
2031,2024-01-27 17:35:31,Casual,23,Leather Belt,Western_Apparel,1,19.99,19.99,218.94
2032,2024-01-27 17:53:13,Regular,21,Red Bandana,Western_Apparel,1,4.99,4.99,34.98
2032,2024-01-27 17:53:13,Regular,22,Flannel Shirt,Western_Apparel,1,29.99,29.99,34.98
2033,2024-01-27 12:00:28,Casual,15,Fence Wire (50ft),Ranch_Supplies,1,12.99,12.99,164.42
2033,2024-01-27 12:00:28,Casual,19,Cowboy Hat,Western_Apparel,1,34.99,34.99,164.42
2033,2024-01-27 12:00:28,Casual,20,Cowboy Boots,Western_Apparel,1,89.99,89.99,164.42
2033,2024-01-27 12:00:28,Casual,16,Hay Bale Twine,Ranch_Supplies,1,5.99,5.99,164.42
2033,2024-01-27 12:00:28,Casual,5,Cornbread Mix,Cowboy_Food,2,3.49,6.98,164.42
2033,2024-01-27 12:00:28,Casual,7,Prairie Honey,Cowboy_Food,1,6.49,6.49,164.42
2033,2024-01-27 12:00:28,Casual,14,Work Gloves,Ranch_Supplies,1,6.99,6.99,164.42
2034,2024-01-27 11:05:46,Regular,25,Riding Spurs,Rodeo_Gear,1,22.99,22.99,22.99
2035,2024-01-27 10:15:33,Regular,1,Chuckwagon Beans,Cowboy_Food,2,2.99,5.98,5.98
2036,2024-01-27 16:38:48,Bulk,10,Smoked Sausage Links,Cowboy_Food,2,8.99,17.98,179.94
2036,2024-01-27 16:38:48,Bulk,16,Hay Bale Twine,Ranch_Supplies,2,5.99,11.98,179.94
2036,2024-01-27 16:38:48,Bulk,20,Cowboy Boots,Western_Apparel,1,89.99,89.99,179.94
2036,2024-01-27 16:38:48,Bulk,28,Leather Saddlebag,Leather_Goods,1,59.99,59.99,179.94
2037,2024-01-27 11:33:30,Regular,11,Lasso Rope,Ranch_Supplies,1,14.99,14.99,271.43
2037,2024-01-27 11:33:30,Regular,8,Hardtack Biscuits,Cowboy_Food,1,2.49,2.49,271.43
2037,2024-01-27 11:33:30,Regular,20,Cowboy Boots,Western_Apparel,2,89.99,179.98,271.43
2037,2024-01-27 11:33:30,Regular,28,Leather Saddlebag,Leather_Goods,1,59.99,59.99,271.43
2037,2024-01-27 11:33:30,Regular,2,Campfire Chili,Cowboy_Food,1,3.99,3.99,271.43
2037,2024-01-27 11:33:30,Regular,13,Saddle Oil,Ranch_Supplies,1,9.99,9.99,271.43
2038,2024-01-27 17:04:24,Regular,19,Cowboy Hat,Western_Apparel,1,34.99,34.99,57.96
2038,2024-01-27 17:04:24,Regular,7,Prairie Honey,Cowboy_Food,1,6.49,6.49,57.96
2038,2024-01-27 17:04:24,Regular,10,Smoked Sausage Links,Cowboy_Food,1,8.99,8.99,57.96
2038,2024-01-27 17:04:24,Regular,27,Bull Rope Rosin,Rodeo_Gear,1,7.49,7.49,57.96
2039,2024-01-27 18:22:44,Tourist,19,Cowboy Hat,Western_Apparel,2,34.99,69.98,119.96
2039,2024-01-27 18:22:44,Tourist,18,Branding Iron,Ranch_Supplies,1,24.99,24.99,119.96
2039,2024-01-27 18:22:44,Tourist,29,Leather Wallet,Leather_Goods,1,24.99,24.99,119.96
2040,2024-01-27 11:14:12,Regular,17,Stock Tank Float,Ranch_Supplies,2,8.49,16.98,57.44
2040,2024-01-27 11:14:12,Regular,25,Riding Spurs,Rodeo_Gear,1,22.99,22.99,57.44
2040,2024-01-27 11:14:12,Regular,9,Dried Apple Slices,Cowboy_Food,1,4.99,4.99,57.44
2040,2024-01-27 11:14:12,Regular,7,Prairie Honey,Cowboy_Food,1,6.49,6.49,57.44
2040,2024-01-27 11:14:12,Regular,4,Trail Beef Jerky,Cowboy_Food,1,5.99,5.99,57.44
2041,2024-01-27 12:23:37,Regular,8,Hardtack Biscuits,Cowboy_Food,2,2.49,4.98,97.93
2041,2024-01-27 12:23:37,Regular,24,Denim Vest,Western_Apparel,1,39.99,39.99,97.93
2041,2024-01-27 12:23:37,Regular,3,Smoky BBQ Sauce,Cowboy_Food,1,4.49,4.49,97.93
2041,2024-01-27 12:23:37,Regular,19,Cowboy Hat,Western_Apparel,1,34.99,34.99,97.93
2041,2024-01-27 12:23:37,Regular,7,Prairie Honey,Cowboy_Food,1,6.49,6.49,97.93
2041,2024-01-27 12:23:37,Regular,14,Work Gloves,Ranch_Supplies,1,6.99,6.99,97.93
2042,2024-01-27 15:30:37,Regular,21,Red Bandana,Western_Apparel,1,4.99,4.99,13.98
2042,2024-01-27 15:30:37,Regular,10,Smoked Sausage Links,Cowboy_Food,1,8.99,8.99,13.98
2043,2024-01-27 14:41:16,Casual,11,Lasso Rope,Ranch_Supplies,2,14.99,29.98,134.95
2043,2024-01-27 14:41:16,Casual,6,Campfire Coffee,Cowboy_Food,1,7.99,7.99,134.95
2043,2024-01-27 14:41:16,Casual,14,Work Gloves,Ranch_Supplies,1,6.99,6.99,134.95
2043,2024-01-27 14:41:16,Casual,20,Cowboy Boots,Western_Apparel,1,89.99,89.99,134.95
2044,2024-01-27 14:38:15,Regular,10,Smoked Sausage Links,Cowboy_Food,2,8.99,17.98,103.92
2044,2024-01-27 14:38:15,Regular,8,Hardtack Biscuits,Cowboy_Food,2,2.49,4.98,103.92
2044,2024-01-27 14:38:15,Regular,6,Campfire Coffee,Cowboy_Food,2,7.99,15.98,103.92
2044,2024-01-27 14:38:15,Regular,22,Flannel Shirt,Western_Apparel,1,29.99,29.99,103.92
2044,2024-01-27 14:38:15,Regular,19,Cowboy Hat,Western_Apparel,1,34.99,34.99,103.92
2045,2024-01-27 11:48:05,Tourist,12,Horse Feed Sack,Ranch_Supplies,1,19.99,19.99,145.93
2045,2024-01-27 11:48:05,Tourist,24,Denim Vest,Western_Apparel,1,39.99,39.99,145.93
2045,2024-01-27 11:48:05,Tourist,23,Leather Belt,Western_Apparel,1,19.99,19.99,145.93
2045,2024-01-27 11:48:05,Tourist,19,Cowboy Hat,Western_Apparel,1,34.99,34.99,145.93
2045,2024-01-27 11:48:05,Tourist,1,Chuckwagon Beans,Cowboy_Food,1,2.99,2.99,145.93
2045,2024-01-27 11:48:05,Tourist,9,Dried Apple Slices,Cowboy_Food,1,4.99,4.99,145.93
2045,2024-01-27 11:48:05,Tourist,25,Riding Spurs,Rodeo_Gear,1,22.99,22.99,145.93
2046,2024-01-27 17:39:08,Regular,4,Trail Beef Jerky,Cowboy_Food,1,5.99,5.99,168.41
2046,2024-01-27 17:39:08,Regular,3,Smoky BBQ Sauce,Cowboy_Food,1,4.49,4.49,168.41
2046,2024-01-27 17:39:08,Regular,19,Cowboy Hat,Western_Apparel,1,34.99,34.99,168.41
2046,2024-01-27 17:39:08,Regular,25,Riding Spurs,Rodeo_Gear,1,22.99,22.99,168.41
2046,2024-01-27 17:39:08,Regular,28,Leather Saddlebag,Leather_Goods,1,59.99,59.99,168.41
2046,2024-01-27 17:39:08,Regular,11,Lasso Rope,Ranch_Supplies,2,14.99,29.98,168.41
2046,2024-01-27 17:39:08,Regular,21,Red Bandana,Western_Apparel,1,4.99,4.99,168.41
2046,2024-01-27 17:39:08,Regular,9,Dried Apple Slices,Cowboy_Food,1,4.99,4.99,168.41
2047,2024-01-27 16:25:05,Casual,8,Hardtack Biscuits,Cowboy_Food,1,2.49,2.49,25.48
2047,2024-01-27 16:25:05,Casual,25,Riding Spurs,Rodeo_Gear,1,22.99,22.99,25.48
2048,2024-01-27 11:17:36,Regular,1,Chuckwagon Beans,Cowboy_Food,1,2.99,2.99,42.96
2048,2024-01-27 11:17:36,Regular,21,Red Bandana,Western_Apparel,1,4.99,4.99,42.96
2048,2024-01-27 11:17:36,Regular,18,Branding Iron,Ranch_Supplies,1,24.99,24.99,42.96
2048,2024-01-27 11:17:36,Regular,13,Saddle Oil,Ranch_Supplies,1,9.99,9.99,42.96
2049,2024-01-27 09:15:07,Regular,26,Rodeo Rope,Rodeo_Gear,1,18.99,18.99,33.98
2049,2024-01-27 09:15:07,Regular,30,Leather Journal,Leather_Goods,1,14.99,14.99,33.98
2050,2024-01-27 16:51:30,Regular,2,Campfire Chili,Cowboy_Food,1,3.99,3.99,68.43
2050,2024-01-27 16:51:30,Regular,19,Cowboy Hat,Western_Apparel,1,34.99,34.99,68.43
2050,2024-01-27 16:51:30,Regular,1,Chuckwagon Beans,Cowboy_Food,1,2.99,2.99,68.43
2050,2024-01-27 16:51:30,Regular,6,Campfire Coffee,Cowboy_Food,1,7.99,7.99,68.43
2050,2024-01-27 16:51:30,Regular,4,Trail Beef Jerky,Cowboy_Food,1,5.99,5.99,68.43
2050,2024-01-27 16:51:30,Regular,9,Dried Apple Slices,Cowboy_Food,1,4.99,4.99,68.43
2050,2024-01-27 16:51:30,Regular,27,Bull Rope Rosin,Rodeo_Gear,1,7.49,7.49,68.43
2051,2024-01-27 09:38:06,Regular,22,Flannel Shirt,Western_Apparel,2,29.99,59.98,92.45
2051,2024-01-27 09:38:06,Regular,12,Horse Feed Sack,Ranch_Supplies,1,19.99,19.99,92.45
2051,2024-01-27 09:38:06,Regular,8,Hardtack Biscuits,Cowboy_Food,1,2.49,2.49,92.45
2051,2024-01-27 09:38:06,Regular,13,Saddle Oil,Ranch_Supplies,1,9.99,9.99,92.45
2052,2024-01-27 17:35:47,Regular,28,Leather Saddlebag,Leather_Goods,1,59.99,59.99,171.94
2052,2024-01-27 17:35:47,Regular,6,Campfire Coffee,Cowboy_Food,1,7.99,7.99,171.94
2052,2024-01-27 17:35:47,Regular,3,Smoky BBQ Sauce,Cowboy_Food,1,4.49,4.49,171.94
2052,2024-01-27 17:35:47,Regular,20,Cowboy Boots,Western_Apparel,1,89.99,89.99,171.94
2052,2024-01-27 17:35:47,Regular,5,Cornbread Mix,Cowboy_Food,1,3.49,3.49,171.94
2052,2024-01-27 17:35:47,Regular,16,Hay Bale Twine,Ranch_Supplies,1,5.99,5.99,171.94
2053,2024-01-27 15:32:40,Regular,17,Stock Tank Float,Ranch_Supplies,2,8.49,16.98,237.84
2053,2024-01-27 15:32:40,Regular,6,Campfire Coffee,Cowboy_Food,1,7.99,7.99,237.84
2053,2024-01-27 15:32:40,Regular,16,Hay Bale Twine,Ranch_Supplies,4,5.99,23.96,237.84
2053,2024-01-27 15:32:40,Regular,12,Horse Feed Sack,Ranch_Supplies,1,19.99,19.99,237.84
2053,2024-01-27 15:32:40,Regular,2,Campfire Chili,Cowboy_Food,2,3.99,7.98,237.84
2053,2024-01-27 15:32:40,Regular,21,Red Bandana,Western_Apparel,1,4.99,4.99,237.84
2053,2024-01-27 15:32:40,Regular,28,Leather Saddlebag,Leather_Goods,1,59.99,59.99,237.84
2053,2024-01-27 15:32:40,Regular,24,Denim Vest,Western_Apparel,1,39.99,39.99,237.84
2053,2024-01-27 15:32:40,Regular,22,Flannel Shirt,Western_Apparel,1,29.99,29.99,237.84
2053,2024-01-27 15:32:40,Regular,25,Riding Spurs,Rodeo_Gear,1,22.99,22.99,237.84
2053,2024-01-27 15:32:40,Regular,1,Chuckwagon Beans,Cowboy_Food,1,2.99,2.99,237.84
2054,2024-01-27 17:59:17,Bulk,1,Chuckwagon Beans,Cowboy_Food,1,2.99,2.99,179.94
2054,2024-01-27 17:59:17,Bulk,5,Cornbread Mix,Cowboy_Food,2,3.49,6.98,179.94
2054,2024-01-27 17:59:17,Bulk,28,Leather Saddlebag,Leather_Goods,1,59.99,59.99,179.94
2054,2024-01-27 17:59:17,Bulk,20,Cowboy Boots,Western_Apparel,1,89.99,89.99,179.94
2054,2024-01-27 17:59:17,Bulk,23,Leather Belt,Western_Apparel,1,19.99,19.99,179.94
2055,2024-01-27 16:55:44,Bulk,1,Chuckwagon Beans,Cowboy_Food,2,2.99,5.98,121.87
2055,2024-01-27 16:55:44,Bulk,24,Denim Vest,Western_Apparel,1,39.99,39.99,121.87
2055,2024-01-27 16:55:44,Bulk,27,Bull Rope Rosin,Rodeo_Gear,2,7.49,14.98,121.87
2055,2024-01-27 16:55:44,Bulk,15,Fence Wire (50ft),Ranch_Supplies,1,12.99,12.99,121.87
2055,2024-01-27 16:55:44,Bulk,10,Smoked Sausage Links,Cowboy_Food,1,8.99,8.99,121.87
2055,2024-01-27 16:55:44,Bulk,21,Red Bandana,Western_Apparel,1,4.99,4.99,121.87
2055,2024-01-27 16:55:44,Bulk,7,Prairie Honey,Cowboy_Food,1,6.49,6.49,121.87
2055,2024-01-27 16:55:44,Bulk,5,Cornbread Mix,Cowboy_Food,1,3.49,3.49,121.87
2055,2024-01-27 16:55:44,Bulk,9,Dried Apple Slices,Cowboy_Food,1,4.99,4.99,121.87
2055,2024-01-27 16:55:44,Bulk,2,Campfire Chili,Cowboy_Food,1,3.99,3.99,121.87
2055,2024-01-27 16:55:44,Bulk,11,Lasso Rope,Ranch_Supplies,1,14.99,14.99,121.87
2056,2024-01-27 17:41:13,Regular,24,Denim Vest,Western_Apparel,1,39.99,39.99,94.44
2056,2024-01-27 17:41:13,Regular,3,Smoky BBQ Sauce,Cowboy_Food,2,4.49,8.98,94.44
2056,2024-01-27 17:41:13,Regular,7,Prairie Honey,Cowboy_Food,1,6.49,6.49,94.44
2056,2024-01-27 17:41:13,Regular,19,Cowboy Hat,Western_Apparel,1,34.99,34.99,94.44
2056,2024-01-27 17:41:13,Regular,2,Campfire Chili,Cowboy_Food,1,3.99,3.99,94.44
2057,2024-01-27 16:45:38,Bulk,10,Smoked Sausage Links,Cowboy_Food,1,8.99,8.99,93.94
2057,2024-01-27 16:45:38,Bulk,30,Leather Journal,Leather_Goods,1,14.99,14.99,93.94
2057,2024-01-27 16:45:38,Bulk,22,Flannel Shirt,Western_Apparel,1,29.99,29.99,93.94
2057,2024-01-27 16:45:38,Bulk,9,Dried Apple Slices,Cowboy_Food,1,4.99,4.99,93.94
2057,2024-01-27 16:45:38,Bulk,29,Leather Wallet,Leather_Goods,1,24.99,24.99,93.94
2057,2024-01-27 16:45:38,Bulk,13,Saddle Oil,Ranch_Supplies,1,9.99,9.99,93.94
2058,2024-01-27 15:50:38,Casual,10,Smoked Sausage Links,Cowboy_Food,1,8.99,8.99,52.95
2058,2024-01-27 15:50:38,Casual,12,Horse Feed Sack,Ranch_Supplies,1,19.99,19.99,52.95
2058,2024-01-27 15:50:38,Casual,30,Leather Journal,Leather_Goods,1,14.99,14.99,52.95
2058,2024-01-27 15:50:38,Casual,3,Smoky BBQ Sauce,Cowboy_Food,2,4.49,8.98,52.95
2059,2024-01-27 11:26:26,Tourist,25,Riding Spurs,Rodeo_Gear,1,22.99,22.99,68.95
2059,2024-01-27 11:26:26,Tourist,3,Smoky BBQ Sauce,Cowboy_Food,1,4.49,4.49,68.95
2059,2024-01-27 11:26:26,Tourist,17,Stock Tank Float,Ranch_Supplies,1,8.49,8.49,68.95
2059,2024-01-27 11:26:26,Tourist,18,Branding Iron,Ranch_Supplies,1,24.99,24.99,68.95
2059,2024-01-27 11:26:26,Tourist,6,Campfire Coffee,Cowboy_Food,1,7.99,7.99,68.95
2060,2024-01-27 16:40:42,Regular,30,Leather Journal,Leather_Goods,2,14.99,29.98,39.46
2060,2024-01-27 16:40:42,Regular,3,Smoky BBQ Sauce,Cowboy_Food,1,4.49,4.49,39.46
2060,2024-01-27 16:40:42,Regular,21,Red Bandana,Western_Apparel,1,4.99,4.99,39.46
2061,2024-01-27 15:56:56,Regular,30,Leather Journal,Leather_Goods,1,14.99,14.99,58.94
2061,2024-01-27 15:56:56,Regular,1,Chuckwagon Beans,Cowboy_Food,1,2.99,2.99,58.94
2061,2024-01-27 15:56:56,Regular,14,Work Gloves,Ranch_Supplies,1,6.99,6.99,58.94
2061,2024-01-27 15:56:56,Regular,10,Smoked Sausage Links,Cowboy_Food,1,8.99,8.99,58.94
2061,2024-01-27 15:56:56,Regular,23,Leather Belt,Western_Apparel,1,19.99,19.99,58.94
2061,2024-01-27 15:56:56,Regular,21,Red Bandana,Western_Apparel,1,4.99,4.99,58.94
2062,2024-01-27 14:57:24,Tourist,30,Leather Journal,Leather_Goods,1,14.99,14.99,19.48
2062,2024-01-27 14:57:24,Tourist,3,Smoky BBQ Sauce,Cowboy_Food,1,4.49,4.49,19.48
2063,2024-01-27 15:44:17,Tourist,22,Flannel Shirt,Western_Apparel,1,29.99,29.99,101.46
2063,2024-01-27 15:44:17,Tourist,21,Red Bandana,Western_Apparel,1,4.99,4.99,101.46
2063,2024-01-27 15:44:17,Tourist,7,Prairie Honey,Cowboy_Food,1,6.49,6.49,101.46
2063,2024-01-27 15:44:17,Tourist,28,Leather Saddlebag,Leather_Goods,1,59.99,59.99,101.46
2064,2024-01-27 11:55:26,Tourist,20,Cowboy Boots,Western_Apparel,1,89.99,89.99,126.95
2064,2024-01-27 11:55:26,Tourist,1,Chuckwagon Beans,Cowboy_Food,1,2.99,2.99,126.95
2064,2024-01-27 11:55:26,Tourist,9,Dried Apple Slices,Cowboy_Food,1,4.99,4.99,126.95
2064,2024-01-27 11:55:26,Tourist,25,Riding Spurs,Rodeo_Gear,1,22.99,22.99,126.95
2064,2024-01-27 11:55:26,Tourist,4,Trail Beef Jerky,Cowboy_Food,1,5.99,5.99,126.95
2065,2024-01-27 14:20:34,Bulk,27,Bull Rope Rosin,Rodeo_Gear,1,7.49,7.49,152.92
2065,2024-01-27 14:20:34,Bulk,3,Smoky BBQ Sauce,Cowboy_Food,1,4.49,4.49,152.92
2065,2024-01-27 14:20:34,Bulk,26,Rodeo Rope,Rodeo_Gear,1,18.99,18.99,152.92
2065,2024-01-27 14:20:34,Bulk,20,Cowboy Boots,Western_Apparel,1,89.99,89.99,152.92
2065,2024-01-27 14:20:34,Bulk,4,Trail Beef Jerky,Cowboy_Food,1,5.99,5.99,152.92
2065,2024-01-27 14:20:34,Bulk,8,Hardtack Biscuits,Cowboy_Food,1,2.49,2.49,152.92
2065,2024-01-27 14:20:34,Bulk,5,Cornbread Mix,Cowboy_Food,1,3.49,3.49,152.92
2065,2024-01-27 14:20:34,Bulk,23,Leather Belt,Western_Apparel,1,19.99,19.99,152.92
2066,2024-01-28 10:19:07,Regular,29,Leather Wallet,Leather_Goods,2,24.99,49.98,54.47
2066,2024-01-28 10:19:07,Regular,3,Smoky BBQ Sauce,Cowboy_Food,1,4.49,4.49,54.47
2067,2024-01-28 11:24:29,Regular,15,Fence Wire (50ft),Ranch_Supplies,1,12.99,12.99,42.96
2067,2024-01-28 11:24:29,Regular,3,Smoky BBQ Sauce,Cowboy_Food,1,4.49,4.49,42.96
2067,2024-01-28 11:24:29,Regular,8,Hardtack Biscuits,Cowboy_Food,1,2.49,2.49,42.96
2067,2024-01-28 11:24:29,Regular,25,Riding Spurs,Rodeo_Gear,1,22.99,22.99,42.96
2068,2024-01-28 16:08:12,Regular,16,Hay Bale Twine,Ranch_Supplies,1,5.99,5.99,135.94
2068,2024-01-28 16:08:12,Regular,9,Dried Apple Slices,Cowboy_Food,1,4.99,4.99,135.94
2068,2024-01-28 16:08:12,Regular,14,Work Gloves,Ranch_Supplies,1,6.99,6.99,135.94
2068,2024-01-28 16:08:12,Regular,11,Lasso Rope,Ranch_Supplies,1,14.99,14.99,135.94
2068,2024-01-28 16:08:12,Regular,20,Cowboy Boots,Western_Apparel,1,89.99,89.99,135.94
2068,2024-01-28 16:08:12,Regular,15,Fence Wire (50ft),Ranch_Supplies,1,12.99,12.99,135.94
2069,2024-01-28 10:44:04,Regular,5,Cornbread Mix,Cowboy_Food,1,3.49,3.49,3.49
2070,2024-01-28 15:35:02,Bulk,1,Chuckwagon Beans,Cowboy_Food,1,2.99,2.99,2.99
2071,2024-01-28 16:03:20,Tourist,14,Work Gloves,Ranch_Supplies,1,6.99,6.99,56.96
2071,2024-01-28 16:03:20,Tourist,7,Prairie Honey,Cowboy_Food,1,6.49,6.49,56.96
2071,2024-01-28 16:03:20,Tourist,24,Denim Vest,Western_Apparel,1,39.99,39.99,56.96
2071,2024-01-28 16:03:20,Tourist,5,Cornbread Mix,Cowboy_Food,1,3.49,3.49,56.96
2072,2024-01-28 16:27:44,Casual,10,Smoked Sausage Links,Cowboy_Food,1,8.99,8.99,11.98
2072,2024-01-28 16:27:44,Casual,1,Chuckwagon Beans,Cowboy_Food,1,2.99,2.99,11.98
2073,2024-01-28 11:03:34,Regular,22,Flannel Shirt,Western_Apparel,1,29.99,29.99,71.97
2073,2024-01-28 11:03:34,Regular,14,Work Gloves,Ranch_Supplies,1,6.99,6.99,71.97
2073,2024-01-28 11:03:34,Regular,19,Cowboy Hat,Western_Apparel,1,34.99,34.99,71.97
2074,2024-01-28 14:59:07,Casual,29,Leather Wallet,Leather_Goods,1,24.99,24.99,29.98
2074,2024-01-28 14:59:07,Casual,21,Red Bandana,Western_Apparel,1,4.99,4.99,29.98
2075,2024-01-28 15:01:26,Casual,2,Campfire Chili,Cowboy_Food,1,3.99,3.99,3.99
2076,2024-01-28 17:17:34,Regular,11,Lasso Rope,Ranch_Supplies,1,14.99,14.99,112.94
2076,2024-01-28 17:17:34,Regular,22,Flannel Shirt,Western_Apparel,1,29.99,29.99,112.94
2076,2024-01-28 17:17:34,Regular,13,Saddle Oil,Ranch_Supplies,1,9.99,9.99,112.94
2076,2024-01-28 17:17:34,Regular,30,Leather Journal,Leather_Goods,1,14.99,14.99,112.94
2076,2024-01-28 17:17:34,Regular,25,Riding Spurs,Rodeo_Gear,1,22.99,22.99,112.94
2076,2024-01-28 17:17:34,Regular,23,Leather Belt,Western_Apparel,1,19.99,19.99,112.94
2077,2024-01-28 15:04:14,Tourist,24,Denim Vest,Western_Apparel,1,39.99,39.99,83.96
2077,2024-01-28 15:04:14,Tourist,10,Smoked Sausage Links,Cowboy_Food,1,8.99,8.99,83.96
2077,2024-01-28 15:04:14,Tourist,23,Leather Belt,Western_Apparel,1,19.99,19.99,83.96
2077,2024-01-28 15:04:14,Tourist,30,Leather Journal,Leather_Goods,1,14.99,14.99,83.96
2078,2024-01-28 14:22:08,Casual,13,Saddle Oil,Ranch_Supplies,1,9.99,9.99,9.99
2079,2024-01-28 11:02:14,Casual,6,Campfire Coffee,Cowboy_Food,1,7.99,7.99,37.46
2079,2024-01-28 11:02:14,Casual,23,Leather Belt,Western_Apparel,1,19.99,19.99,37.46
2079,2024-01-28 11:02:14,Casual,7,Prairie Honey,Cowboy_Food,1,6.49,6.49,37.46
2079,2024-01-28 11:02:14,Casual,1,Chuckwagon Beans,Cowboy_Food,1,2.99,2.99,37.46
2080,2024-01-28 16:29:03,Regular,4,Trail Beef Jerky,Cowboy_Food,1,5.99,5.99,189.9
2080,2024-01-28 16:29:03,Regular,9,Dried Apple Slices,Cowboy_Food,1,4.99,4.99,189.9
2080,2024-01-28 16:29:03,Regular,20,Cowboy Boots,Western_Apparel,1,89.99,89.99,189.9
2080,2024-01-28 16:29:03,Regular,27,Bull Rope Rosin,Rodeo_Gear,2,7.49,14.98,189.9
2080,2024-01-28 16:29:03,Regular,2,Campfire Chili,Cowboy_Food,1,3.99,3.99,189.9
2080,2024-01-28 16:29:03,Regular,26,Rodeo Rope,Rodeo_Gear,1,18.99,18.99,189.9
2080,2024-01-28 16:29:03,Regular,6,Campfire Coffee,Cowboy_Food,1,7.99,7.99,189.9
2080,2024-01-28 16:29:03,Regular,25,Riding Spurs,Rodeo_Gear,1,22.99,22.99,189.9
2080,2024-01-28 16:29:03,Regular,23,Leather Belt,Western_Apparel,1,19.99,19.99,189.9
2081,2024-01-28 16:05:14,Regular,3,Smoky BBQ Sauce,Cowboy_Food,2,4.49,8.98,53.94
2081,2024-01-28 16:05:14,Regular,29,Leather Wallet,Leather_Goods,1,24.99,24.99,53.94
2081,2024-01-28 16:05:14,Regular,6,Campfire Coffee,Cowboy_Food,2,7.99,15.98,53.94
2081,2024-01-28 16:05:14,Regular,2,Campfire Chili,Cowboy_Food,1,3.99,3.99,53.94
2082,2024-01-28 16:37:32,Casual,11,Lasso Rope,Ranch_Supplies,1,14.99,14.99,19.98
2082,2024-01-28 16:37:32,Casual,21,Red Bandana,Western_Apparel,1,4.99,4.99,19.98
2083,2024-01-28 16:17:48,Regular,22,Flannel Shirt,Western_Apparel,1,29.99,29.99,109.42
2083,2024-01-28 16:17:48,Regular,11,Lasso Rope,Ranch_Supplies,1,14.99,14.99,109.42
2083,2024-01-28 16:17:48,Regular,15,Fence Wire (50ft),Ranch_Supplies,1,12.99,12.99,109.42
2083,2024-01-28 16:17:48,Regular,4,Trail Beef Jerky,Cowboy_Food,1,5.99,5.99,109.42
2083,2024-01-28 16:17:48,Regular,3,Smoky BBQ Sauce,Cowboy_Food,1,4.49,4.49,109.42
2083,2024-01-28 16:17:48,Regular,6,Campfire Coffee,Cowboy_Food,1,7.99,7.99,109.42
2083,2024-01-28 16:17:48,Regular,13,Saddle Oil,Ranch_Supplies,1,9.99,9.99,109.42
2083,2024-01-28 16:17:48,Regular,25,Riding Spurs,Rodeo_Gear,1,22.99,22.99,109.42
2084,2024-01-28 17:33:52,Tourist,6,Campfire Coffee,Cowboy_Food,1,7.99,7.99,7.99
2085,2024-01-28 17:34:40,Regular,21,Red Bandana,Western_Apparel,1,4.99,4.99,163.4
2085,2024-01-28 17:34:40,Regular,29,Leather Wallet,Leather_Goods,1,24.99,24.99,163.4
2085,2024-01-28 17:34:40,Regular,16,Hay Bale Twine,Ranch_Supplies,1,5.99,5.99,163.4
2085,2024-01-28 17:34:40,Regular,14,Work Gloves,Ranch_Supplies,1,6.99,6.99,163.4
2085,2024-01-28 17:34:40,Regular,3,Smoky BBQ Sauce,Cowboy_Food,1,4.49,4.49,163.4
2085,2024-01-28 17:34:40,Regular,22,Flannel Shirt,Western_Apparel,1,29.99,29.99,163.4
2085,2024-01-28 17:34:40,Regular,27,Bull Rope Rosin,Rodeo_Gear,1,7.49,7.49,163.4
2085,2024-01-28 17:34:40,Regular,30,Leather Journal,Leather_Goods,1,14.99,14.99,163.4
2085,2024-01-28 17:34:40,Regular,5,Cornbread Mix,Cowboy_Food,1,3.49,3.49,163.4
2085,2024-01-28 17:34:40,Regular,28,Leather Saddlebag,Leather_Goods,1,59.99,59.99,163.4
2086,2024-01-28 12:40:21,Regular,7,Prairie Honey,Cowboy_Food,1,6.49,6.49,6.49
2087,2024-01-28 11:31:56,Casual,26,Rodeo Rope,Rodeo_Gear,1,18.99,18.99,28.98
2087,2024-01-28 11:31:56,Casual,13,Saddle Oil,Ranch_Supplies,1,9.99,9.99,28.98
2088,2024-01-28 17:57:55,Bulk,5,Cornbread Mix,Cowboy_Food,1,3.49,3.49,142.9
2088,2024-01-28 17:57:55,Bulk,28,Leather Saddlebag,Leather_Goods,1,59.99,59.99,142.9
2088,2024-01-28 17:57:55,Bulk,16,Hay Bale Twine,Ranch_Supplies,1,5.99,5.99,142.9
2088,2024-01-28 17:57:55,Bulk,6,Campfire Coffee,Cowboy_Food,1,7.99,7.99,142.9
2088,2024-01-28 17:57:55,Bulk,23,Leather Belt,Western_Apparel,2,19.99,39.98,142.9
2088,2024-01-28 17:57:55,Bulk,17,Stock Tank Float,Ranch_Supplies,1,8.49,8.49,142.9
2088,2024-01-28 17:57:55,Bulk,10,Smoked Sausage Links,Cowboy_Food,1,8.99,8.99,142.9
2088,2024-01-28 17:57:55,Bulk,1,Chuckwagon Beans,Cowboy_Food,1,2.99,2.99,142.9
2088,2024-01-28 17:57:55,Bulk,21,Red Bandana,Western_Apparel,1,4.99,4.99,142.9
2089,2024-01-28 16:35:21,Regular,10,Smoked Sausage Links,Cowboy_Food,2,8.99,17.98,42.96
2089,2024-01-28 16:35:21,Regular,30,Leather Journal,Leather_Goods,1,14.99,14.99,42.96
2089,2024-01-28 16:35:21,Regular,13,Saddle Oil,Ranch_Supplies,1,9.99,9.99,42.96
2090,2024-01-28 18:27:00,Casual,9,Dried Apple Slices,Cowboy_Food,1,4.99,4.99,68.96
2090,2024-01-28 18:27:00,Casual,23,Leather Belt,Western_Apparel,1,19.99,19.99,68.96
2090,2024-01-28 18:27:00,Casual,19,Cowboy Hat,Western_Apparel,1,34.99,34.99,68.96
2090,2024-01-28 18:27:00,Casual,10,Smoked Sausage Links,Cowboy_Food,1,8.99,8.99,68.96
2091,2024-01-28 15:18:26,Casual,2,Campfire Chili,Cowboy_Food,1,3.99,3.99,15.47
2091,2024-01-28 15:18:26,Casual,6,Campfire Coffee,Cowboy_Food,1,7.99,7.99,15.47
2091,2024-01-28 15:18:26,Casual,5,Cornbread Mix,Cowboy_Food,1,3.49,3.49,15.47
2092,2024-01-28 18:20:27,Bulk,4,Trail Beef Jerky,Cowboy_Food,2,5.99,11.98,159.4
2092,2024-01-28 18:20:27,Bulk,24,Denim Vest,Western_Apparel,1,39.99,39.99,159.4
2092,2024-01-28 18:20:27,Bulk,19,Cowboy Hat,Western_Apparel,1,34.99,34.99,159.4
2092,2024-01-28 18:20:27,Bulk,30,Leather Journal,Leather_Goods,1,14.99,14.99,159.4
2092,2024-01-28 18:20:27,Bulk,14,Work Gloves,Ranch_Supplies,1,6.99,6.99,159.4
2092,2024-01-28 18:20:27,Bulk,21,Red Bandana,Western_Apparel,1,4.99,4.99,159.4
2092,2024-01-28 18:20:27,Bulk,26,Rodeo Rope,Rodeo_Gear,1,18.99,18.99,159.4
2092,2024-01-28 18:20:27,Bulk,25,Riding Spurs,Rodeo_Gear,1,22.99,22.99,159.4
2092,2024-01-28 18:20:27,Bulk,5,Cornbread Mix,Cowboy_Food,1,3.49,3.49,159.4
2093,2024-01-28 11:01:40,Regular,7,Prairie Honey,Cowboy_Food,1,6.49,6.49,10.98
2093,2024-01-28 11:01:40,Regular,3,Smoky BBQ Sauce,Cowboy_Food,1,4.49,4.49,10.98
2094,2024-01-28 15:55:08,Bulk,25,Riding Spurs,Rodeo_Gear,1,22.99,22.99,242.36
2094,2024-01-28 15:55:08,Bulk,19,Cowboy Hat,Western_Apparel,2,34.99,69.98,242.36
2094,2024-01-28 15:55:08,Bulk,1,Chuckwagon Beans,Cowboy_Food,1,2.99,2.99,242.36
2094,2024-01-28 15:55:08,Bulk,13,Saddle Oil,Ranch_Supplies,1,9.99,9.99,242.36
2094,2024-01-28 15:55:08,Bulk,5,Cornbread Mix,Cowboy_Food,1,3.49,3.49,242.36
2094,2024-01-28 15:55:08,Bulk,4,Trail Beef Jerky,Cowboy_Food,1,5.99,5.99,242.36
2094,2024-01-28 15:55:08,Bulk,6,Campfire Coffee,Cowboy_Food,1,7.99,7.99,242.36
2094,2024-01-28 15:55:08,Bulk,21,Red Bandana,Western_Apparel,1,4.99,4.99,242.36
2094,2024-01-28 15:55:08,Bulk,15,Fence Wire (50ft),Ranch_Supplies,1,12.99,12.99,242.36
2094,2024-01-28 15:55:08,Bulk,14,Work Gloves,Ranch_Supplies,1,6.99,6.99,242.36
2094,2024-01-28 15:55:08,Bulk,11,Lasso Rope,Ranch_Supplies,1,14.99,14.99,242.36
2094,2024-01-28 15:55:08,Bulk,26,Rodeo Rope,Rodeo_Gear,1,18.99,18.99,242.36
2094,2024-01-28 15:55:08,Bulk,28,Leather Saddlebag,Leather_Goods,1,59.99,59.99,242.36
2095,2024-01-28 15:18:32,Bulk,6,Campfire Coffee,Cowboy_Food,1,7.99,7.99,174.92
2095,2024-01-28 15:18:32,Bulk,13,Saddle Oil,Ranch_Supplies,1,9.99,9.99,174.92
2095,2024-01-28 15:18:32,Bulk,20,Cowboy Boots,Western_Apparel,1,89.99,89.99,174.92
2095,2024-01-28 15:18:32,Bulk,14,Work Gloves,Ranch_Supplies,1,6.99,6.99,174.92
2095,2024-01-28 15:18:32,Bulk,7,Prairie Honey,Cowboy_Food,1,6.49,6.49,174.92
2095,2024-01-28 15:18:32,Bulk,19,Cowboy Hat,Western_Apparel,1,34.99,34.99,174.92
2095,2024-01-28 15:18:32,Bulk,30,Leather Journal,Leather_Goods,1,14.99,14.99,174.92
2095,2024-01-28 15:18:32,Bulk,5,Cornbread Mix,Cowboy_Food,1,3.49,3.49,174.92
2096,2024-01-28 09:09:18,Casual,10,Smoked Sausage Links,Cowboy_Food,1,8.99,8.99,51.46
2096,2024-01-28 09:09:18,Casual,3,Smoky BBQ Sauce,Cowboy_Food,1,4.49,4.49,51.46
2096,2024-01-28 09:09:18,Casual,19,Cowboy Hat,Western_Apparel,1,34.99,34.99,51.46
2096,2024-01-28 09:09:18,Casual,1,Chuckwagon Beans,Cowboy_Food,1,2.99,2.99,51.46
2097,2024-01-28 11:36:29,Bulk,28,Leather Saddlebag,Leather_Goods,3,59.99,179.97,427.83
2097,2024-01-28 11:36:29,Bulk,19,Cowboy Hat,Western_Apparel,1,34.99,34.99,427.83
2097,2024-01-28 11:36:29,Bulk,15,Fence Wire (50ft),Ranch_Supplies,1,12.99,12.99,427.83
2097,2024-01-28 11:36:29,Bulk,20,Cowboy Boots,Western_Apparel,1,89.99,89.99,427.83
2097,2024-01-28 11:36:29,Bulk,8,Hardtack Biscuits,Cowboy_Food,1,2.49,2.49,427.83
2097,2024-01-28 11:36:29,Bulk,1,Chuckwagon Beans,Cowboy_Food,2,2.99,5.98,427.83
2097,2024-01-28 11:36:29,Bulk,12,Horse Feed Sack,Ranch_Supplies,2,19.99,39.98,427.83
2097,2024-01-28 11:36:29,Bulk,22,Flannel Shirt,Western_Apparel,1,29.99,29.99,427.83
2097,2024-01-28 11:36:29,Bulk,7,Prairie Honey,Cowboy_Food,1,6.49,6.49,427.83
2097,2024-01-28 11:36:29,Bulk,4,Trail Beef Jerky,Cowboy_Food,1,5.99,5.99,427.83
2097,2024-01-28 11:36:29,Bulk,6,Campfire Coffee,Cowboy_Food,1,7.99,7.99,427.83
2097,2024-01-28 11:36:29,Bulk,27,Bull Rope Rosin,Rodeo_Gear,1,7.49,7.49,427.83
2097,2024-01-28 11:36:29,Bulk,5,Cornbread Mix,Cowboy_Food,1,3.49,3.49,427.83
2098,2024-01-28 11:17:01,Regular,13,Saddle Oil,Ranch_Supplies,1,9.99,9.99,276.37
2098,2024-01-28 11:17:01,Regular,1,Chuckwagon Beans,Cowboy_Food,2,2.99,5.98,276.37
2098,2024-01-28 11:17:01,Regular,7,Prairie Honey,Cowboy_Food,1,6.49,6.49,276.37
2098,2024-01-28 11:17:01,Regular,30,Leather Journal,Leather_Goods,2,14.99,29.98,276.37
2098,2024-01-28 11:17:01,Regular,28,Leather Saddlebag,Leather_Goods,2,59.99,119.98,276.37
2098,2024-01-28 11:17:01,Regular,2,Campfire Chili,Cowboy_Food,1,3.99,3.99,276.37
2098,2024-01-28 11:17:01,Regular,23,Leather Belt,Western_Apparel,2,19.99,39.98,276.37
2098,2024-01-28 11:17:01,Regular,29,Leather Wallet,Leather_Goods,1,24.99,24.99,276.37
2098,2024-01-28 11:17:01,Regular,19,Cowboy Hat,Western_Apparel,1,34.99,34.99,276.37
2099,2024-01-28 10:24:31,Regular,28,Leather Saddlebag,Leather_Goods,1,59.99,59.99,192.89
2099,2024-01-28 10:24:31,Regular,19,Cowboy Hat,Western_Apparel,1,34.99,34.99,192.89
2099,2024-01-28 10:24:31,Regular,11,Lasso Rope,Ranch_Supplies,1,14.99,14.99,192.89
2099,2024-01-28 10:24:31,Regular,21,Red Bandana,Western_Apparel,1,4.99,4.99,192.89
2099,2024-01-28 10:24:31,Regular,5,Cornbread Mix,Cowboy_Food,1,3.49,3.49,192.89
2099,2024-01-28 10:24:31,Regular,3,Smoky BBQ Sauce,Cowboy_Food,2,4.49,8.98,192.89
2099,2024-01-28 10:24:31,Regular,17,Stock Tank Float,Ranch_Supplies,1,8.49,8.49,192.89
2099,2024-01-28 10:24:31,Regular,26,Rodeo Rope,Rodeo_Gear,1,18.99,18.99,192.89
2099,2024-01-28 10:24:31,Regular,6,Campfire Coffee,Cowboy_Food,1,7.99,7.99,192.89
2099,2024-01-28 10:24:31,Regular,22,Flannel Shirt,Western_Apparel,1,29.99,29.99,192.89
2100,2024-01-28 18:10:02,Regular,7,Prairie Honey,Cowboy_Food,2,6.49,12.98,94.94
2100,2024-01-28 18:10:02,Regular,28,Leather Saddlebag,Leather_Goods,1,59.99,59.99,94.94
2100,2024-01-28 18:10:02,Regular,17,Stock Tank Float,Ranch_Supplies,1,8.49,8.49,94.94
2100,2024-01-28 18:10:02,Regular,10,Smoked Sausage Links,Cowboy_Food,1,8.99,8.99,94.94
2100,2024-01-28 18:10:02,Regular,3,Smoky BBQ Sauce,Cowboy_Food,1,4.49,4.49,94.94
2101,2024-01-28 18:22:51,Regular,7,Prairie Honey,Cowboy_Food,1,6.49,6.49,73.95
2101,2024-01-28 18:22:51,Regular,5,Cornbread Mix,Cowboy_Food,1,3.49,3.49,73.95
2101,2024-01-28 18:22:51,Regular,30,Leather Journal,Leather_Goods,1,14.99,14.99,73.95
2101,2024-01-28 18:22:51,Regular,24,Denim Vest,Western_Apparel,1,39.99,39.99,73.95
2101,2024-01-28 18:22:51,Regular,10,Smoked Sausage Links,Cowboy_Food,1,8.99,8.99,73.95
2102,2024-01-28 17:40:42,Bulk,3,Smoky BBQ Sauce,Cowboy_Food,2,4.49,8.98,238.91
2102,2024-01-28 17:40:42,Bulk,9,Dried Apple Slices,Cowboy_Food,1,4.99,4.99,238.91
2102,2024-01-28 17:40:42,Bulk,20,Cowboy Boots,Western_Apparel,2,89.99,179.98,238.91
2102,2024-01-28 17:40:42,Bulk,14,Work Gloves,Ranch_Supplies,1,6.99,6.99,238.91
2102,2024-01-28 17:40:42,Bulk,2,Campfire Chili,Cowboy_Food,2,3.99,7.98,238.91
2102,2024-01-28 17:40:42,Bulk,22,Flannel Shirt,Western_Apparel,1,29.99,29.99,238.91
2103,2024-01-28 18:45:55,Casual,9,Dried Apple Slices,Cowboy_Food,1,4.99,4.99,4.99
2104,2024-01-28 17:15:39,Tourist,8,Hardtack Biscuits,Cowboy_Food,1,2.49,2.49,2.49
2105,2024-01-28 18:00:58,Bulk,13,Saddle Oil,Ranch_Supplies,1,9.99,9.99,205.37
2105,2024-01-28 18:00:58,Bulk,3,Smoky BBQ Sauce,Cowboy_Food,3,4.49,13.47,205.37
2105,2024-01-28 18:00:58,Bulk,8,Hardtack Biscuits,Cowboy_Food,1,2.49,2.49,205.37
2105,2024-01-28 18:00:58,Bulk,4,Trail Beef Jerky,Cowboy_Food,2,5.99,11.98,205.37
2105,2024-01-28 18:00:58,Bulk,18,Branding Iron,Ranch_Supplies,1,24.99,24.99,205.37
2105,2024-01-28 18:00:58,Bulk,12,Horse Feed Sack,Ranch_Supplies,1,19.99,19.99,205.37
2105,2024-01-28 18:00:58,Bulk,20,Cowboy Boots,Western_Apparel,1,89.99,89.99,205.37
2105,2024-01-28 18:00:58,Bulk,10,Smoked Sausage Links,Cowboy_Food,1,8.99,8.99,205.37
2105,2024-01-28 18:00:58,Bulk,5,Cornbread Mix,Cowboy_Food,1,3.49,3.49,205.37
2105,2024-01-28 18:00:58,Bulk,23,Leather Belt,Western_Apparel,1,19.99,19.99,205.37
2106,2024-01-28 11:38:12,Casual,14,Work Gloves,Ranch_Supplies,2,6.99,13.98,32.95
2106,2024-01-28 11:38:12,Casual,13,Saddle Oil,Ranch_Supplies,1,9.99,9.99,32.95
2106,2024-01-28 11:38:12,Casual,1,Chuckwagon Beans,Cowboy_Food,1,2.99,2.99,32.95
2106,2024-01-28 11:38:12,Casual,4,Trail Beef Jerky,Cowboy_Food,1,5.99,5.99,32.95
2107,2024-01-28 12:08:00,Bulk,28,Leather Saddlebag,Leather_Goods,2,59.99,119.98,172.92
2107,2024-01-28 12:08:00,Bulk,3,Smoky BBQ Sauce,Cowboy_Food,1,4.49,4.49,172.92
2107,2024-01-28 12:08:00,Bulk,5,Cornbread Mix,Cowboy_Food,2,3.49,6.98,172.92
2107,2024-01-28 12:08:00,Bulk,27,Bull Rope Rosin,Rodeo_Gear,1,7.49,7.49,172.92
2107,2024-01-28 12:08:00,Bulk,2,Campfire Chili,Cowboy_Food,1,3.99,3.99,172.92
2107,2024-01-28 12:08:00,Bulk,22,Flannel Shirt,Western_Apparel,1,29.99,29.99,172.92
2108,2024-01-28 17:27:54,Regular,6,Campfire Coffee,Cowboy_Food,1,7.99,7.99,70.96
2108,2024-01-28 17:27:54,Regular,13,Saddle Oil,Ranch_Supplies,1,9.99,9.99,70.96
2108,2024-01-28 17:27:54,Regular,15,Fence Wire (50ft),Ranch_Supplies,1,12.99,12.99,70.96
2108,2024-01-28 17:27:54,Regular,24,Denim Vest,Western_Apparel,1,39.99,39.99,70.96
2109,2024-01-28 15:10:39,Bulk,16,Hay Bale Twine,Ranch_Supplies,1,5.99,5.99,132.91
2109,2024-01-28 15:10:39,Bulk,26,Rodeo Rope,Rodeo_Gear,1,18.99,18.99,132.91
2109,2024-01-28 15:10:39,Bulk,29,Leather Wallet,Leather_Goods,1,24.99,24.99,132.91
2109,2024-01-28 15:10:39,Bulk,17,Stock Tank Float,Ranch_Supplies,1,8.49,8.49,132.91
2109,2024-01-28 15:10:39,Bulk,25,Riding Spurs,Rodeo_Gear,1,22.99,22.99,132.91
2109,2024-01-28 15:10:39,Bulk,23,Leather Belt,Western_Apparel,2,19.99,39.98,132.91
2109,2024-01-28 15:10:39,Bulk,3,Smoky BBQ Sauce,Cowboy_Food,1,4.49,4.49,132.91
2109,2024-01-28 15:10:39,Bulk,14,Work Gloves,Ranch_Supplies,1,6.99,6.99,132.91
2110,2024-01-28 16:37:41,Regular,23,Leather Belt,Western_Apparel,1,19.99,19.99,70.96
2110,2024-01-28 16:37:41,Regular,16,Hay Bale Twine,Ranch_Supplies,1,5.99,5.99,70.96
2110,2024-01-28 16:37:41,Regular,19,Cowboy Hat,Western_Apparel,1,34.99,34.99,70.96
2110,2024-01-28 16:37:41,Regular,13,Saddle Oil,Ranch_Supplies,1,9.99,9.99,70.96
2111,2024-01-28 15:45:17,Regular,14,Work Gloves,Ranch_Supplies,1,6.99,6.99,29.98
2111,2024-01-28 15:45:17,Regular,25,Riding Spurs,Rodeo_Gear,1,22.99,22.99,29.98
2112,2024-01-28 12:38:20,Tourist,28,Leather Saddlebag,Leather_Goods,1,59.99,59.99,187.95
2112,2024-01-28 12:38:20,Tourist,14,Work Gloves,Ranch_Supplies,1,6.99,6.99,187.95
2112,2024-01-28 12:38:20,Tourist,4,Trail Beef Jerky,Cowboy_Food,1,5.99,5.99,187.95
2112,2024-01-28 12:38:20,Tourist,18,Branding Iron,Ranch_Supplies,1,24.99,24.99,187.95
2112,2024-01-28 12:38:20,Tourist,20,Cowboy Boots,Western_Apparel,1,89.99,89.99,187.95
2113,2024-01-28 12:24:40,Bulk,22,Flannel Shirt,Western_Apparel,1,29.99,29.99,73.44
2113,2024-01-28 12:24:40,Bulk,7,Prairie Honey,Cowboy_Food,1,6.49,6.49,73.44
2113,2024-01-28 12:24:40,Bulk,29,Leather Wallet,Leather_Goods,1,24.99,24.99,73.44
2113,2024-01-28 12:24:40,Bulk,2,Campfire Chili,Cowboy_Food,1,3.99,3.99,73.44
2113,2024-01-28 12:24:40,Bulk,3,Smoky BBQ Sauce,Cowboy_Food,1,4.49,4.49,73.44
2113,2024-01-28 12:24:40,Bulk,5,Cornbread Mix,Cowboy_Food,1,3.49,3.49,73.44
2114,2024-01-28 16:47:24,Regular,22,Flannel Shirt,Western_Apparel,1,29.99,29.99,71.45
2114,2024-01-28 16:47:24,Regular,15,Fence Wire (50ft),Ranch_Supplies,1,12.99,12.99,71.45
2114,2024-01-28 16:47:24,Regular,17,Stock Tank Float,Ranch_Supplies,1,8.49,8.49,71.45
2114,2024-01-28 16:47:24,Regular,11,Lasso Rope,Ranch_Supplies,1,14.99,14.99,71.45
2114,2024-01-28 16:47:24,Regular,21,Red Bandana,Western_Apparel,1,4.99,4.99,71.45
2115,2024-01-28 15:33:04,Bulk,12,Horse Feed Sack,Ranch_Supplies,1,19.99,19.99,215.41
2115,2024-01-28 15:33:04,Bulk,16,Hay Bale Twine,Ranch_Supplies,1,5.99,5.99,215.41
2115,2024-01-28 15:33:04,Bulk,10,Smoked Sausage Links,Cowboy_Food,2,8.99,17.98,215.41
2115,2024-01-28 15:33:04,Bulk,20,Cowboy Boots,Western_Apparel,1,89.99,89.99,215.41
2115,2024-01-28 15:33:04,Bulk,19,Cowboy Hat,Western_Apparel,1,34.99,34.99,215.41
2115,2024-01-28 15:33:04,Bulk,22,Flannel Shirt,Western_Apparel,1,29.99,29.99,215.41
2115,2024-01-28 15:33:04,Bulk,15,Fence Wire (50ft),Ranch_Supplies,1,12.99,12.99,215.41
2115,2024-01-28 15:33:04,Bulk,5,Cornbread Mix,Cowboy_Food,1,3.49,3.49,215.41
2116,2024-01-28 13:28:17,Tourist,28,Leather Saddlebag,Leather_Goods,1,59.99,59.99,86.96
2116,2024-01-28 13:28:17,Tourist,1,Chuckwagon Beans,Cowboy_Food,1,2.99,2.99,86.96
2116,2024-01-28 13:28:17,Tourist,26,Rodeo Rope,Rodeo_Gear,1,18.99,18.99,86.96
2116,2024-01-28 13:28:17,Tourist,21,Red Bandana,Western_Apparel,1,4.99,4.99,86.96
2117,2024-01-28 16:04:23,Regular,23,Leather Belt,Western_Apparel,1,19.99,19.99,25.98
2117,2024-01-28 16:04:23,Regular,4,Trail Beef Jerky,Cowboy_Food,1,5.99,5.99,25.98
2118,2024-01-28 14:33:49,Tourist,4,Trail Beef Jerky,Cowboy_Food,1,5.99,5.99,67.42
2118,2024-01-28 14:33:49,Tourist,7,Prairie Honey,Cowboy_Food,1,6.49,6.49,67.42
2118,2024-01-28 14:33:49,Tourist,11,Lasso Rope,Ranch_Supplies,2,14.99,29.98,67.42
2118,2024-01-28 14:33:49,Tourist,10,Smoked Sausage Links,Cowboy_Food,1,8.99,8.99,67.42
2118,2024-01-28 14:33:49,Tourist,14,Work Gloves,Ranch_Supplies,1,6.99,6.99,67.42
2118,2024-01-28 14:33:49,Tourist,21,Red Bandana,Western_Apparel,1,4.99,4.99,67.42
2118,2024-01-28 14:33:49,Tourist,2,Campfire Chili,Cowboy_Food,1,3.99,3.99,67.42
2119,2024-01-28 15:08:20,Tourist,30,Leather Journal,Leather_Goods,1,14.99,14.99,192.44
2119,2024-01-28 15:08:20,Tourist,19,Cowboy Hat,Western_Apparel,1,34.99,34.99,192.44
2119,2024-01-28 15:08:20,Tourist,20,Cowboy Boots,Western_Apparel,1,89.99,89.99,192.44
2119,2024-01-28 15:08:20,Tourist,7,Prairie Honey,Cowboy_Food,1,6.49,6.49,192.44
2119,2024-01-28 15:08:20,Tourist,24,Denim Vest,Western_Apparel,1,39.99,39.99,192.44
2119,2024-01-28 15:08:20,Tourist,16,Hay Bale Twine,Ranch_Supplies,1,5.99,5.99,192.44
2120,2024-01-28 16:24:29,Bulk,19,Cowboy Hat,Western_Apparel,2,34.99,69.98,171.86
2120,2024-01-28 16:24:29,Bulk,29,Leather Wallet,Leather_Goods,1,24.99,24.99,171.86
2120,2024-01-28 16:24:29,Bulk,16,Hay Bale Twine,Ranch_Supplies,1,5.99,5.99,171.86
2120,2024-01-28 16:24:29,Bulk,9,Dried Apple Slices,Cowboy_Food,1,4.99,4.99,171.86
2120,2024-01-28 16:24:29,Bulk,8,Hardtack Biscuits,Cowboy_Food,1,2.49,2.49,171.86
2120,2024-01-28 16:24:29,Bulk,15,Fence Wire (50ft),Ranch_Supplies,1,12.99,12.99,171.86
2120,2024-01-28 16:24:29,Bulk,3,Smoky BBQ Sauce,Cowboy_Food,1,4.49,4.49,171.86
2120,2024-01-28 16:24:29,Bulk,17,Stock Tank Float,Ranch_Supplies,1,8.49,8.49,171.86
2120,2024-01-28 16:24:29,Bulk,11,Lasso Rope,Ranch_Supplies,1,14.99,14.99,171.86
2120,2024-01-28 16:24:29,Bulk,10,Smoked Sausage Links,Cowboy_Food,1,8.99,8.99,171.86
2120,2024-01-28 16:24:29,Bulk,5,Cornbread Mix,Cowboy_Food,1,3.49,3.49,171.86
2120,2024-01-28 16:24:29,Bulk,14,Work Gloves,Ranch_Supplies,1,6.99,6.99,171.86
2120,2024-01-28 16:24:29,Bulk,1,Chuckwagon Beans,Cowboy_Food,1,2.99,2.99,171.86
2121,2024-01-28 14:58:35,Regular,8,Hardtack Biscuits,Cowboy_Food,1,2.49,2.49,145.93
2121,2024-01-28 14:58:35,Regular,21,Red Bandana,Western_Apparel,1,4.99,4.99,145.93
2121,2024-01-28 14:58:35,Regular,15,Fence Wire (50ft),Ranch_Supplies,1,12.99,12.99,145.93
2121,2024-01-28 14:58:35,Regular,18,Branding Iron,Ranch_Supplies,1,24.99,24.99,145.93
2121,2024-01-28 14:58:35,Regular,20,Cowboy Boots,Western_Apparel,1,89.99,89.99,145.93
2121,2024-01-28 14:58:35,Regular,3,Smoky BBQ Sauce,Cowboy_Food,1,4.49,4.49,145.93
2121,2024-01-28 14:58:35,Regular,4,Trail Beef Jerky,Cowboy_Food,1,5.99,5.99,145.93
2122,2024-01-28 18:11:08,Regular,11,Lasso Rope,Ranch_Supplies,1,14.99,14.99,143.96
2122,2024-01-28 18:11:08,Regular,10,Smoked Sausage Links,Cowboy_Food,1,8.99,8.99,143.96
2122,2024-01-28 18:11:08,Regular,22,Flannel Shirt,Western_Apparel,1,29.99,29.99,143.96
2122,2024-01-28 18:11:08,Regular,20,Cowboy Boots,Western_Apparel,1,89.99,89.99,143.96
2123,2024-01-28 15:13:34,Regular,11,Lasso Rope,Ranch_Supplies,1,14.99,14.99,61.95
2123,2024-01-28 15:13:34,Regular,1,Chuckwagon Beans,Cowboy_Food,1,2.99,2.99,61.95
2123,2024-01-28 15:13:34,Regular,21,Red Bandana,Western_Apparel,1,4.99,4.99,61.95
2123,2024-01-28 15:13:34,Regular,19,Cowboy Hat,Western_Apparel,1,34.99,34.99,61.95
2123,2024-01-28 15:13:34,Regular,2,Campfire Chili,Cowboy_Food,1,3.99,3.99,61.95
2124,2024-01-28 18:20:12,Regular,4,Trail Beef Jerky,Cowboy_Food,1,5.99,5.99,170.92
2124,2024-01-28 18:20:12,Regular,13,Saddle Oil,Ranch_Supplies,2,9.99,19.98,170.92
2124,2024-01-28 18:20:12,Regular,5,Cornbread Mix,Cowboy_Food,1,3.49,3.49,170.92
2124,2024-01-28 18:20:12,Regular,17,Stock Tank Float,Ranch_Supplies,1,8.49,8.49,170.92
2124,2024-01-28 18:20:12,Regular,23,Leather Belt,Western_Apparel,1,19.99,19.99,170.92
2124,2024-01-28 18:20:12,Regular,25,Riding Spurs,Rodeo_Gear,1,22.99,22.99,170.92
2124,2024-01-28 18:20:12,Regular,20,Cowboy Boots,Western_Apparel,1,89.99,89.99,170.92
2125,2024-01-28 17:22:52,Casual,29,Leather Wallet,Leather_Goods,1,24.99,24.99,56.44
2125,2024-01-28 17:22:52,Casual,11,Lasso Rope,Ranch_Supplies,1,14.99,14.99,56.44
2125,2024-01-28 17:22:52,Casual,2,Campfire Chili,Cowboy_Food,1,3.99,3.99,56.44
2125,2024-01-28 17:22:52,Casual,5,Cornbread Mix,Cowboy_Food,1,3.49,3.49,56.44
2125,2024-01-28 17:22:52,Casual,16,Hay Bale Twine,Ranch_Supplies,1,5.99,5.99,56.44
2125,2024-01-28 17:22:52,Casual,1,Chuckwagon Beans,Cowboy_Food,1,2.99,2.99,56.44
2126,2024-01-28 17:40:17,Tourist,20,Cowboy Boots,Western_Apparel,1,89.99,89.99,154.97
2126,2024-01-28 17:40:17,Tourist,22,Flannel Shirt,Western_Apparel,1,29.99,29.99,154.97
2126,2024-01-28 17:40:17,Tourist,19,Cowboy Hat,Western_Apparel,1,34.99,34.99,154.97
2127,2024-01-28 16:52:18,Regular,15,Fence Wire (50ft),Ranch_Supplies,1,12.99,12.99,71.97
2127,2024-01-28 16:52:18,Regular,26,Rodeo Rope,Rodeo_Gear,1,18.99,18.99,71.97
2127,2024-01-28 16:52:18,Regular,24,Denim Vest,Western_Apparel,1,39.99,39.99,71.97
2128,2024-01-28 16:00:24,Regular,4,Trail Beef Jerky,Cowboy_Food,1,5.99,5.99,13.47
2128,2024-01-28 16:00:24,Regular,5,Cornbread Mix,Cowboy_Food,1,3.49,3.49,13.47
2128,2024-01-28 16:00:24,Regular,2,Campfire Chili,Cowboy_Food,1,3.99,3.99,13.47
2129,2024-01-28 15:34:21,Bulk,23,Leather Belt,Western_Apparel,1,19.99,19.99,19.99
2130,2024-01-28 15:41:35,Regular,20,Cowboy Boots,Western_Apparel,1,89.99,89.99,178.45
2130,2024-01-28 15:41:35,Regular,24,Denim Vest,Western_Apparel,1,39.99,39.99,178.45
2130,2024-01-28 15:41:35,Regular,7,Prairie Honey,Cowboy_Food,1,6.49,6.49,178.45
2130,2024-01-28 15:41:35,Regular,19,Cowboy Hat,Western_Apparel,1,34.99,34.99,178.45
2130,2024-01-28 15:41:35,Regular,14,Work Gloves,Ranch_Supplies,1,6.99,6.99,178.45
2131,2024-01-28 11:40:43,Bulk,6,Campfire Coffee,Cowboy_Food,1,7.99,7.99,105.94
2131,2024-01-28 11:40:43,Bulk,8,Hardtack Biscuits,Cowboy_Food,1,2.49,2.49,105.94
2131,2024-01-28 11:40:43,Bulk,26,Rodeo Rope,Rodeo_Gear,1,18.99,18.99,105.94
2131,2024-01-28 11:40:43,Bulk,28,Leather Saddlebag,Leather_Goods,1,59.99,59.99,105.94
2131,2024-01-28 11:40:43,Bulk,7,Prairie Honey,Cowboy_Food,1,6.49,6.49,105.94
2131,2024-01-28 11:40:43,Bulk,13,Saddle Oil,Ranch_Supplies,1,9.99,9.99,105.94
